Workbook

Sheet comparison
A1: country | B1: countrycode | C1: year | E1: info_share_va | F1: info_share_sales | G1: elgin et al (DGE) | H1: elgin et al (MIMIC) | I1: Averages
A2: Angola | B2: AGO | C2: 2010 | D2: =B2&C2 -> AGO2010 | E2: =VLOOKUP($D2,own_calc!$D$2:$AJ$320,31,FALSE) -> 0.12231276 | F2: =VLOOKUP($D2,own_calc!$D$2:$AJ$320,28,FALSE) -> 0.02488209 | G2: =VLOOKUP(B2,DGE_p!$B$1:$AE$157,MATCH(comparison!C2,DGE_p!$C$1:$AE$1,1)+1,FALSE)/100 -> 0.41350643 | H2: =VLOOKUP(B2,MIMIC_p!$B$1:$AE$159,MATCH(comparison!C2,MIMIC_p!$C$1:$AE$1,1)+1,FALSE)/100 -> 0.44137409 | I2: =AVERAGE(E2:E35) -> 0.35105191 | J2: =AVERAGE(F2:F35) -> 0.21285315 | K2: =AVERAGE(G2:G35) -> 0.33702271 | L2: =AVERAGE(H2:H35) -> 0.3971278
A3: Argentina | B3: ARG | C3: 2010 | D3: =B3&C3 -> ARG2010 | E3: =VLOOKUP($D3,own_calc!$D$2:$AJ$320,31,FALSE) -> 0.035579927 | F3: =VLOOKUP($D3,own_calc!$D$2:$AJ$320,28,FALSE) -> 0.023333161 | G3: =VLOOKUP(B3,DGE_p!$B$1:$AE$157,MATCH(comparison!C3,DGE_p!$C$1:$AE$1,1)+1,FALSE)/100 -> 0.22411331 | H3: =VLOOKUP(B3,MIMIC_p!$B$1:$AE$159,MATCH(comparison!C3,MIMIC_p!$C$1:$AE$1,1)+1,FALSE)/100 -> 0.24042017
A4: Bangladesh | B4: BGD | C4: 2022 | D4: =B4&C4 -> BGD2022 | E4: =VLOOKUP($D4,own_calc!$D$2:$AJ$320,31,FALSE) -> 0.52357959 | F4: =VLOOKUP($D4,own_calc!$D$2:$AJ$320,28,FALSE) -> 0.26861005 | G4: =VLOOKUP(B4,DGE_p!$B$1:$AE$157,MATCH(comparison!C4,DGE_p!$C$1:$AE$1,1)+1,FALSE)/100 -> 0.26998659 | H4: =VLOOKUP(B4,MIMIC_p!$B$1:$AE$159,MATCH(comparison!C4,MIMIC_p!$C$1:$AE$1,1)+1,FALSE)/100 -> 0.34653992
A5: Botswana | B5: BWA | C5: 2010 | D5: =B5&C5 -> BWA2010 | E5: =VLOOKUP($D5,own_calc!$D$2:$AJ$320,31,FALSE) -> 0.12178638 | F5: =VLOOKUP($D5,own_calc!$D$2:$AJ$320,28,FALSE) -> 0.028915207 | G5: =VLOOKUP(B5,DGE_p!$B$1:$AE$157,MATCH(comparison!C5,DGE_p!$C$1:$AE$1,1)+1,FALSE)/100 -> 0.29910166 | H5: =VLOOKUP(B5,MIMIC_p!$B$1:$AE$159,MATCH(comparison!C5,MIMIC_p!$C$1:$AE$1,1)+1,FALSE)/100 -> 0.31439714
A6: Burkina Faso | B6: BFA | C6: 2018 | D6: =B6&C6 -> BFA2018 | E6: =VLOOKUP($D6,own_calc!$D$2:$AJ$320,31,FALSE) -> 0.4954143 | F6: =VLOOKUP($D6,own_calc!$D$2:$AJ$320,28,FALSE) -> 0.37609783 | G6: =VLOOKUP(B6,DGE_p!$B$1:$AE$157,MATCH(comparison!C6,DGE_p!$C$1:$AE$1,1)+1,FALSE)/100 -> 0.31202633 | H6: =VLOOKUP(B6,MIMIC_p!$B$1:$AE$159,MATCH(comparison!C6,MIMIC_p!$C$1:$AE$1,1)+1,FALSE)/100 -> 0.38239151
A7: Cambodia | B7: KHM | C7: 2013 | D7: =B7&C7 -> KHM2013 | E7: =VLOOKUP($D7,own_calc!$D$2:$AJ$320,31,FALSE) -> 0.54846545 | F7: =VLOOKUP($D7,own_calc!$D$2:$AJ$320,28,FALSE) -> 0.48262216 | G7: =VLOOKUP(B7,DGE_p!$B$1:$AE$157,MATCH(comparison!C7,DGE_p!$C$1:$AE$1,1)+1,FALSE)/100 -> 0.40943939 | H7: =VLOOKUP(B7,MIMIC_p!$B$1:$AE$159,MATCH(comparison!C7,MIMIC_p!$C$1:$AE$1,1)+1,FALSE)/100 -> 0.46794094
A8: Cambodia | B8: KHM | C8: 2019 | D8: =B8&C8 -> KHM2019 | E8: =VLOOKUP($D8,own_calc!$D$2:$AJ$320,31,FALSE) -> 0.5002141 | F8: =VLOOKUP($D8,own_calc!$D$2:$AJ$320,28,FALSE) -> 0.43458821 | G8: =VLOOKUP(B8,DGE_p!$B$1:$AE$157,MATCH(comparison!C8,DGE_p!$C$1:$AE$1,1)+1,FALSE)/100 -> 0.36601799 | H8: =VLOOKUP(B8,MIMIC_p!$B$1:$AE$159,MATCH(comparison!C8,MIMIC_p!$C$1:$AE$1,1)+1,FALSE)/100 -> 0.43678635
A9: Cameroon | B9: CMR | C9: 2009 | D9: =B9&C9 -> CMR2009 | E9: =VLOOKUP($D9,own_calc!$D$2:$AJ$320,31,FALSE) -> 0.19846364 | F9: =VLOOKUP($D9,own_calc!$D$2:$AJ$320,28,FALSE) -> 0.21609705 | G9: =VLOOKUP(B9,DGE_p!$B$1:$AE$157,MATCH(comparison!C9,DGE_p!$C$1:$AE$1,1)+1,FALSE)/100 -> 0.30983761 | H9: =VLOOKUP(B9,MIMIC_p!$B$1:$AE$159,MATCH(comparison!C9,MIMIC_p!$C$1:$AE$1,1)+1,FALSE)/100 -> 0.32389271
A10: Cape Verde | B10: CPV | C10: 2015 | D10: =B10&C10 -> CPV2015 | E10: =VLOOKUP($D10,own_calc!$D$2:$AJ$320,31,FALSE) -> 0.66806526 | F10: =VLOOKUP($D10,own_calc!$D$2:$AJ$320,28,FALSE) -> 0.037074736 | G10: =VLOOKUP(B10,DGE_p!$B$1:$AE$157,MATCH(comparison!C10,DGE_p!$C$1:$AE$1,1)+1,FALSE)/100 -> 0.30136936 | H10: =VLOOKUP(B10,MIMIC_p!$B$1:$AE$159,MATCH(comparison!C10,MIMIC_p!$C$1:$AE$1,1)+1,FALSE)/100 -> 0.35509747
A11: Congo, The Democratic Republic of | B11: COD | C11: 2010 | D11: =B11&C11 -> COD2010 | E11: =VLOOKUP($D11,own_calc!$D$2:$AJ$320,31,FALSE) -> 0.033671933 | F11: =VLOOKUP($D11,own_calc!$D$2:$AJ$320,28,FALSE) -> 0.054994826 | G11: =VLOOKUP(B11,DGE_p!$B$1:$AE$157,MATCH(comparison!C11,DGE_p!$C$1:$AE$1,1)+1,FALSE)/100 -> 0.46193844 | H11: =VLOOKUP(B11,MIMIC_p!$B$1:$AE$159,MATCH(comparison!C11,MIMIC_p!$C$1:$AE$1,1)+1,FALSE)/100 -> 0.47893978
A12: Congo, The Democratic Republic of | B12: COD | C12: 2013 | D12: =B12&C12 -> COD2013 | E12: =VLOOKUP($D12,own_calc!$D$2:$AJ$320,31,FALSE) -> 0.029730324 | F12: =VLOOKUP($D12,own_calc!$D$2:$AJ$320,28,FALSE) -> 0.048682926 | G12: =VLOOKUP(B12,DGE_p!$B$1:$AE$157,MATCH(comparison!C12,DGE_p!$C$1:$AE$1,1)+1,FALSE)/100 -> 0.44063835 | H12: =VLOOKUP(B12,MIMIC_p!$B$1:$AE$159,MATCH(comparison!C12,MIMIC_p!$C$1:$AE$1,1)+1,FALSE)/100 -> 0.4664452
A13: Cote d'Ivoire | B13: CIV | C13: 2012 | D13: =B13&C13 -> CIV2012 | E13: =VLOOKUP($D13,own_calc!$D$2:$AJ$320,31,FALSE) -> 0.21956078 | F13: =VLOOKUP($D13,own_calc!$D$2:$AJ$320,28,FALSE) -> 0.19254695 | G13: =VLOOKUP(B13,DGE_p!$B$1:$AE$157,MATCH(comparison!C13,DGE_p!$C$1:$AE$1,1)+1,FALSE)/100 -> 0.46321083 | H13: =VLOOKUP(B13,MIMIC_p!$B$1:$AE$159,MATCH(comparison!C13,MIMIC_p!$C$1:$AE$1,1)+1,FALSE)/100 -> 0.43839478
A14: Egypt | B14: EGY | C14: 2013 | D14: =B14&C14 -> EGY2013 | E14: =VLOOKUP($D14,own_calc!$D$2:$AJ$320,31,FALSE) -> 0.21494947 | F14: =VLOOKUP($D14,own_calc!$D$2:$AJ$320,28,FALSE) -> 0.13717921 | G14: =VLOOKUP(B14,DGE_p!$B$1:$AE$157,MATCH(comparison!C14,DGE_p!$C$1:$AE$1,1)+1,FALSE)/100 -> 0.30862764 | H14: =VLOOKUP(B14,MIMIC_p!$B$1:$AE$159,MATCH(comparison!C14,MIMIC_p!$C$1:$AE$1,1)+1,FALSE)/100 -> 0.3481345
... A18: Indonesia | B18: IDN | C18: 2023 | D18: =B18&C18 -> IDN2023 | E18: =VLOOKUP($D18,own_calc!$D$2:$AJ$320,31,FALSE) -> 0.15784341 | F18: =VLOOKUP($D18,own_calc!$D$2:$AJ$320,28,FALSE) -> 0.097246274 | G18: =VLOOKUP(B18,DGE_p!$B$1:$AE$157,MATCH(comparison!C18,DGE_p!$C$1:$AE$1,1)+1,FALSE)/100 -> 0.15284904 | H18: =VLOOKUP(B18,MIMIC_p!$B$1:$AE$159,MATCH(comparison!C18,MIMIC_p!$C$1:$AE$1,1)+1,FALSE)/100 -> 0.17884134
A19: Iraq | B19: IRQ | C19: 2021 | D19: =B19&C19 -> IRQ2021 | E19: =VLOOKUP($D19,own_calc!$D$2:$AJ$320,31,FALSE) -> 0.14835364 | F19: =VLOOKUP($D19,own_calc!$D$2:$AJ$320,28,FALSE) -> 0.30049054
A20: Kenya | B20: KEN | C20: 2019 | D20: =B20&C20 -> KEN2019 | E20: =VLOOKUP($D20,own_calc!$D$2:$AJ$320,31,FALSE) -> 0.14127036 | F20: =VLOOKUP($D20,own_calc!$D$2:$AJ$320,28,FALSE) -> 0.11003411 | G20: =VLOOKUP(B20,DGE_p!$B$1:$AE$157,MATCH(comparison!C20,DGE_p!$C$1:$AE$1,1)+1,FALSE)/100 -> 0.26018297 | H20: =VLOOKUP(B20,MIMIC_p!$B$1:$AE$159,MATCH(comparison!C20,MIMIC_p!$C$1:$AE$1,1)+1,FALSE)/100 -> 0.2920505
A21: Lao, People's Democratic Republic | B21: LAO | C21: 2018 | D21: =B21&C21 -> LAO2018 | E21: =VLOOKUP($D21,own_calc!$D$2:$AJ$320,31,FALSE) -> 0.71635721 | F21: =VLOOKUP($D21,own_calc!$D$2:$AJ$320,28,FALSE) -> 0.34198965 | G21: =VLOOKUP(B21,DGE_p!$B$1:$AE$157,MATCH(comparison!C21,DGE_p!$C$1:$AE$1,1)+1,FALSE)/100 -> 0 | H21: =VLOOKUP(B21,MIMIC_p!$B$1:$AE$159,MATCH(comparison!C21,MIMIC_p!$C$1:$AE$1,1)+1,FALSE)/100 -> 0.27923811
A22: Madagascar | B22: MDG | C22: 2012 | D22: =B22&C22 -> MDG2012 | E22: =VLOOKUP($D22,own_calc!$D$2:$AJ$320,31,FALSE) -> 0.81295462 | F22: =VLOOKUP($D22,own_calc!$D$2:$AJ$320,28,FALSE) -> 0.4737096 | G22: =VLOOKUP(B22,DGE_p!$B$1:$AE$157,MATCH(comparison!C22,DGE_p!$C$1:$AE$1,1)+1,FALSE)/100 -> 0.36904438 | H22: =VLOOKUP(B22,MIMIC_p!$B$1:$AE$159,MATCH(comparison!C22,MIMIC_p!$C$1:$AE$1,1)+1,FALSE)/100 -> 0.43445541
A23: Mali | B23: MLI | C23: 2013 | D23: =B23&C23 -> MLI2013 | E23: =VLOOKUP($D23,own_calc!$D$2:$AJ$320,31,FALSE) -> 0.79154988 | F23: =VLOOKUP($D23,own_calc!$D$2:$AJ$320,28,FALSE) -> 0.18187431 | G23: =VLOOKUP(B23,DGE_p!$B$1:$AE$157,MATCH(comparison!C23,DGE_p!$C$1:$AE$1,1)+1,FALSE)/100 -> 0.3684343 | H23: =VLOOKUP(B23,MIMIC_p!$B$1:$AE$159,MATCH(comparison!C23,MIMIC_p!$C$1:$AE$1,1)+1,FALSE)/100 -> 0.4040295
A24: Mauritius | B24: MUS | C24: 2012 | D24: =B24&C24 -> MUS2012 | E24: =VLOOKUP($D24,own_calc!$D$2:$AJ$320,31,FALSE) -> 0.16606888 | F24: =VLOOKUP($D24,own_calc!$D$2:$AJ$320,28,FALSE) -> 0.054843007 | G24: =VLOOKUP(B24,DGE_p!$B$1:$AE$157,MATCH(comparison!C24,DGE_p!$C$1:$AE$1,1)+1,FALSE)/100 -> 0.20693905 | H24: =VLOOKUP(B24,MIMIC_p!$B$1:$AE$159,MATCH(comparison!C24,MIMIC_p!$C$1:$AE$1,1)+1,FALSE)/100 -> 0.2141119
A25: Mozambique | B25: MOZ | C25: 2015 | D25: =B25&C25 -> MOZ2015 | E25: =VLOOKUP($D25,own_calc!$D$2:$AJ$320,31,FALSE) -> 0.30448887 | F25: =VLOOKUP($D25,own_calc!$D$2:$AJ$320,28,FALSE) -> 0.21455629 | G25: =VLOOKUP(B25,DGE_p!$B$1:$AE$157,MATCH(comparison!C25,DGE_p!$C$1:$AE$1,1)+1,FALSE)/100 -> 0.27210936 | H25: =VLOOKUP(B25,MIMIC_p!$B$1:$AE$159,MATCH(comparison!C25,MIMIC_p!$C$1:$AE$1,1)+1,FALSE)/100 -> 0.38705368
A26: Myanmar | B26: MMR | C26: 2015 | D26: =B26&C26 -> MMR2015 | E26: =VLOOKUP($D26,own_calc!$D$2:$AJ$320,31,FALSE) -> 0.78400305 | F26: =VLOOKUP($D26,own_calc!$D$2:$AJ$320,28,FALSE) -> 0.64329088 | G26: =VLOOKUP(B26,DGE_p!$B$1:$AE$157,MATCH(comparison!C26,DGE_p!$C$1:$AE$1,1)+1,FALSE)/100 -> 0.2686261 | H26: =VLOOKUP(B26,MIMIC_p!$B$1:$AE$159,MATCH(comparison!C26,MIMIC_p!$C$1:$AE$1,1)+1,FALSE)/100 -> 0.49254505
A27: Nepal | B27: NPL | C27: 2009 | D27: =B27&C27 -> NPL2009 | E27: =VLOOKUP($D27,own_calc!$D$2:$AJ$320,31,FALSE) -> 0.86413889 | F27: =VLOOKUP($D27,own_calc!$D$2:$AJ$320,28,FALSE) -> 0.58056877 | G27: =VLOOKUP(B27,DGE_p!$B$1:$AE$157,MATCH(comparison!C27,DGE_p!$C$1:$AE$1,1)+1,FALSE)/100 -> 0.35334187 | H27: =VLOOKUP(B27,MIMIC_p!$B$1:$AE$159,MATCH(comparison!C27,MIMIC_p!$C$1:$AE$1,1)+1,FALSE)/100 -> 0.37361073
A28: Niger | B28: NER | C28: 2011 | D28: =B28&C28 -> NER2011 | E28: =VLOOKUP($D28,own_calc!$D$2:$AJ$320,31,FALSE) -> 0.595629 | F28: =VLOOKUP($D28,own_calc!$D$2:$AJ$320,28,FALSE) -> 0.13843303 | G28: =VLOOKUP(B28,DGE_p!$B$1:$AE$157,MATCH(comparison!C28,DGE_p!$C$1:$AE$1,1)+1,FALSE)/100 -> 0.37772305 | H28: =VLOOKUP(B28,MIMIC_p!$B$1:$AE$159,MATCH(comparison!C28,MIMIC_p!$C$1:$AE$1,1)+1,FALSE)/100 -> 0.41909424
A29: Peru | B29: PER | C29: 2010 | D29: =B29&C29 -> PER2010 | E29: =VLOOKUP($D29,own_calc!$D$2:$AJ$320,31,FALSE) -> 0.1689296 | F29: =VLOOKUP($D29,own_calc!$D$2:$AJ$320,28,FALSE) -> 0.081956969 | G29: =VLOOKUP(B29,DGE_p!$B$1:$AE$157,MATCH(comparison!C29,DGE_p!$C$1:$AE$1,1)+1,FALSE)/100 -> 0.51036484 | H29: =VLOOKUP(B29,MIMIC_p!$B$1:$AE$159,MATCH(comparison!C29,MIMIC_p!$C$1:$AE$1,1)+1,FALSE)/100 -> 0.55723663
A30: Peru | B30: PER | C30: 2022 | D30: =B30&C30 -> PER2022 | E30: =VLOOKUP($D30,own_calc!$D$2:$AJ$320,31,FALSE) -> 0.065555061 | F30: =VLOOKUP($D30,own_calc!$D$2:$AJ$320,28,FALSE) -> 0.029890166 | G30: =VLOOKUP(B30,DGE_p!$B$1:$AE$157,MATCH(comparison!C30,DGE_p!$C$1:$AE$1,1)+1,FALSE)/100 -> 0.4479068 | H30: =VLOOKUP(B30,MIMIC_p!$B$1:$AE$159,MATCH(comparison!C30,MIMIC_p!$C$1:$AE$1,1)+1,FALSE)/100 -> 0.56624565
A31: Rwanda | B31: RWA | C31: 2017 | D31: =B31&C31 -> RWA2017 | E31: =VLOOKUP($D31,own_calc!$D$2:$AJ$320,31,FALSE) -> 0.27509799 | F31: =VLOOKUP($D31,own_calc!$D$2:$AJ$320,28,FALSE) -> 0.12127575 | G31: =VLOOKUP(B31,DGE_p!$B$1:$AE$157,MATCH(comparison!C31,DGE_p!$C$1:$AE$1,1)+1,FALSE)/100 -> 0.2876615 | H31: =VLOOKUP(B31,MIMIC_p!$B$1:$AE$159,MATCH(comparison!C31,MIMIC_p!$C$1:$AE$1,1)+1,FALSE)/100 -> 0.35111095
A32: Sudan | B32: SDN | C32: 2022 | D32: =B32&C32 -> SDN2022 | E32: =VLOOKUP($D32,own_calc!$D$2:$AJ$320,31,FALSE) -> 0.24578343 | F32: =VLOOKUP($D32,own_calc!$D$2:$AJ$320,28,FALSE) -> 0.00069332862 | G32: =VLOOKUP(B32,DGE_p!$B$1:$AE$157,MATCH(comparison!C32,DGE_p!$C$1:$AE$1,1)+1,FALSE)/100 -> 0.19342119
A33: Tanzania, United Republic of | B33: TZA | C33: 2020 | D33: =B33&C33 -> TZA2020 | E33: =VLOOKUP($D33,own_calc!$D$2:$AJ$320,31,FALSE) -> 0.64183116 | F33: =VLOOKUP($D33,own_calc!$D$2:$AJ$320,28,FALSE) -> 0.58025326 | G33: =VLOOKUP(B33,DGE_p!$B$1:$AE$157,MATCH(comparison!C33,DGE_p!$C$1:$AE$1,1)+1,FALSE)/100 -> 0.42647057 | H33: =VLOOKUP(B33,MIMIC_p!$B$1:$AE$159,MATCH(comparison!C33,MIMIC_p!$C$1:$AE$1,1)+1,FALSE)/100 -> 0.54100403
A34: Zambia | B34: ZMB | C34: 2019 | D34: =B34&C34 -> ZMB2019 | E34: =VLOOKUP($D34,own_calc!$D$2:$AJ$320,31,FALSE) -> 0.28804482 | F34: =VLOOKUP($D34,own_calc!$D$2:$AJ$320,28,FALSE) -> 0.093139702 | G34: =VLOOKUP(B34,DGE_p!$B$1:$AE$157,MATCH(comparison!C34,DGE_p!$C$1:$AE$1,1)+1,FALSE)/100 -> 0.39798908 | H34: =VLOOKUP(B34,MIMIC_p!$B$1:$AE$159,MATCH(comparison!C34,MIMIC_p!$C$1:$AE$1,1)+1,FALSE)/100 -> 0.46224049
A35: Zimbabwe | B35: ZWE | C35: 2016 | D35: =B35&C35 -> ZWE2016 | E35: =VLOOKUP($D35,own_calc!$D$2:$AJ$320,31,FALSE) -> 0.23257686 | F35: =VLOOKUP($D35,own_calc!$D$2:$AJ$320,28,FALSE) -> 0.3058235 | G35: =VLOOKUP(B35,DGE_p!$B$1:$AE$157,MATCH(comparison!C35,DGE_p!$C$1:$AE$1,1)+1,FALSE)/100 -> 0.63189762 | H35: =VLOOKUP(B35,MIMIC_p!$B$1:$AE$159,MATCH(comparison!C35,MIMIC_p!$C$1:$AE$1,1)+1,FALSE)/100 -> 0.59994133

Sheet DGE_p
A1: Economy | B1: Code | C1: 1990 | D1: 1991 | E1: 1992 | F1: 1993 | G1: 1994 | H1: 1995 | I1: 1996 | J1: 1997 | K1: 1998 | L1: 1999 | M1: 2000 | N1: 2001 | O1: 2002 | P1: 2003 | Q1: 2004 | R1: 2005 | S1: 2006 | T1: 2007 | U1: 2008 | V1: 2009 | W1: 2010 | X1: 2011 | Y1: 2012 | Z1: 2013 | AA1: 2014 | AB1: 2015 | AC1: 2016 | AD1: 2017 | AE1: 2018 | AG1: avg 2005-2015
A2: Albania | B2: ALB | C2: 36.205364 | D2: 35.997807 | E2: 34.999146 | F2: 35.049511 | G2: 35.42675 | H2: 35.058449 | I2: 34.621914 | J2: 33.991074 | K2: 33.554165 | L2: 33.908962 | M2: 34.238525 | N2: 34.112099 | O2: 34.013187 | P2: 34.009563 | Q2: 33.790798 | R2: 33.603615 | S2: 33.305096 | T2: 32.900143 | U2: 32.241131 | V2: 31.42392 | W2: 31.049883 | X2: 30.881023 | Y2: 30.871901 | Z2: 30.445469 | AA2: 30.318991 | AB2: 30.50251 | AC2: 30.69953 | AD2: 30.708265 | AE2: 30.437105 | AG2: =AVERAGE($R2:$AB2) -> 31.59488
A3: Algeria | B3: DZA | C3: 29.969116 | D3: 29.916943 | E3: 29.884853 | F3: 29.829243 | G3: 29.822683 | H3: 30.067387 | I3: 30.239305 | J3: 30.240721 | K3: 30.340803 | L3: 30.356846 | M3: 30.579885 | N3: 30.722147 | O3: 30.743202 | P3: 30.419153 | Q3: 31.21817 | R3: 31.344526 | S3: 31.700745 | T3: 31.201611 | U3: 31.092617 | V3: 30.61553 | W3: 30.480278 | X3: 29.916107 | Y3: 29.825583 | Z3: 29.697721 | AA3: 28.966862 | AB3: 28.605795 | AC3: 28.34787 | AD3: 28.090626 | AE3: 27.907875 | AG3: =AVERAGE($R3:$AB3) -> 30.313398
A4: Angola | B4: AGO | C4: 42.032562 | D4: 41.262264 | E4: 41.184803 | F4: 41.579483 | G4: 41.12796 | H4: 40.200756 | I4: 40.757286 | J4: 39.612217 | K4: 40.025669 | L4: 38.995441 | M4: 39.755108 | N4: 40.571007 | O4: 40.93816 | P4: 41.197376 | Q4: 41.49712 | R4: 41.892601 | S4: 42.141041 | T4: 42.104332 | U4: 41.841858 | V4: 41.295341 | W4: 41.350643 | X4: 41.083103 | Y4: 40.68718 | Z4: 40.049431 | AA4: 39.816345 | AB4: 39.391537 | AC4: 39.207199 | AD4: 39.161381 | AE4: 39.174072 | AG4: =AVERAGE($R4:$AB4) -> 41.059401
A5: Argentina | B5: ARG | C5: 24.348072 | D5: 24.460047 | E5: 24.316475 | F5: 23.949341 | G5: 23.805737 | H5: 23.340496 | I5: 23.018152 | J5: 23.223078 | K5: 23.203182 | L5: 23.084187 | M5: 23.000473 | N5: 22.860527 | O5: 22.686539 | P5: 22.924101 | Q5: 23.152037 | R5: 23.175035 | S5: 23.173586 | T5: 23.000641 | U5: 22.761007 | V5: 22.56385 | W5: 22.411331 | X5: 22.221504 | Y5: 22.056883 | Z5: 21.839558 | AA5: 21.622149 | AB5: 21.495525 | AC5: 21.327438 | AD5: 21.18718 | AE5: 21.145267 | AG5: =AVERAGE($R5:$AB5) -> 22.392825
A6: Armenia | B6: ARM | C6: 43.546524 | D6: 42.666599 | E6: 42.600899 | F6: 43.518177 | G6: 45.792004 | H6: 45.862804 | I6: 46.201385 | J6: 46.896111 | K6: 46.922569 | L6: 46.993225 | M6: 46.882259 | N6: 46.773983 | O6: 45.49472 | P6: 45.070461 | Q6: 44.289856 | R6: 43.571857 | S6: 42.315376 | T6: 41.100563 | U6: 39.944286 | V6: 38.871475 | W6: 38.238056 | X6: 37.617188 | Y6: 37.416019 | Z6: 37.098522 | AA6: 36.771603 | AB6: 36.105789 | AC6: 35.550232 | AD6: 35.33268 | AG6: =AVERAGE($R6:$AB6) -> 39.004612
A7: Australia | B7: AUS | C7: 15.244408 | D7: 15.061095 | E7: 14.935771 | F7: 14.82589 | G7: 14.76512 | H7: 14.723909 | I7: 14.626008 | J7: 14.481968 | K7: 14.371072 | L7: 14.262671 | M7: 14.215001 | N7: 14.114329 | O7: 14.011227 | P7: 13.898851 | Q7: 13.778003 | R7: 13.702364 | S7: 13.596591 | T7: 13.499954 | U7: 13.407648 | V7: 13.272465 | W7: 13.199358 | X7: 13.084046 | Y7: 12.957984 | Z7: 12.848927 | AA7: 12.761232 | AB7: 12.694539 | AC7: 12.638254 | AD7: 12.583068 | AE7: 12.527935 | AG7: =AVERAGE($R7:$AB7) -> 13.184101
A8: Austria | B8: AUT | C8: 10.544946 | D8: 10.459683 | E8: 10.362458 | F8: 10.262081 | G8: 10.179858 | H8: 10.100736 | I8: 10.030376 | J8: 9.9541836 | K8: 9.8871517 | L8: 9.8360147 | M8: 9.7789268 | N8: 9.7156372 | O8: 9.6566792 | P8: 9.6159573 | Q8: 9.5739574 | R8: 9.5441885 | S8: 9.516573 | T8: 9.5001764 | U8: 9.4587898 | V8: 9.3980637 | W8: 9.387991 | X8: 9.3865356 | Y8: 9.3700151 | Z8: 9.3452845 | AA8: 9.350009 | AB8: 9.317729 | AC8: 9.284831 | AD8: 9.2615881 | AE8: 9.2427692 | AG8: =AVERAGE($R8:$AB8) -> 9.4159414
A9: Azerbaijan | B9: AZE | C9: 48.41296 | D9: 49.851406 | E9: 49.52026 | F9: 51.859177 | G9: 56.227505 | H9: 59.337116 | I9: 59.609421 | J9: 59.743492 | K9: 60.283493 | L9: 60.64962 | M9: 60.770004 | N9: 60.518257 | O9: 59.388565 | P9: 57.314213 | Q9: 55.684425 | R9: 54.652458 | S9: 53.280342 | T9: 52.000141 | U9: 50.403042 | V9: 49.168171 | W9: 47.952862 | X9: 46.242271 | Y9: 44.987003 | Z9: 43.483986 | AA9: 42.113556 | AB9: 40.968712 | AC9: 40.378605 | AD9: 39.859467 | AE9: 39.469986 | AG9: =AVERAGE($R9:$AB9) -> 47.750231
A10: Bahamas, The | B10: BHS | C10: 30.808374 | D10: 30.365664 | E10: 30.106243 | F10: 30.199915 | G10: 29.90337 | H10: 29.806984 | I10: 29.566628 | J10: 29.116838 | K10: 28.791508 | L10: 28.401459 | M10: 27.936047 | N10: 27.67309 | O10: 27.441278 | P10: 27.20505 | Q10: 27.086575 | R10: 26.796515 | S10: 26.468355 | T10: 26.200542 | U10: 25.902288 | V10: 25.590897 | W10: 25.483692 | X10: 25.255352 | Y10: 25.124922 | Z10: 24.801674 | AA10: 24.767082 | AB10: 24.771572 | AC10: 24.635792 | AD10: 24.522751 | AG10: =AVERAGE($R10:$AB10) -> 25.560263
A11: Bahrain | B11: BHR | C11: 17.059486 | D11: 16.927078 | E11: 16.725899 | F11: 16.596649 | G11: 16.486298 | H11: 16.424906 | I11: 16.318382 | J11: 16.272091 | K11: 16.094109 | L11: 16.341745 | M11: 16.455021 | N11: 16.455332 | O11: 16.515749 | P11: 16.532934 | Q11: 16.76293 | R11: 17.100025 | S11: 16.963276 | T11: 16.741926 | U11: 17.071676 | V11: 16.792336 | W11: 16.653646 | X11: 16.473623 | Y11: 16.240223 | Z11: 15.952136 | AA11: 15.629813 | AB11: 15.553808 | AC11: 15.524117 | AD11: 15.284875 | AE11: 15.232141 | AG11: =AVERAGE($R11:$AB11) -> 16.470226
A12: Bangladesh | B12: BGD | C12: 42.95211 | D12: 42.664642 | E12: 42.45015 | F12: 42.107204 | G12: 41.800095 | H12: 41.484585 | I12: 41.130989 | J12: 40.773449 | K12: 40.172474 | L12: 39.560257 | M12: 38.955914 | N12: 38.389839 | O12: 37.765057 | P12: 37.09893 | Q12: 36.318214 | R12: 35.509972 | S12: 34.688599 | T12: 34.100784 | U12: 33.480824 | V12: 32.828964 | W12: 32.177204 | X12: 31.500191 | Y12: 30.899021 | Z12: 30.204218 | AA12: 29.5326 | AB12: 28.897316 | AC12: 28.256935 | AD12: 27.631273 | AE12: 26.998659 | AG12: =AVERAGE($R12:$AB12) -> 32.165427
A13: Barbados | B13: BRB | C13: 27.257252 | D13: 26.745813 | E13: 26.592169 | F13: 26.418327 | G13: 26.854389 | H13: 26.656822 | I13: 26.797005 | J13: 26.614597 | K13: 26.373943 | L13: 26.205805 | M13: 26.090532 | N13: 25.695164 | O13: 25.820341 | P13: 25.400028 | Q13: 25.323406 | R13: 25.132286 | S13: 24.697495 | T13: 24.499954 | U13: 24.168461 | V13: 23.806005 | W13: 23.814163 | X13: 23.606796 | Y13: 23.605207 | Z13: 23.500889 | AA13: 23.454325 | AB13: 23.537182 | AC13: 23.611942 | AD13: 23.663586 | AE13: 23.72175 | AG13: =AVERAGE($R13:$AB13) -> 23.983888
A14: Belarus | B14: BLR | C14: 44.36388 | D14: 43.866821 | E14: 43.854977 | F14: 44.071995 | G14: 43.010296 | H14: 42.561867 | I14: 42.91106 | J14: 43.546661 | K14: 43.767567 | L14: 43.947906 | M14: 44.281651 | N14: 44.306721 | O14: 44.415421 | P14: 44.384476 | Q14: 44.32053 | R14: 44.27037 | S14: 43.857151 | T14: 43.300365 | U14: 42.71347 | V14: 41.820137 | W14: 40.916435 | X14: 39.954174 | Y14: 39.573814 | Z14: 39.15316 | AA14: 38.735535 | AB14: 38.361256 | AC14: 38.011654 | AD14: 37.749626 | AE14: 37.454849 | AG14: =AVERAGE($R14:$AB14) -> 41.150534
A15: Belgium | B15: BEL | C15: 22.945543 | D15: 22.792948 | E15: 22.647985 | F15: 22.495502 | G15: 22.371479 | H15: 22.324093 | I15: 22.211817 | J15: 22.081999 | K15: 22.005472 | L15: 21.922796 | M15: 21.84734 | N15: 21.74255 | O15: 21.611916 | P15: 21.535511 | Q15: 21.542747 | R15: 21.488173 | S15: 21.378532 | T15: 21.301054 | U15: 21.184193 | V15: 21.050579 | W15: 20.99044 | X15: 20.906097 | Y15: 20.821095 | Z15: 20.731125 | AA15: 20.664415 | AB15: 20.617481 | AC15: 20.576616 | AD15: 20.51601 | AE15: 20.431688 | AG15: =AVERAGE($R15:$AB15) -> 21.012108
A16: Belize | B16: BLZ | C16: 46.856544 | D16: 45.879032 | E16: 43.849052 | F16: 43.4277 | G16: 42.965351 | H16: 42.727489 | I16: 42.430626 | J16: 42.56422 | K16: 42.634491 | L16: 42.715614 | M16: 42.28643 | N16: 41.946079 | O16: 41.470837 | P16: 41.619389 | Q16: 41.770378 | R16: 41.642128 | S16: 41.848312 | T16: 42.000206 | U16: 41.56311 | V16: 41.480591 | W16: 41.664883 | X16: 41.910175 | Y16: 41.824581 | Z16: 41.798203 | AA16: 41.460419 | AB16: 41.01638 | AC16: 40.745407 | AD16: 39.975842 | AG16: =AVERAGE($R16:$AB16) -> 41.655363
A17: Benin | B17: BEN | C17: 48.71286 | D17: 49.178192 | E17: 49.48745 | F17: 49.769852 | G17: 49.948307 | H17: 49.880215 | I17: 50.052326 | J17: 50.030415 | K17: 49.963829 | L17: 49.934212 | M17: 49.934093 | N17: 49.736233 | O17: 49.686535 | P17: 49.444447 | Q17: 49.360538 | R17: 49.285549 | S17: 49.247334 | T17: 49.100082 | U17: 48.776783 | V17: 48.445538 | W17: 48.209648 | X17: 47.778683 | Y17: 47.507172 | Z17: 46.858826 | AA17: 46.483707 | AB17: 45.999615 | AC17: 45.690987 | AD17: 45.347534 | AG17: =AVERAGE($R17:$AB17) -> 47.972085
A18: Bhutan | B18: BTN | C18: 37.508007 | D18: 37.385643 | E18: 36.575935 | F18: 35.412674 | G18: 34.657684 | H18: 33.511395 | I18: 32.7924 | J18: 32.342957 | K18: 32.157455 | L18: 31.967968 | M18: 30.851597 | N18: 30.119169 | O18: 29.593489 | P18: 29.007727 | Q18: 28.537146 | R18: 27.55928 | S18: 27.618519 | T18: 27.702709 | U18: 27.694078 | V18: 27.202606 | W18: 26.533531 | X18: 25.754595 | Y18: 24.946692 | Z18: 24.937002 | AA18: 24.390015 | AB18: 24.108498 | AC18: 23.692278 | AD18: 23.212225 | AG18: =AVERAGE($R18:$AB18) -> 26.222502
A19: Bolivia | B19: BOL | C19: 67.66375 | D19: 67.477654 | E19: 66.916595 | F19: 66.387787 | G19: 66.450714 | H19: 65.968307 | I19: 65.565666 | J19: 65.021095 | K19: 63.959534 | L19: 63.419502 | M19: 63.283432 | N19: 63.417454 | O19: 63.389301 | P19: 63.396126 | Q19: 63.948708 | R19: 63.77713 | S19: 63.720955 | T19: 63.500099 | U19: 63.21777 | V19: 62.57193 | W19: 62.297707 | X19: 61.405884 | Y19: 60.071087 | Z19: 59.077625 | AA19: 58.322655 | AB19: 56.493515 | AC19: 55.710876 | AD19: 54.768753 | AE19: 53.825726 | AG19: =AVERAGE($R19:$AB19) -> 61.314214
A20: Bosnia and Herzegovina | B20: BIH | C20: 47.675121 | D20: 48.774036 | E20: 47.455086 | F20: 50.015076 | G20: 50.16188 | H20: 50.050102 | I20: 47.806061 | J20: 44.981079 | K20: 42.51305 | L20: 40.544361 | M20: 39.086781 | N20: 38.080944 | O20: 37.031097 | P20: 35.892284 | Q20: 34.954281 | R20: 34.037945 | S20: 33.301701 | T20: 32.800629 | U20: 32.161545 | V20: 31.379128 | W20: 30.894014 | X20: 30.303595 | Y20: 29.950279 | Z20: 29.755821 | AA20: 29.30991 | AB20: 29.088318 | AC20: 28.67528 | AD20: 28.477617 | AE20: 28.149969 | AG20: =AVERAGE($R20:$AB20) -> 31.180262
A21: Botswana | B21: BWA | C21: 40.517189 | D21: 40.006645 | E21: 39.112778 | F21: 38.386875 | G21: 37.661823 | H21: 37.338226 | I21: 36.22403 | J21: 36.538963 | K21: 35.53233 | L21: 35.408695 | M21: 34.630714 | N21: 33.686943 | O21: 33.711655 | P21: 32.566307 | Q21: 32.608757 | R21: 32.49432 | S21: 31.893238 | T21: 31.901402 | U21: 31.376865 | V21: 30.77681 | W21: 29.910166 | X21: 29.790371 | Y21: 29.264757 | Z21: 28.774374 | AA21: 28.193695 | AB21: 27.675236 | AC21: 27.194241 | AD21: 26.827049 | AG21: =AVERAGE($R21:$AB21) -> 30.186476
A22: Brazil | B22: BRA | C22: 38.83725 | D22: 38.496964 | E22: 38.099743 | F22: 37.727962 | G22: 37.249355 | H22: 36.654919 | I22: 35.693657 | J22: 35.78199 | K22: 35.58289 | L22: 35.85989 | M22: 36.015575 | N22: 35.906792 | O22: 36.033073 | P22: 36.023487 | Q22: 36.226128 | R22: 36.279827 | S22: 36.209248 | T22: 36.004292 | U22: 35.742767 | V22: 35.421604 | W22: 35.14278 | X22: 34.814896 | Y22: 34.474094 | Z22: 34.143326 | AA22: 33.952003 | AB22: 33.738918 | AC22: 33.469604 | AD22: 33.369141 | AE22: 33.369675 | AG22: =AVERAGE($R22:$AB22) -> 35.083978
A23: Brunei Darussalam | B23: BRN | C23: 33.114754 | D23: 32.762238 | E23: 32.957329 | F23: 32.350433 | G23: 31.958139 | H23: 31.514389 | I23: 30.991291 | J23: 30.440798 | K23: 30.195852 | L23: 30.501089 | M23: 30.899599 | N23: 30.72374 | O23: 30.816082 | P23: 31.042437 | Q23: 31.177187 | R23: 31.448475 | S23: 31.47654 | T23: 31.20093 | U23: 31.124874 | V23: 30.651691 | W23: 30.593256 | X23: 30.604809 | Y23: 30.045357 | Z23: 29.353085 | AA23: 28.988111 | AB23: 28.560213 | AC23: 28.366333 | AD23: 28.126997 | AG23: =AVERAGE($R23:$AB23) -> 30.36794
A24: Bulgaria | B24: BGR | C24: 39.182384 | D24: 38.958534 | E24: 39.026669 | F24: 38.813381 | G24: 39.372112 | H24: 39.59407 | I24: 40.5956 | J24: 39.988472 | K24: 39.236565 | L24: 38.384087 | M24: 37.539318 | N24: 36.715092 | O24: 36.061207 | P24: 35.41597 | Q24: 34.9231 | R24: 34.307049 | S24: 33.478436 | T24: 32.700512 | U24: 31.587261 | V24: 30.84243 | W24: 30.174355 | X24: 29.825583 | Y24: 29.436537 | Z24: 29.05941 | AA24: 28.863358 | AB24: 28.642199 | AC24: 28.509586 | AD24: 28.29052 | AE24: 27.84833 | AG24: =AVERAGE($R24:$AB24) -> 30.810648
A25: Burkina Faso | B25: BFA | C25: 49.224998 | D25: 48.576691 | E25: 47.963905 | F25: 47.539986 | G25: 46.543362 | H25: 46.147785 | I25: 45.713547 | J25: 45.123302 | K25: 44.561222 | L25: 44.346985 | M25: 43.77776 | N25: 43.242165 | O25: 42.759796 | P25: 42.236492 | Q25: 41.618301 | R25: 40.918411 | S25: 40.374088 | T25: 39.600021 | U25: 38.964077 | V25: 38.176846 | W25: 37.266392 | X25: 36.167015 | Y25: 35.034637 | Z25: 33.955555 | AA25: 33.212013 | AB25: 32.638618 | AC25: 32.003525 | AD25: 31.639021 | AE25: 31.202633 | AG25: =AVERAGE($R25:$AB25) -> 36.937061
A26: Burundi | B26: BDI | C26: 39.916046 | D26: 40.003864 | E26: 39.987774 | F26: 39.910984 | G26: 40.240879 | H26: 40.354836 | I26: 40.389015 | J26: 40.501099 | K26: 40.54488 | L26: 40.180702 | M26: 39.909676 | N26: 39.887794 | O26: 40.118584 | P26: 39.970367 | Q26: 39.590538 | R26: 39.405449 | S26: 39.571907 | T26: 39.600975 | U26: 39.391258 | V26: 39.209633 | W26: 38.724407 | X26: 38.423321 | Y26: 37.873348 | Z26: 37.301571 | AA26: 36.960056 | AB26: 36.829334 | AC26: 36.618176 | AD26: 36.633827 | AG26: =AVERAGE($R26:$AB26) -> 38.481024
A27: Cabo Verde | B27: CPV | C27: 39.474937 | D27: 39.278534 | E27: 39.001266 | F27: 38.72332 | G27: 38.445366 | H27: 37.984119 | I27: 37.867821 | J27: 37.396057 | K27: 37.265045 | L27: 36.839832 | M27: 36.871109 | N27: 36.470943 | O27: 36.01886 | P27: 35.554199 | Q27: 35.045185 | R27: 34.555908 | S27: 34.166882 | T27: 33.400978 | U27: 32.753857 | V27: 32.20916 | W27: 31.6059 | X27: 31.037764 | Y27: 30.813725 | Z27: 30.581778 | AA27: 30.266798 | AB27: 30.136936 | AC27: 30.035601 | AD27: 29.907257 | AG27: =AVERAGE($R27:$AB27) -> 31.957244
A28: Cambodia | B28: KHM | C28: 54.448174 | D28: 54.436195 | E28: 54.348396 | F28: 54.207115 | G28: 53.766678 | H28: 53.636124 | I28: 53.247417 | J28: 52.975227 | K28: 52.9105 | L28: 52.282055 | M28: 51.429932 | N28: 50.988503 | O28: 49.687981 | P28: 48.867737 | Q28: 48.260567 | R28: 47.559456 | S28: 46.886913 | T28: 46.003181 | U28: 45.10677 | V28: 44.01096 | W28: 43.337151 | X28: 42.698807 | Y28: 41.851089 | Z28: 40.943939 | AA28: 40.023022 | AB28: 39.15937 | AC28: 38.219322 | AD28: 37.397949 | AE28: 36.601799 | AG28: =AVERAGE($R28:$AB28) -> 43.416423
A29: Cameroon | B29: CMR | C29: 32.145084 | D29: 32.248161 | E29: 32.515553 | F29: 32.56929 | G29: 32.596416 | H29: 32.680553 | I29: 32.697388 | J29: 32.643623 | K29: 32.551571 | L29: 32.441441 | M29: 32.325916 | N29: 32.056572 | O29: 31.873142 | P29: 31.774553 | Q29: 31.619507 | R29: 31.495327 | S29: 31.459803 | T29: 31.400707 | U29: 31.17371 | V29: 30.983761 | W29: 30.796381 | X29: 30.572165 | Y29: 30.340586 | Z29: 30.080854 | AA29: 29.800024 | AB29: 29.519197 | AC29: 29.23238 | AD29: 28.971619 | AE29: 28.692249 | AG29: =AVERAGE($R29:$AB29) -> 30.692956
A30: Canada | B30: CAN | C30: 16.751848 | D30: 16.527992 | E30: 16.382053 | F30: 16.304913 | G30: 16.265739 | H30: 16.231861 | I30: 16.174135 | J30: 16.093176 | K30: 16.019085 | L30: 15.976177 | M30: 15.931149 | N30: 15.814813 | O30: 15.764874 | P30: 15.699037 | Q30: 15.617551 | R30: 15.522237 | S30: 15.39958 | T30: 15.300814 | U30: 15.190259 | V30: 15.001069 | W30: 14.949337 | X30: 14.891535 | Y30: 14.777857 | Z30: 14.687094 | AA30: 14.582059 | AB30: 14.48711 | AC30: 14.409974 | AD30: 14.362709 | AE30: 14.296511 | AG30: =AVERAGE($R30:$AB30) -> 14.980814
A31: Central African Republic | B31: CAF | C31: 42.216221 | D31: 42.080654 | E31: 42.079041 | F31: 42.495708 | G31: 42.547802 | H31: 42.66256 | I31: 43.388359 | J31: 43.724613 | K31: 43.988148 | L31: 43.416801 | M31: 43.525867 | N31: 43.804966 | O31: 43.907955 | P31: 43.454311 | Q31: 44.774391 | R31: 44.792439 | S31: 44.936989 | T31: 45.100323 | U31: 45.163162 | V31: 45.215954 | W31: 45.127983 | X31: 45.110439 | Y31: 44.96228 | Z31: 44.912251 | AA31: 45.227402 | AB31: 45.205124 | AC31: 45.371334 | AD31: 45.641644 | AG31: =AVERAGE($R31:$AB31) -> 45.068577
A32: Chad | B32: TCD | C32: 49.842854 | D32: 49.937191 | E32: 49.985703 | F32: 50.0741 | G32: 50.238735 | H32: 50.445675 | I32: 50.577797 | J32: 50.771881 | K32: 50.870823 | L32: 50.884228 | M32: 50.920982 | N32: 49.692928 | O32: 47.125526 | P32: 45.810749 | Q32: 45.107384 | R32: 44.362907 | S32: 43.125504 | T32: 42.202969 | U32: 41.400421 | V32: 40.627365 | W32: 39.951618 | X32: 38.706219 | Y32: 37.814472 | Z32: 37.062153 | AA32: 36.663414 | AB32: 36.441494 | AC32: 36.477669 | AD32: 36.392059 | AG32: =AVERAGE($R32:$AB32) -> 39.850776
A33: Chile | B33: CHL | C33: 23.080687 | D33: 22.842073 | E33: 22.666567 | F33: 22.438513 | G33: 22.037823 | H33: 21.595406 | I33: 21.136936 | J33: 20.77663 | K33: 20.463835 | L33: 20.159603 | M33: 19.975742 | N33: 19.755571 | O33: 19.581739 | P33: 19.479156 | Q33: 19.305035 | R33: 19.095335 | S33: 18.800243 | T33: 18.501404 | U33: 18.141232 | V33: 17.769241 | W33: 17.656096 | X33: 17.426247 | Y33: 17.151617 | Z33: 17.011036 | AA33: 16.797915 | AB33: 16.582535 | AC33: 16.383677 | AD33: 16.219604 | AE33: 16.053699 | AG33: =AVERAGE($R33:$AB33) -> 17.721173
A34: China | B34: CHN | C34: 18.887648 | D34: 18.606062 | E34: 18.165237 | F34: 17.614136 | G34: 17.145937 | H34: 16.753712 | I34: 16.320757 | J34: 15.849586 | K34: 15.354788 | L34: 14.897082 | M34: 14.507929 | N34: 14.144794 | O34: 13.774612 | P34: 13.379285 | Q34: 12.981783 | R34: 12.565181 | S34: 12.219555 | T34: 11.90016 | U34: 11.574294 | V34: 11.18231 | W34: 10.803558 | X34: 10.445053 | Y34: 10.102781 | Z34: 9.7755537 | AA34: 9.4836664 | AB34: 9.2126112 | AC34: 8.9545231 | AD34: 8.720561 | AE34: 8.5519781 | AG34: =AVERAGE($R34:$AB34) -> 10.842248
A35: Colombia | B35: COL | C35: 35.384995 | D35: 35.59803 | E35: 35.386284 | F35: 35.288101 | G35: 35.003986 | H35: 34.867432 | I35: 34.450432 | J35: 34.181263 | K35: 33.901314 | L35: 33.76001 | M35: 34.213039 | N35: 34.264191 | O35: 34.273071 | P35: 34.44043 | Q35: 34.271919 | R35: 34.198036 | S35: 33.817917 | T35: 33.50111 | U35: 33.213051 | V35: 33.116524 | W35: 32.982464 | X35: 32.781334 | Y35: 32.475613 | Z35: 32.019993 | AA35: 31.600042 | AB35: 31.215885 | AC35: 30.822096 | AD35: 30.457726 | AE35: 30.160215 | AG35: =AVERAGE($R35:$AB35) -> 32.811088
A36: Comoros | B36: COM | C36: 35.770386 | D36: 35.86158 | E36: 36.266945 | F36: 36.442516 | G36: 36.575951 | H36: 36.762081 | I36: 37.040508 | J36: 37.218559 | K36: 37.269367 | L36: 37.495552 | M36: 37.663204 | N36: 37.811596 | O36: 37.929096 | P36: 38.248123 | Q36: 38.489368 | R36: 38.883255 | S36: 39.173935 | T36: 39.401051 | U36: 39.743813 | V36: 39.982426 | W36: 40.475155 | X36: 40.709621 | Y36: 40.756023 | Z36: 40.977512 | AA36: 41.029926 | AB36: 41.223801 | AC36: 41.367062 | AD36: 41.421501 | AG36: =AVERAGE($R36:$AB36) -> 40.214229
A37: Congo, Dem. Rep. | B37: COD | C37: 38.501083 | D37: 39.097675 | E37: 38.56789 | F37: 39.725853 | G37: 43.10833 | H37: 43.339516 | I37: 43.824715 | J37: 44.029724 | K37: 44.977539 | L37: 45.38287 | M37: 45.662899 | N37: 46.181049 | O37: 46.082008 | P37: 46.392601 | Q37: 46.346851 | R37: 46.339149 | S37: 46.492619 | T37: 46.701015 | U37: 46.698303 | V37: 46.746887 | W37: 46.193844 | X37: 45.453896 | Y37: 44.587624 | Z37: 44.063835 | AA37: 43.535378 | AB37: 43.256413 | AC37: 43.131561 | AD37: 43.015312 | AE37: 42.388538 | AG37: =AVERAGE($R37:$AB37) -> 45.460815
A38: Congo, Rep. | B38: COG | C38: 42.402061 | D38: 41.673367 | E38: 41.577335 | F38: 41.70023 | G38: 43.003914 | H38: 44.285267 | I38: 44.87286 | J38: 44.079575 | K38: 44.471436 | L38: 45.225414 | M38: 46.035633 | N38: 45.946144 | O38: 45.815849 | P38: 45.970123 | Q38: 46.267166 | R38: 46.49733 | S38: 46.256386 | T38: 44.600479 | U38: 45.154301 | V38: 44.79924 | W38: 44.023342 | X38: 43.395157 | Y38: 42.067036 | Z38: 39.855247 | AA38: 39.166134 | AB38: 39.048409 | AC38: 38.961388 | AD38: 39.039665 | AG38: =AVERAGE($R38:$AB38) -> 43.169369
A39: Costa Rica | B39: CRI | C39: 27.7766 | D39: 27.521774 | E39: 27.332788 | F39: 27.131001 | G39: 26.892916 | H39: 26.615486 | I39: 26.224693 | J39: 26.146528 | K39: 25.912863 | L39: 25.486279 | M39: 25.233009 | N39: 25.14098 | O39: 24.864635 | P39: 24.65642 | Q39: 24.395798 | R39: 24.386206 | S39: 24.177971 | T39: 24.008408 | U39: 23.599577 | V39: 23.214672 | W39: 22.83098 | X39: 22.456594 | Y39: 22.484833 | Z39: 22.209871 | AA39: 22.008444 | AB39: 21.732321 | AC39: 21.367599 | AD39: 21.30085 | AE39: 21.114775 | AG39: =AVERAGE($R39:$AB39) -> 23.009989
A40: Cote d'Ivoire | B40: CIV | C40: 44.13765 | D40: 44.791344 | E40: 45.2113 | F40: 45.730885 | G40: 46.13871 | H40: 46.401512 | I40: 46.434586 | J40: 46.392475 | K40: 46.806301 | L40: 46.627541 | M40: 46.805717 | N40: 46.958557 | O40: 46.969379 | P40: 47.183907 | Q40: 47.131508 | R40: 47.157963 | S40: 47.172203 | T40: 47.005329 | U40: 46.804489 | V40: 46.651115 | W40: 46.32848 | X40: 46.49971 | Y40: 46.321083 | Z40: 45.767433 | AA40: 45.020206 | AB40: 44.260479 | AC40: 43.491848 | AD40: 42.77446 | AE40: 42.042931 | AG40: =AVERAGE($R40:$AB40) -> 46.271681
A41: Croatia | B41: HRV | C41: 33.82328 | D41: 33.324043 | E41: 32.704296 | F41: 32.688339 | G41: 32.238529 | H41: 32.216801 | I41: 32.263546 | J41: 32.12067 | K41: 31.893921 | L41: 31.711452 | M41: 31.710535 | N41: 31.585052 | O41: 31.427824 | P41: 31.305498 | Q41: 31.044239 | R41: 30.80464 | S41: 30.639536 | T41: 30.400253 | U41: 30.180895 | V41: 29.836157 | W41: 29.51713 | X41: 29.218462 | Y41: 28.999508 | Z41: 28.785852 | AA41: 28.912634 | AB41: 28.949648 | AC41: 28.875753 | AD41: 28.673172 | AE41: 28.661224 | AG41: =AVERAGE($R41:$AB41) -> 29.65861
A42: Cyprus | B42: CYP | C42: 28.651091 | D42: 28.333048 | E42: 28.084616 | F42: 27.899143 | G42: 27.778301 | H42: 27.870872 | I42: 27.703014 | J42: 27.493719 | K42: 27.395386 | L42: 27.333462 | M42: 27.310101 | N42: 27.209967 | O42: 27.066439 | P42: 26.955166 | Q42: 27.020481 | R42: 26.973612 | S42: 26.67461 | T42: 26.500153 | U42: 26.24568 | V42: 25.901169 | W42: 25.743631 | X42: 25.537304 | Y42: 25.437975 | Z42: 25.197416 | AA42: 25.20742 | AB42: 25.322754 | AC42: 25.365124 | AD42: 25.303358 | AE42: 25.230068 | AG42: =AVERAGE($R42:$AB42) -> 25.885611
A43: Czech Republic | B43: CZE | C43: 18.024586 | D43: 17.807087 | E43: 17.834667 | F43: 17.721388 | G43: 17.664646 | H43: 17.641153 | I43: 17.603975 | J43: 17.516371 | K43: 17.46212 | L43: 17.367739 | M43: 17.27243 | N43: 17.189837 | O43: 17.099228 | P43: 17.025328 | Q43: 17.013779 | R43: 17.046234 | S43: 17.02733 | T43: 17.005548 | U43: 16.949339 | V43: 16.79286 | W43: 16.694801 | X43: 16.672003 | Y43: 16.680492 | Z43: 16.657677 | AA43: 16.682758 | AB43: 16.674513 | AC43: 16.660879 | AD43: 16.648548 | AE43: 16.57284 | AG43: =AVERAGE($R43:$AB43) -> 16.807596
A44: Denmark | B44: DNK | C44: 17.956568 | D44: 17.853882 | E44: 17.775936 | F44: 17.662271 | G44: 17.694395 | H44: 17.645853 | I44: 17.599089 | J44: 17.529266 | K44: 17.455122 | L44: 17.391678 | M44: 17.322512 | N44: 17.240316 | O44: 17.150387 | P44: 17.090685 | Q44: 17.033392 | R44: 17.022129 | S44: 16.973164 | T44: 16.900068 | U44: 16.809889 | V44: 16.623215 | W44: 16.548075 | X44: 16.541498 | Y44: 16.503534 | Z44: 16.493288 | AA44: 16.510355 | AB44: 16.494822 | AC44: 16.486193 | AD44: 16.462572 | AE44: 16.428076 | AG44: =AVERAGE($R44:$AB44) -> 16.674549
A45: Dominican Republic | B45: DOM | C45: 38.388157 | D45: 38.167637 | E45: 38.127586 | F45: 37.548702 | G45: 36.812603 | H45: 36.273849 | I45: 35.7939 | J45: 35.296986 | K45: 34.815529 | L45: 34.201164 | M45: 33.439548 | N45: 32.638977 | O45: 32.128613 | P45: 31.705669 | Q45: 31.542419 | R45: 31.207933 | S45: 30.928883 | T45: 30.501202 | U45: 30.075029 | V45: 29.554712 | W45: 29.315567 | X45: 29.13242 | Y45: 28.809776 | Z45: 28.467661 | AA45: 28.295616 | AB45: 27.955944 | AC45: 27.605433 | AD45: 27.203905 | AE45: 26.815557 | AG45: =AVERAGE($R45:$AB45) -> 29.476795
A46: Ecuador | B46: ECU | C46: 28.237253 | D46: 28.777256 | E46: 29.078976 | F46: 28.837984 | G46: 28.870848 | H46: 29.206429 | I46: 29.235849 | J46: 29.535204 | K46: 29.732767 | L46: 29.943478 | M46: 30.2875 | N46: 30.853018 | O46: 30.43819 | P46: 30.419434 | Q46: 30.79365 | R46: 30.650091 | S46: 30.629957 | T46: 30.401173 | U46: 30.200041 | V46: 29.886267 | W46: 29.626745 | X46: 29.389875 | Y46: 29.158031 | Z46: 28.847944 | AA46: 28.474924 | AB46: 28.395329 | AC46: 28.382507 | AD46: 28.312469 | AE46: 28.105307 | AG46: =AVERAGE($R46:$AB46) -> 29.605489
A47: Egypt, Arab Rep. | B47: EGY | C47: 39.176582 | D47: 39.25563 | E47: 39.018829 | F47: 38.742878 | G47: 38.369259 | H47: 38.073307 | I47: 37.90892 | J47: 37.637615 | K47: 36.970688 | L47: 36.398651 | M47: 35.72731 | N47: 35.272007 | O47: 34.620686 | P47: 33.940723 | Q47: 33.754585 | R47: 33.357788 | S47: 32.909584 | T47: 33.100506 | U47: 32.524555 | V47: 32.163391 | W47: 31.795969 | X47: 31.485521 | Y47: 31.169193 | Z47: 30.862764 | AA47: 30.560797 | AB47: 30.246941 | AC47: 29.932821 | AD47: 29.559826 | AE47: 29.273638 | AG47: =AVERAGE($R47:$AB47) -> 31.834274
A48: El Salvador | B48: SLV | C48: 49.680767 | D48: 49.652424 | E48: 49.504681 | F48: 49.414722 | G48: 49.092693 | H48: 48.291924 | I48: 47.843304 | J48: 47.224861 | K48: 46.914268 | L48: 46.386604 | M48: 45.799358 | N48: 45.332291 | O48: 44.743004 | P48: 44.436909 | Q48: 43.89679 | R48: 43.575932 | S48: 43.293568 | T48: 43.001724 | U48: 42.570778 | V48: 42.221565 | W48: 42.269562 | X48: 42.125313 | Y48: 41.984447 | Z48: 41.728951 | AA48: 41.464821 | AB48: 41.204136 | AC48: 40.961533 | AD48: 40.78611 | AG48: =AVERAGE($R48:$AB48) -> 42.3128
A49: Equatorial Guinea | B49: GNQ | C49: 63.884331 | D49: 63.947422 | E49: 64.240852 | F49: 64.423347 | G49: 65.308083 | H49: 61.407959 | I49: 54.5434 | J49: 49.572327 | K49: 44.586746 | L49: 42.920666 | M49: 40.244934 | N49: 37.020107 | O49: 35.652443 | P49: 34.425713 | Q49: 33.515221 | R49: 32.211109 | S49: 31.244568 | T49: 30.100471 | U49: 28.764423 | V49: 27.09001 | W49: 26.465651 | X49: 25.742811 | Y49: 24.729254 | Z49: 24.485888 | AA49: 24.455376 | AB49: 24.605492 | AC49: 24.950987 | AD49: 25.413809 | AG49: =AVERAGE($R49:$AB49) -> 27.263187
A50: Estonia | B50: EST | C50: 33.445694 | D50: 33.197598 | E50: 32.782818 | F50: 31.974947 | G50: 31.616783 | H50: 31.09734 | I50: 31.425249 | J50: 31.609497 | K50: 31.503239 | L50: 31.279087 | M50: 31.372076 | N50: 31.230852 | O50: 30.947987 | P50: 30.79771 | Q50: 30.459148 | R50: 30.257338 | S50: 30.05962 | T50: 29.501686 | U50: 28.942648 | V50: 28.244787 | W50: 27.957928 | X50: 28.183743 | Y50: 28.070024 | Z50: 27.979506 | AA50: 27.877184 | AB50: 27.82621 | AC50: 27.686592 | AD50: 27.635456 | AE50: 27.480972 | AG50: =AVERAGE($R50:$AB50) -> 28.627334
A51: Eswatini | B51: SWZ | C51: 41.958431 | D51: 41.305714 | E51: 40.339485 | F51: 39.830788 | G51: 39.279835 | H51: 40.075928 | I51: 38.988037 | J51: 38.978584 | K51: 38.447678 | L51: 38.326611 | M51: 38.832027 | N51: 38.852058 | O51: 38.92902 | P51: 38.845287 | Q51: 38.689896 | R51: 38.861324 | S51: 38.900166 | T51: 38.487411 | U51: 38.507637 | V51: 38.606449 | W51: 38.880142 | X51: 39.227425 | Y51: 39.425964 | Z51: 39.541592 | AA51: 39.640911 | AB51: 39.746513 | AC51: 39.67783 | AD51: 39.77013 | AG51: =AVERAGE($R51:$AB51) -> 39.075049
A52: Ethiopia | B52: ETH | C52: 36.917736 | D52: 37.132786 | E52: 37.675648 | F52: 37.61607 | G52: 37.519245 | H52: 37.780457 | I52: 37.767445 | J52: 37.860645 | K52: 37.585175 | L52: 37.34676 | M52: 36.975853 | N52: 37.032825 | O52: 36.815132 | P52: 36.756554 | Q52: 36.221279 | R52: 35.907463 | S52: 35.395287 | T52: 35.101788 | U52: 34.69767 | V52: 33.916744 | W52: 33.067245 | X52: 31.841988 | Y52: 30.447826 | Z52: 29.182117 | AA52: 27.806278 | AB52: 26.479425 | AC52: 25.22612 | AD52: 24.184755 | AE52: 23.325193 | AG52: =AVERAGE($R52:$AB52) -> 32.167621
A53: Fiji | B53: FJI | C53: 34.777218 | D53: 34.60437 | E53: 34.641724 | F53: 34.399113 | G53: 34.673874 | H53: 34.664196 | I53: 34.791176 | J53: 34.803902 | K53: 34.392685 | L53: 34.270874 | M53: 33.843773 | N53: 33.53862 | O53: 33.296329 | P53: 33.359592 | Q53: 33.378052 | R53: 33.020382 | S53: 32.477737 | T53: 32.602165 | U53: 32.364845 | V53: 32.415474 | W53: 32.539455 | X53: 32.13525 | Y53: 31.941828 | Z53: 31.314823 | AA53: 31.025705 | AB53: 30.770987 | AC53: 30.432886 | AD53: 30.271471 | AG53: =AVERAGE($R53:$AB53) -> 32.055332
A54: Finland | B54: FIN | C54: 18.794418 | D54: 18.44145 | E54: 18.144358 | F54: 17.94891 | G54: 17.902809 | H54: 17.955368 | I54: 17.915594 | J54: 17.903688 | K54: 17.836618 | L54: 17.771812 | M54: 17.691124 | N54: 17.579062 | O54: 17.469608 | P54: 17.36783 | Q54: 17.267622 | R54: 17.188892 | S54: 17.097425 | T54: 17.002811 | U54: 16.886 | V54: 16.664953 | W54: 16.568901 | X54: 16.504543 | Y54: 16.443659 | Z54: 16.362009 | AA54: 16.322861 | AB54: 16.27195 | AC54: 16.224653 | AD54: 16.161823 | AE54: 16.095335 | AG54: =AVERAGE($R54:$AB54) -> 16.66491
A55: France | B55: FRA | C55: 16.011385 | D55: 15.869517 | E55: 15.720304 | F55: 15.585707 | G55: 15.519201 | H55: 15.475939 | I55: 15.419097 | J55: 15.347481 | K55: 15.316716 | L55: 15.27776 | M55: 15.235491 | N55: 15.158362 | O55: 15.055008 | P55: 14.966878 | Q55: 14.916476 | R55: 14.846987 | S55: 14.771994 | T55: 14.700347 | U55: 14.586287 | V55: 14.447265 | W55: 14.388178 | X55: 14.34654 | Y55: 14.29494 | Z55: 14.253601 | AA55: 14.226721 | AB55: 14.172332 | AC55: 14.127927 | AD55: 14.090575 | AE55: 14.055492 | AG55: =AVERAGE($R55:$AB55) -> 14.457745
A56: Gabon | B56: GAB | C56: 42.887589 | D56: 43.1092 | E56: 43.706722 | F56: 45.315708 | G56: 44.474373 | H56: 44.859989 | I56: 45.045643 | J56: 44.546349 | K56: 43.614861 | L56: 44.472431 | M56: 45.028301 | N56: 44.966663 | O56: 44.901718 | P56: 45.019684 | Q56: 45.370285 | R56: 49.516464 | S56: 47.031551 | T56: 47.300655 | U56: 47.5853 | V56: 47.025211 | W56: 46.7043 | X56: 46.419838 | Y56: 45.465313 | Z56: 44.599403 | AA56: 43.789883 | AB56: 43.592464 | AC56: 43.207233 | AD56: 43.002415 | AG56: =AVERAGE($R56:$AB56) -> 46.275489
A57: Gambia, The | B57: GMB | C57: 52.750629 | D57: 51.701523 | E57: 50.313591 | F57: 49.430775 | G57: 48.893757 | H57: 48.33614 | I57: 47.703335 | J57: 47.470009 | K57: 47.1814 | L57: 46.917812 | M57: 46.68848 | N57: 45.943432 | O57: 44.26849 | P57: 42.893147 | Q57: 42.149822 | R57: 41.766853 | S57: 41.366051 | T57: 40.9007 | U57: 40.48 | V57: 40.129509 | W57: 40.312233 | X57: 40.116055 | Y57: 40.142593 | Z57: 40.111191 | AA57: 39.957027 | AB57: 39.815815 | AC57: 39.842171 | AD57: 39.403603 | AG57: =AVERAGE($R57:$AB57) -> 40.463457
A58: Georgia | B58: GEO | C58: 55.612892 | D58: 54.206242 | E58: 52.420765 | F58: 64.130554 | G58: 63.572346 | H58: 63.364555 | I58: 64.248749 | J58: 64.991425 | K58: 64.549103 | L58: 65.013176 | M58: 66.35743 | N58: 66.438766 | O58: 66.137138 | P58: 65.761551 | Q58: 64.85553 | R58: 63.798428 | S58: 63.45977 | T58: 62.100231 | U58: 60.722332 | V58: 61.176979 | W58: 60.772789 | X58: 60.522861 | Y58: 60.197311 | Z58: 59.60915 | AA58: 58.995594 | AB58: 58.344467 | AC58: 57.439022 | AD58: 57.044727 | AE58: 56.55814 | AG58: =AVERAGE($R58:$AB58) -> 60.88181
A59: Germany | B59: DEU | C59: 16.671307 | D59: 16.483053 | E59: 16.299107 | F59: 16.157362 | G59: 16.054903 | H59: 15.973369 | I59: 15.885317 | J59: 15.790488 | K59: 15.735127 | L59: 15.679187 | M59: 15.650346 | N59: 15.559359 | O59: 15.480889 | P59: 15.404288 | Q59: 15.387753 | R59: 15.354468 | S59: 15.315202 | T59: 15.300255 | U59: 15.255113 | V59: 15.192895 | W59: 15.175194 | X59: 15.17966 | Y59: 15.17688 | Z59: 15.168921 | AA59: 15.167654 | AB59: 15.12647 | AC59: 15.094693 | AD59: 15.072157 | AE59: 15.039571 | AG59: =AVERAGE($R59:$AB59) -> 15.219337
A60: Ghana | B60: GHA | C60: 40.800056 | D60: 40.412334 | E60: 40.337952 | F60: 40.203869 | G60: 40.134487 | H60: 40.184052 | I60: 40.113991 | J60: 40.233707 | K60: 40.116455 | L60: 40.298923 | M60: 39.675777 | N60: 39.232029 | O60: 39.408398 | P60: 39.153561 | Q60: 39.013535 | R60: 38.887638 | S60: 38.631592 | T60: 38.300793 | U60: 37.944885 | V60: 37.753368 | W60: 37.923954 | X60: 37.854187 | Y60: 37.773811 | Z60: 38.060898 | AA60: 37.880928 | AB60: 37.93914 | AC60: 38.033409 | AD60: 38.257103 | AE60: 38.204689 | AG60: =AVERAGE($R60:$AB60) -> 38.086472
A61: Greece | B61: GRC | C61: 28.762678 | D61: 28.495588 | E61: 28.412655 | F61: 28.319284 | G61: 28.339376 | H61: 28.252586 | I61: 28.109001 | J61: 27.912449 | K61: 27.908245 | L61: 27.703098 | M61: 27.480963 | N61: 27.243832 | O61: 27.167242 | P61: 27.080601 | Q61: 26.98065 | R61: 26.841112 | S61: 26.692492 | T61: 26.50016 | U61: 26.334873 | V61: 26.067253 | W61: 25.902325 | X61: 25.585302 | Y61: 25.409409 | Z61: 25.481806 | AA61: 25.670973 | AB61: 25.778112 | AC61: 25.874115 | AD61: 26.007643 | AE61: 26.175087 | AG61: =AVERAGE($R61:$AB61) -> 26.023983
A62: Guatemala | B62: GTM | C62: 51.468945 | D62: 51.556744 | E62: 51.407211 | F62: 51.196392 | G62: 51.079388 | H62: 50.676052 | I62: 50.597401 | J62: 50.160324 | K62: 49.576378 | L62: 49.040642 | M62: 48.815708 | N62: 48.668419 | O62: 48.289761 | P62: 48.131649 | Q62: 48.137371 | R62: 48.356869 | S62: 48.392357 | T62: 47.902031 | U62: 47.536884 | V62: 47.304737 | W62: 47.105194 | X62: 47.052288 | Y62: 47.836025 | Z62: 47.06908 | AA62: 47.159138 | AB62: 47.12204 | AC62: 47.154613 | AD62: 47.079308 | AE62: 46.96619 | AG62: =AVERAGE($R62:$AB62) -> 47.530604
A63: Guinea | B63: GIN | C63: 46.567329 | D63: 45.996304 | E63: 45.985119 | F63: 45.910923 | G63: 45.851669 | H63: 45.694538 | I63: 45.483158 | J63: 45.144566 | K63: 44.966335 | L63: 44.619705 | M63: 44.263985 | N63: 44.028091 | O63: 43.444004 | P63: 42.78347 | Q63: 42.060223 | R63: 41.174 | S63: 40.393768 | T63: 39.20042 | U63: 38.315712 | V63: 37.411259 | W63: 36.641224 | X63: 35.585491 | Y63: 34.671333 | Z63: 33.580704 | AA63: 32.933254 | AB63: 32.13868 | AC63: 30.496689 | AD63: 30.123055 | AG63: =AVERAGE($R63:$AB63) -> 36.549622
A64: Guinea-Bissau | B64: GNB | C64: 41.391926 | D64: 41.210701 | E64: 40.616238 | F64: 41.16745 | G64: 41.133221 | H64: 41.206917 | I64: 41.188488 | J64: 40.735317 | K64: 40.657562 | L64: 40.518955 | M64: 40.675846 | N64: 40.851288 | O64: 40.949783 | P64: 40.672638 | Q64: 41.204166 | R64: 41.087105 | S64: 41.452682 | T64: 41.600639 | U64: 42.228893 | V64: 42.057919 | W64: 42.29512 | X64: 42.566498 | Y64: 42.641895 | Z64: 42.664112 | AA64: 42.421566 | AB64: 42.555984 | AC64: 42.930592 | AD64: 42.693707 | AG64: =AVERAGE($R64:$AB64) -> 42.142947
A65: Honduras | B65: HND | C65: 47.938557 | D65: 50.672375 | E65: 50.646717 | F65: 50.450333 | G65: 49.849308 | H65: 49.115986 | I65: 49.026329 | J65: 48.767155 | K65: 48.172142 | L65: 47.850395 | M65: 47.422661 | N65: 46.805248 | O65: 46.669933 | P65: 46.411556 | Q65: 45.84967 | R65: 45.600517 | S65: 45.629738 | T65: 45.100304 | U65: 44.576923 | V65: 44.660076 | W65: 44.678738 | X65: 44.35844 | Y65: 44.014565 | Z65: 44.051235 | AA65: 44.100376 | AB65: 44.258709 | AC65: 44.131023 | AD65: 43.946571 | AG65: =AVERAGE($R65:$AB65) -> 44.639056
A66: Hungary | B66: HUN | C66: 27.084805 | D66: 26.562162 | E66: 26.000675 | F66: 25.485542 | G66: 25.329144 | H66: 25.214382 | I66: 25.100422 | J66: 25.007328 | K66: 24.975386 | L66: 24.96483 | M66: 24.840902 | N66: 24.670052 | O66: 24.476843 | P66: 24.353886 | Q66: 24.216629 | R66: 24.04207 | S66: 23.870256 | T66: 23.703115 | U66: 23.411469 | V66: 23.146503 | W66: 23.012419 | X66: 23.002539 | Y66: 23.034277 | Z66: 23.104332 | AA66: 23.25506 | AB66: 23.252144 | AC66: 23.344597 | AD66: 23.316454 | AE66: 23.223574 | AG66: =AVERAGE($R66:$AB66) -> 23.348562
A67: Iceland | B67: ISL | C67: 16.932007 | D67: 16.790758 | E67: 16.661812 | F67: 16.583374 | G67: 16.54273 | H67: 16.577354 | I67: 16.513243 | J67: 16.375954 | K67: 16.273842 | L67: 16.206812 | M67: 16.044827 | N67: 15.925678 | O67: 15.762392 | P67: 15.673688 | Q67: 15.512532 | R67: 15.354 | S67: 15.137497 | T67: 15.006047 | U67: 14.90007 | V67: 14.696555 | W67: 14.749035 | X67: 14.808367 | Y67: 14.905529 | Z67: 15.001306 | AA67: 15.058281 | AB67: 15.090754 | AC67: 15.096649 | AD67: 15.043958 | AE67: 14.996016 | AG67: =AVERAGE($R67:$AB67) -> 14.973404
A68: India | B68: IND | C68: 26.323105 | D68: 26.131348 | E68: 25.930332 | F68: 25.727173 | G68: 25.441801 | H68: 25.032356 | I68: 24.715343 | J68: 24.362961 | K68: 24.013775 | L68: 23.624575 | M68: 23.38763 | N68: 23.158476 | O68: 22.948118 | P68: 22.669794 | Q68: 22.303991 | R68: 21.795887 | S68: 21.266304 | T68: 20.700939 | U68: 20.192965 | V68: 19.695469 | W68: 19.275066 | X68: 18.850731 | Y68: 18.458332 | Z68: 18.140812 | AA68: 17.840628 | AB68: 17.566015 | AC68: 17.269661 | AD68: 16.960295 | AE68: 16.653046 | AG68: =AVERAGE($R68:$AB68) -> 19.434832
A69: Indonesia | B69: IDN | C69: 22.722509 | D69: 22.149334 | E69: 21.719664 | F69: 21.272236 | G69: 20.87981 | H69: 20.250992 | I69: 19.952507 | J69: 19.576122 | K69: 19.407167 | L69: 19.338741 | M69: 19.18568 | N69: 19.038862 | O69: 18.854721 | P69: 18.682375 | Q69: 18.501169 | R69: 18.253489 | S69: 18.02516 | T69: 17.90032 | U69: 17.685661 | V69: 17.432539 | W69: 17.270966 | X69: 17.029758 | Y69: 16.739225 | Z69: 16.472683 | AA69: 16.233072 | AB69: 15.950048 | AC69: 15.743974 | AD69: 15.537893 | AE69: 15.284904 | AG69: =AVERAGE($R69:$AB69) -> 17.181175
A70: Iran, Islamic Rep. | B70: IRN | C70: 18.113857 | D70: 17.994978 | E70: 17.901562 | F70: 17.831169 | G70: 17.779631 | H70: 17.765995 | I70: 17.723854 | J70: 17.716528 | K70: 17.820423 | L70: 17.873753 | M70: 17.790388 | N70: 17.7087 | O70: 17.686943 | P70: 17.649025 | Q70: 17.590935 | R70: 17.567772 | S70: 17.375658 | T70: 17.300215 | U70: 16.983648 | V70: 16.821398 | W70: 16.584612 | X70: 16.389545 | Y70: 16.324917 | Z70: 16.258142 | AA70: 16.116867 | AB70: 16.093391 | AC70: 16.151974 | AD70: 16.098518 | AE70: 16.093971 | AG70: =AVERAGE($R70:$AB70) -> 16.710561
A71: Ireland | B71: IRL | C71: 18.033314 | D71: 17.854378 | E71: 17.702297 | F71: 17.657755 | G71: 17.613667 | H71: 17.68889 | I71: 17.570127 | J71: 17.377844 | K71: 17.254461 | L71: 17.138226 | M71: 16.944372 | N71: 16.713488 | O71: 16.462992 | P71: 16.239115 | Q71: 16.047657 | R71: 15.84332 | S71: 15.593534 | T71: 15.400224 | U71: 15.123202 | V71: 14.796546 | W71: 14.651791 | X71: 14.587577 | Y71: 14.477949 | Z71: 14.487123 | AA71: 14.40857 | AB71: 14.256735 | AC71: 13.892725 | AD71: 13.802472 | AE71: 13.805371 | AG71: =AVERAGE($R71:$AB71) -> 14.875143
A72: Israel | B72: ISR | C72: 22.925589 | D72: 22.831207 | E72: 22.670311 | F72: 22.560085 | G72: 22.535736 | H72: 22.426847 | I72: 22.232697 | J72: 21.912245 | K72: 21.654398 | L72: 21.415979 | M72: 21.301268 | N72: 21.041172 | O72: 20.835777 | P72: 20.775805 | Q72: 20.761101 | R72: 20.760481 | S72: 20.707085 | T72: 20.703127 | U72: 20.668428 | V72: 20.645544 | W72: 20.596977 | X72: 20.491297 | Y72: 20.417063 | Z72: 20.308788 | AA72: 20.215734 | AB72: 20.117716 | AC72: 19.965126 | AD72: 19.81452 | AE72: 19.637281 | AG72: =AVERAGE($R72:$AB72) -> 20.512022
A73: Italy | B73: ITA | C73: 29.117043 | D73: 28.984694 | E73: 28.729496 | F73: 28.464001 | G73: 28.268353 | H73: 28.141403 | I73: 28.027109 | J73: 27.869173 | K73: 27.727777 | L73: 27.619495 | M73: 27.516922 | N73: 27.421474 | O73: 27.318991 | P73: 27.253714 | Q73: 27.150198 | R73: 27.008926 | S73: 26.926533 | T73: 26.800913 | U73: 26.612843 | V73: 26.39592 | W73: 26.247173 | X73: 26.212729 | Y73: 26.165649 | Z73: 26.029495 | AA73: 26.014706 | AB73: 26.034307 | AC73: 26.093414 | AD73: 26.098173 | AE73: 26.081108 | AG73: =AVERAGE($R73:$AB73) -> 26.404472
A74: Jamaica | B74: JAM | C74: 34.37833 | D74: 34.338192 | E74: 34.205311 | F74: 33.788616 | G74: 33.746204 | H74: 33.658344 | I74: 33.189888 | J74: 32.809525 | K74: 32.644577 | L74: 32.612431 | M74: 32.451294 | N74: 32.25079 | O74: 32.52462 | P74: 32.636105 | Q74: 32.585625 | R74: 32.448681 | S74: 32.505146 | T74: 32.501923 | U74: 32.303509 | V74: 32.159676 | W74: 31.951496 | X74: 31.904551 | Y74: 31.815607 | Z74: 31.773012 | AA74: 31.734219 | AB74: 31.724682 | AC74: 31.798721 | AD74: 31.776714 | AE74: 31.724812 | AG74: =AVERAGE($R74:$AB74) -> 32.074773
A75: Japan | B75: JPN | C75: 11.72511 | D75: 11.589924 | E75: 11.456302 | F75: 11.337201 | G75: 11.221929 | H75: 11.119105 | I75: 11.013 | J75: 10.920209 | K75: 10.80579 | L75: 10.696808 | M75: 10.611604 | N75: 10.533671 | O75: 10.460753 | P75: 10.416796 | Q75: 10.394816 | R75: 10.373858 | S75: 10.354667 | T75: 10.300143 | U75: 10.271997 | V75: 10.229442 | W75: 10.231643 | X75: 10.21529 | Y75: 10.207786 | Z75: 10.213778 | AA75: 10.219458 | AB75: 10.213905 | AC75: 10.212502 | AD75: 10.212284 | AE75: 10.196505 | AG75: =AVERAGE($R75:$AB75) -> 10.257452
A76: Jordan | B76: JOR | C76: 17.473675 | D76: 17.795418 | E76: 17.8437 | F76: 17.810961 | G76: 17.734476 | H76: 17.776096 | I76: 17.614891 | J76: 17.501926 | K76: 17.53475 | L76: 17.48974 | M76: 17.475039 | N76: 17.468843 | O76: 17.469223 | P76: 17.414211 | Q76: 17.423471 | R76: 17.317572 | S76: 17.186213 | T76: 17.200167 | U76: 16.971272 | V76: 16.834953 | W76: 16.72164 | X76: 16.600262 | Y76: 16.502003 | Z76: 16.292793 | AA76: 16.170567 | AB76: 16.057148 | AC76: 15.873798 | AD76: 15.824355 | AE76: 15.758955 | AG76: =AVERAGE($R76:$AB76) -> 16.714053
A77: Kazakhstan | B77: KAZ | C77: 39.575523 | D77: 38.695389 | E77: 38.08709 | F77: 37.437515 | G77: 36.471577 | H77: 36.310631 | I77: 36.856483 | J77: 37.208836 | K77: 37.466232 | L77: 37.478798 | M77: 37.735985 | N77: 38.27858 | O77: 38.534134 | P77: 38.860039 | Q77: 39.022503 | R77: 38.954334 | S77: 38.731422 | T77: 38.40015 | U77: 38.193085 | V77: 37.707882 | W77: 37.538292 | X77: 37.285549 | Y77: 37.040672 | Z77: 36.828777 | AA77: 36.364525 | AB77: 35.970627 | AC77: 35.46603 | AD77: 35.08226 | AE77: 34.80357 | AG77: =AVERAGE($R77:$AB77) -> 37.546847
... A79: Korea, Rep. | B79: KOR | C79: 36.299397 | D79: 35.122524 | E79: 34.045769 | F79: 33.042164 | G79: 32.163506 | H79: 31.280306 | I79: 30.411594 | J79: 29.696814 | K79: 28.866629 | L79: 28.542725 | M79: 28.219955 | N79: 27.770117 | O79: 27.388248 | P79: 26.923641 | Q79: 26.610968 | R79: 26.293331 | S79: 25.945177 | T79: 25.600279 | U79: 25.239956 | V79: 24.865625 | W79: 24.613712 | X79: 24.366142 | Y79: 24.191593 | Z79: 24.030796 | AA79: 23.901079 | AB79: 23.724531 | AC79: 23.508865 | AD79: 23.270727 | AE79: 23.030209 | AG79: =AVERAGE($R79:$AB79) -> 24.797475
A80: Kuwait | B80: KWT | E80: 17.502666 | F80: 17.761986 | G80: 17.509321 | H80: 17.400238 | I80: 17.784964 | J80: 17.855478 | K80: 17.587898 | L80: 17.481756 | M80: 17.60965 | N80: 17.504398 | O80: 17.604181 | P80: 17.697939 | Q80: 17.843254 | R80: 17.9356 | S80: 17.900879 | T80: 17.542679 | U80: 17.123465 | V80: 16.748722 | W80: 16.677959 | X80: 16.443605 | Y80: 16.286184 | Z80: 15.929122 | AA80: 15.671115 | AB80: 15.309465 | AC80: 14.95981 | AD80: 14.735455 | AE80: 14.535524 | AG80: =AVERAGE($R80:$AB80) -> 16.688072
A81: Kyrgyz Republic | B81: KGZ | C81: 34.399525 | D81: 35.14444 | E81: 35.103676 | F81: 35.002872 | G81: 35.152512 | H81: 35.036129 | I81: 34.764404 | J81: 36.830502 | K81: 37.477077 | L81: 38.04892 | M81: 38.099712 | N81: 38.239784 | O81: 38.522591 | P81: 38.868389 | Q81: 39.006081 | R81: 39.246906 | S81: 38.973293 | T81: 38.800873 | U81: 38.500561 | V81: 37.990047 | W81: 37.457569 | X81: 37.034042 | Y81: 36.735081 | Z81: 36.635788 | AA81: 36.806332 | AB81: 36.623634 | AC81: 36.412666 | AD81: 35.981205 | AE81: 35.530289 | AG81: =AVERAGE($R81:$AB81) -> 37.709466
A82: Lao PDR | B82: LAO | C82: 41.260632 | D82: 40.131874 | E82: 39.153923 | F82: 38.259022 | G82: 37.277542 | H82: 36.433807 | I82: 35.479179 | J82: 34.664623 | K82: 34.069626 | L82: 33.190456 | M82: 32.817966 | N82: 32.436134 | O82: 31.481865 | P82: 31.076273 | Q82: 30.402035 | R82: 29.767937 | S82: 29.012712 | T82: 27.999968 | U82: 27.186304 | V82: 26.103163 | W82: 25.822439 | X82: 25.330585 | Y82: 24.47427 | Z82: 23.576235 | AA82: 23.088596 | AB82: 22.441874 | AC82: 22.030981 | AD82: 21.616318 | AG82: =AVERAGE($R82:$AB82) -> 25.89128
A83: Latvia | B83: LVA | C83: 27.475363 | D83: 27.428532 | E83: 27.033964 | F83: 26.863268 | G83: 26.852386 | H83: 26.862886 | I83: 27.151281 | J83: 27.644056 | K83: 27.645775 | L83: 27.73818 | M83: 27.577496 | N83: 27.538994 | O83: 27.454107 | P83: 27.418888 | Q83: 27.340689 | R83: 27.260191 | S83: 27.373478 | T83: 27.202999 | U83: 26.82794 | V83: 26.132553 | W83: 25.884909 | X83: 25.963932 | Y83: 26.059696 | Z83: 26.195639 | AA83: 26.131428 | AB83: 26.129671 | AC83: 26.098957 | AD83: 26.08909 | AE83: 26.042711 | AG83: =AVERAGE($R83:$AB83) -> 26.469312
A84: Lebanon | B84: LBN | C84: 29.342253 | D84: 30.999434 | E84: 32.351036 | F84: 32.285919 | G84: 32.064804 | H84: 31.79636 | I84: 31.257143 | J84: 30.53301 | K84: 30.57111 | L84: 30.879862 | M84: 31.104527 | N84: 31.280148 | O84: 31.826342 | P84: 32.179401 | Q84: 32.343334 | R84: 32.667759 | S84: 32.584602 | T84: 32.004299 | U84: 32.192516 | V84: 31.773796 | W84: 31.510712 | X84: 31.357002 | Y84: 31.193993 | Z84: 31.156126 | AA84: 31.166946 | AB84: 31.093592 | AC84: 30.976051 | AD84: 30.67078 | AG84: =AVERAGE($R84:$AB84) -> 31.700122
A85: Lesotho | B85: LSO | C85: 35.502605 | D85: 33.999138 | E85: 33.370068 | F85: 32.389687 | G85: 31.924967 | H85: 30.872675 | I85: 31.014744 | J85: 29.428255 | K85: 29.075081 | L85: 30.796169 | M85: 30.593014 | N85: 29.985947 | O85: 29.281578 | P85: 29.468483 | Q85: 28.825436 | R85: 28.792 | S85: 28.962152 | T85: 28.801029 | U85: 28.527445 | V85: 28.329765 | W85: 28.551992 | X85: 28.171143 | Y85: 28.084347 | Z85: 27.7785 | AA85: 27.3395 | AB85: 27.035295 | AC85: 26.753128 | AD85: 26.604288 | AG85: =AVERAGE($R85:$AB85) -> 28.215743
A86: Liberia | B86: LBR | C86: 39.662697 | D86: 40.096607 | E86: 40.494446 | F86: 40.998363 | G86: 41.612389 | H86: 42.34737 | I86: 42.62257 | J86: 42.759628 | K86: 42.813271 | L86: 42.59985 | M86: 43.925323 | N86: 43.779514 | O86: 43.716534 | P86: 43.972439 | Q86: 44.208206 | R86: 44.525623 | S86: 44.86779 | T86: 44.200245 | U86: 44.485359 | V86: 44.5336 | W86: 44.482101 | X86: 43.071186 | Y86: 41.526421 | Z86: 39.995094 | AA86: 40.238998 | AB86: 39.108517 | AC86: 38.58968 | AD86: 38.353779 | AG86: =AVERAGE($R86:$AB86) -> 42.821358
A87: Lithuania | B87: LTU | C87: 30.954874 | D87: 32.230358 | E87: 31.831566 | F87: 31.556364 | G87: 31.06813 | H87: 30.792147 | I87: 30.973452 | J87: 31.181871 | K87: 31.157314 | L87: 31.25034 | M87: 30.951271 | N87: 30.631409 | O87: 30.61482 | P87: 30.702766 | Q87: 30.485514 | R87: 30.367916 | S87: 29.978413 | T87: 29.700762 | U87: 29.172647 | V87: 28.578354 | W87: 28.330364 | X87: 28.297663 | Y87: 28.398857 | Z87: 28.421425 | AA87: 28.398165 | AB87: 28.294615 | AC87: 28.301451 | AD87: 28.139669 | AE87: 27.915773 | AG87: =AVERAGE($R87:$AB87) -> 28.903562
A88: Luxembourg | B88: LUX | C88: 9.7879162 | D88: 9.7699118 | E88: 9.7503881 | F88: 9.6927977 | G88: 9.6633596 | H88: 9.6457367 | I88: 9.6346807 | J88: 9.6294699 | K88: 9.6359844 | L88: 9.6119423 | M88: 9.5953159 | N88: 9.597887 | O88: 9.5713491 | P88: 9.505661 | Q88: 9.4490042 | R88: 9.3977365 | S88: 9.3913031 | T88: 9.4001827 | U88: 9.3511133 | V88: 9.3059082 | W88: 9.3198128 | X88: 9.249074 | Y88: 9.2242603 | Z88: 9.1681099 | AA88: 9.1711025 | AB88: 9.1534338 | AC88: 9.1223745 | AD88: 9.0742846 | AE88: 9.0451078 | AG88: =AVERAGE($R88:$AB88) -> 9.2847307
A89: Madagascar | B89: MDG | C89: 36.741028 | D89: 37.289402 | E89: 37.566013 | F89: 37.885071 | G89: 38.297791 | H89: 38.663967 | I89: 39.046211 | J89: 39.149918 | K89: 39.318787 | L89: 39.512096 | M89: 39.551899 | N89: 39.362556 | O89: 39.734646 | P89: 39.59016 | Q89: 39.623981 | R89: 39.529331 | S89: 39.341908 | T89: 38.501976 | U89: 37.687561 | V89: 37.163498 | W89: 36.8736 | X89: 36.824955 | Y89: 36.904438 | Z89: 36.965897 | AA89: 36.914303 | AB89: 36.852993 | AC89: 36.857124 | AD89: 36.854656 | AE89: 36.980484 | AG89: =AVERAGE($R89:$AB89) -> 37.596405
A90: Malawi | B90: MWI | C90: 40.36174 | D90: 40.083069 | E90: 39.750141 | F90: 39.559765 | G90: 39.769299 | H90: 40.120514 | I90: 40.431778 | J90: 40.60939 | K90: 40.702675 | L90: 40.723366 | M90: 40.665051 | N90: 40.509739 | O90: 40.726681 | P90: 40.592674 | Q90: 40.501732 | R90: 40.206154 | S90: 39.852352 | T90: 39.401009 | U90: 38.997074 | V90: 39.013454 | W90: 39.7439 | X90: 40.071419 | Y90: 40.293652 | Z90: 40.503841 | AA90: 40.585236 | AB90: 40.74337 | AC90: 40.789368 | AD90: 40.87228 | AE90: 40.942081 | AG90: =AVERAGE($R90:$AB90) -> 39.946496
A91: Malaysia | B91: MYS | C91: 37.790047 | D91: 36.702339 | E91: 35.982903 | F91: 35.159458 | G91: 34.099491 | H91: 32.953472 | I91: 32.492413 | J91: 31.497309 | K91: 31.247871 | L91: 31.151188 | M91: 31.164928 | N91: 30.782063 | O91: 30.574013 | P91: 30.410624 | Q91: 30.176025 | R91: 29.908539 | S91: 29.763199 | T91: 29.600447 | U91: 29.360243 | V91: 29.126236 | W91: 29.315165 | X91: 29.139391 | Y91: 28.819731 | Z91: 28.580709 | AA91: 28.155254 | AB91: 27.718842 | AC91: 27.291567 | AD91: 26.898006 | AE91: 26.54241 | AG91: =AVERAGE($R91:$AB91) -> 29.044341
A92: Maldives | B92: MDV | C92: 40.800449 | D92: 39.919544 | E92: 38.760815 | F92: 37.90839 | G92: 36.93401 | H92: 36.32481 | I92: 35.804554 | J92: 34.57106 | K92: 33.862747 | L92: 32.928272 | M92: 32.387924 | N92: 32.215973 | O92: 32.191994 | P92: 31.9578 | Q92: 31.44516 | R92: 30.023706 | S92: 28.944408 | T92: 28.60029 | U92: 27.207867 | V92: 26.500999 | W92: 26.311285 | X92: 26.384487 | Y92: 25.861889 | Z92: 25.374359 | AA92: 24.610064 | AB92: 23.757174 | AC92: 23.103542 | AD92: 22.625324 | AG92: =AVERAGE($R92:$AB92) -> 26.688775
A93: Mali | B93: MLI | C93: 51.219368 | D93: 51.253593 | E93: 51.049335 | F93: 50.635647 | G93: 50.804413 | H93: 49.493687 | I93: 47.859844 | J93: 46.47298 | K93: 45.231449 | L93: 44.545822 | M93: 43.802448 | N93: 43.192734 | O93: 42.564373 | P93: 41.902676 | Q93: 40.992172 | R93: 40.736004 | S93: 40.487587 | T93: 39.900974 | U93: 39.244621 | V93: 38.805386 | W93: 38.393105 | X93: 37.378853 | Y93: 37.307709 | Z93: 36.84343 | AA93: 36.414017 | AB93: 35.588924 | AC93: 35.002918 | AD93: 34.371536 | AE93: 33.783772 | AG93: =AVERAGE($R93:$AB93) -> 38.281874
A94: Malta | B94: MLT | C94: 34.229675 | D94: 33.703541 | E94: 33.060486 | F94: 32.503098 | G94: 31.974098 | H94: 31.523407 | I94: 31.033665 | J94: 30.554644 | K94: 29.988873 | L94: 29.496161 | M94: 29.049475 | N94: 28.590446 | O94: 28.375397 | P94: 28.056293 | Q94: 27.613646 | R94: 27.259525 | S94: 26.846127 | T94: 26.500057 | U94: 26.130852 | V94: 25.955046 | W94: 25.797403 | X94: 25.714005 | Y94: 25.655481 | Z94: 25.712564 | AA94: 25.702059 | AB94: 25.50087 | AC94: 25.204182 | AD94: 25.115902 | AE94: 24.94235 | AG94: =AVERAGE($R94:$AB94) -> 26.070363
A95: Mauritania | B95: MRT | C95: 34.914909 | D95: 35.277184 | E95: 35.168427 | F95: 35.024834 | G95: 35.111221 | H95: 34.972626 | I95: 35.253838 | J95: 35.393841 | K95: 35.544224 | L95: 35.462631 | M95: 34.869301 | N95: 35.264225 | O95: 34.788002 | P95: 34.209568 | Q95: 33.30698 | R95: 32.161377 | S95: 31.700691 | T95: 31.047836 | U95: 30.813196 | V95: 30.635965 | W95: 30.141432 | X95: 29.298561 | Y95: 28.144337 | Z95: 27.305254 | AA95: 26.585754 | AB95: 26.31636 | AC95: 26.031033 | AD95: 25.619221 | AG95: =AVERAGE($R95:$AB95) -> 29.468251
A96: Mauritius | B96: MUS | C96: 25.817848 | D96: 25.57523 | E96: 25.296711 | F96: 25.067371 | G96: 24.80105 | H96: 24.643621 | I96: 24.50816 | J96: 24.305553 | K96: 24.155437 | L96: 23.885027 | M96: 23.660704 | N96: 23.462885 | O96: 23.207682 | P96: 22.902081 | Q96: 22.567978 | R96: 22.297297 | S96: 22.077492 | T96: 21.90547 | U96: 21.747627 | V96: 21.347656 | W96: 21.129408 | X96: 20.912249 | Y96: 20.693905 | Z96: 20.573292 | AA96: 20.46624 | AB96: 20.40843 | AC96: 20.308758 | AD96: 20.209198 | AG96: =AVERAGE($R96:$AB96) -> 21.232642
A97: Mexico | B97: MEX | C97: 31.182358 | D97: 31.023466 | E97: 30.869287 | F97: 30.808977 | G97: 30.669308 | H97: 30.396235 | I97: 30.43648 | J97: 30.485497 | K97: 30.357779 | L97: 30.086857 | M97: 29.91003 | N97: 29.68574 | O97: 29.57493 | P97: 29.394283 | Q97: 29.391638 | R97: 29.187302 | S97: 29.052055 | T97: 28.801188 | U97: 28.547964 | V97: 28.16975 | W97: 28.337828 | X97: 28.080385 | Y97: 28.10578 | Z97: 27.990547 | AA97: 27.859106 | AB97: 27.750862 | AC97: 27.634012 | AD97: 27.525949 | AE97: 27.369791 | AG97: =AVERAGE($R97:$AB97) -> 28.352979
A98: Moldova | B98: MDA | C98: 42.29583 | D98: 41.365337 | E98: 41.000729 | F98: 40.032864 | G98: 39.809944 | H98: 39.569603 | I98: 40.319397 | J98: 40.471329 | K98: 42.62524 | L98: 43.505245 | M98: 44.291645 | N98: 44.737511 | O98: 44.92754 | P98: 44.451405 | Q98: 44.641323 | R98: 44.772552 | S98: 44.300705 | T98: 43.962906 | U98: 43.674335 | V98: 43.083893 | W98: 42.632763 | X98: 42.418209 | Y98: 42.323574 | Z98: 42.712067 | AA98: 42.900276 | AB98: 42.996563 | AC98: 43.171383 | AD98: 43.08073 | AE98: 42.880054 | AG98: =AVERAGE($R98:$AB98) -> 43.252531
A99: Mongolia | B99: MNG | C99: 14.106293 | D99: 15.60198 | E99: 16.402046 | F99: 16.392725 | G99: 16.234852 | H99: 16.622681 | I99: 16.482254 | J99: 16.350256 | K99: 16.121284 | L99: 16.140165 | M99: 15.955599 | N99: 15.987633 | O99: 16.117397 | P99: 16.198862 | Q99: 16.350338 | R99: 16.376799 | S99: 16.542629 | T99: 16.400734 | U99: 16.381214 | V99: 16.48513 | W99: 16.451214 | X99: 16.371477 | Y99: 16.015453 | Z99: 15.740125 | AA99: 15.566392 | AB99: 15.635193 | AC99: 15.478813 | AD99: 15.42315 | AG99: =AVERAGE($R99:$AB99) -> 16.17876
A100: Morocco | B100: MAR | C100: 36.828342 | D100: 37.129555 | E100: 35.708725 | F100: 35.267582 | G100: 36.32 | H100: 34.93153 | I100: 36.28849 | J100: 35.325966 | K100: 35.642464 | L100: 34.92683 | M100: 34.421375 | N100: 34.616245 | O100: 34.391064 | P100: 34.55505 | Q100: 34.362492 | R100: 33.778645 | S100: 33.925835 | T100: 33.100159 | U100: 32.963951 | V100: 32.9814 | W100: 32.540653 | X100: 32.327759 | Y100: 31.70479 | Z100: 31.267155 | AA100: 30.839781 | AB100: 30.51442 | AC100: 30.204096 | AD100: 29.935333 | AE100: 29.637537 | AG100: =AVERAGE($R100:$AB100) -> 32.358595
A101: Mozambique | B101: MOZ | C101: 47.92815 | D101: 47.594315 | E101: 47.723442 | F101: 47.455654 | G101: 46.466072 | H101: 46.358318 | I101: 45.838417 | J101: 45.054073 | K101: 44.410126 | L101: 43.624886 | M101: 42.356934 | N101: 41.656456 | O101: 40.724541 | P101: 40.096714 | Q101: 39.576534 | R101: 39.073032 | S101: 38.600605 | T101: 38.16853 | U101: 37.224018 | V101: 36.330994 | W101: 35.308926 | X101: 34.160786 | Y101: 32.217056 | Z101: 30.091671 | AA101: 28.152847 | AB101: 27.210936 | AC101: 26.852612 | AD101: 26.335644 | AE101: 26.007288 | AG101: =AVERAGE($R101:$AB101) -> 34.230855
...

Sheet MIMIC_p
A1: Economy | B1: Code | C1: 1990 | D1: 1991 | E1: 1992 | F1: 1993 | G1: 1994 | H1: 1995 | I1: 1996 | J1: 1997 | K1: 1998 | L1: 1999 | M1: 2000 | N1: 2001 | O1: 2002 | P1: 2003 | Q1: 2004 | R1: 2005 | S1: 2006 | T1: 2007 | U1: 2008 | V1: 2009 | W1: 2010 | X1: 2011 | Y1: 2012 | Z1: 2013 | AA1: 2014 | AB1: 2015 | AC1: 2016 | AD1: 2017 | AE1: 2018 | AG1: avg 2005-2015
A2: Albania | B2: ALB | F2: 38.571281 | G2: 38.260952 | H2: 37.862961 | I2: 35.685631 | J2: 36.243999 | K2: 36.363335 | L2: 36.019932 | M2: 35.299999 | N2: 36.439022 | O2: 35.57333 | P2: 35.238903 | Q2: 35.024368 | R2: 34.94566 | S2: 34.391949 | T2: 34.177273 | U2: 33.751469 | V2: 33.956642 | W2: 33.877605 | X2: 33.597435 | Y2: 33.505386 | Z2: 33.804462 | AA2: 33.753948 | AB2: 33.51561 | AC2: 33.233231 | AD2: 32.931488 | AE2: 32.407963 | AG2: =AVERAGE($R2:$AB2) -> 33.934313
A3: Algeria | B3: DZA | F3: 34.984856 | G3: 35.057541 | H3: 34.919014 | I3: 35.023457 | J3: 34.944878 | K3: 34.79649 | L3: 34.587124 | M3: 34.099998 | N3: 33.896748 | O3: 33.497978 | P3: 32.91909 | Q3: 32.373051 | R3: 31.381727 | S3: 31.241148 | T3: 31.308382 | U3: 31.496702 | V3: 31.918821 | W3: 31.838108 | X3: 32.420799 | Y3: 32.238972 | Z3: 31.941799 | AA3: 31.831318 | AB3: 32.040489 | AC3: 31.830296 | AD3: 31.742619 | AE3: 31.315495 | AG3: =AVERAGE($R3:$AB3) -> 31.787115
A4: Angola | B4: AGO | F4: 50.773422 | G4: 49.773392 | H4: 47.836201 | I4: 47.405991 | J4: 47.323349 | K4: 49.990227 | L4: 47.678768 | M4: 48.799999 | N4: 48.596016 | O4: 46.689796 | P4: 46.970917 | Q4: 46.379879 | R4: 45.360245 | S4: 45.261456 | T4: 44.122997 | U4: 43.668079 | V4: 44.13237 | W4: 44.137409 | X4: 44.295761 | Y4: 43.62915 | Z4: 44.187042 | AA4: 43.451481 | AB4: 43.223419 | AC4: 43.443283 | AD4: 43.384041 | AE4: 43.328171 | AG4: =AVERAGE($R4:$AB4) -> 44.133583
A5: Argentina | B5: ARG | F5: 25.562576 | G5: 25.373232 | H5: 25.952002 | I5: 25.319374 | J5: 24.688923 | K5: 24.432482 | L5: 25.105556 | M5: 25.4 | N5: 26.03927 | O5: 26.41473 | P5: 25.656591 | Q5: 25.065067 | R5: 24.802246 | S5: 24.373484 | T5: 23.895636 | U5: 23.884768 | V5: 24.921953 | W5: 24.042017 | X5: 23.749647 | Y5: 24.167986 | Z5: 24.134323 | AA5: 24.369669 | AB5: 24.415709 | AC5: 24.373549 | AD5: 24.294239 | AE5: 24.408112 | AG5: =AVERAGE($R5:$AB5) -> 24.250676
A6: Armenia | B6: ARM | F6: 49.078381 | G6: 46.229176 | H6: 46.409405 | I6: 46.283585 | J6: 46.210648 | K6: 46.16127 | L6: 46.370132 | M6: 46.299999 | N6: 46.569958 | O6: 45.144955 | P6: 45.033127 | Q6: 44.915134 | R6: 44.366032 | S6: 44.015175 | T6: 43.682785 | U6: 42.372223 | V6: 43.75029 | W6: 43.842625 | X6: 43.489197 | Y6: 42.941334 | Z6: 42.905033 | AA6: 43.296852 | AB6: 43.481316 | AC6: 43.56078 | AD6: 42.755604 | AE6: 42.493435 | AG6: =AVERAGE($R6:$AB6) -> 43.467533
A7: Australia | B7: AUS | F7: 15.538859 | G7: 15.193089 | H7: 15.083937 | I7: 14.748693 | J7: 14.710875 | K7: 14.797376 | L7: 14.473602 | M7: 14.3 | N7: 14.230507 | O7: 14.17737 | P7: 13.947599 | Q7: 13.720336 | R7: 13.790193 | S7: 13.695948 | T7: 13.417634 | U7: 13.541302 | V7: 13.900376 | W7: 13.716012 | X7: 13.81276 | Y7: 13.723848 | Z7: 13.637008 | AA7: 13.820518 | AB7: 14.116594 | AC7: 14.018482 | AD7: 14.087063 | AE7: 14.065775 | AG7: =AVERAGE($R7:$AB7) -> 13.742927
A8: Austria | B8: AUT | F8: 10.522746 | G8: 10.405677 | H8: 10.410053 | I8: 10.39249 | J8: 10.339491 | K8: 10.204848 | L8: 10.129485 | M8: 9.8000002 | N8: 9.7051287 | O8: 9.6750154 | P8: 9.7274609 | Q8: 9.7564936 | R8: 9.9559669 | S8: 9.7178679 | T8: 9.3870134 | U8: 9.4718151 | V8: 10.237248 | W8: 10.010277 | X8: 9.7683134 | Y8: 9.7893171 | Z8: 9.9001703 | AA8: 9.8861408 | AB8: 9.9220905 | AC8: 9.8845263 | AD8: 9.7171583 | AE8: 9.5145226 | AG8: =AVERAGE($R8:$AB8) -> 9.8223837
A9: Azerbaijan | B9: AZE | F9: 62.281738 | G9: 61.244701 | H9: 59.083519 | I9: 58.800266 | J9: 59.293415 | K9: 59.825024 | L9: 59.419659 | M9: 60.599998 | N9: 59.940506 | O9: 59.324497 | P9: 58.786858 | Q9: 58.432869 | R9: 57.220524 | S9: 55.714382 | T9: 55.136238 | U9: 54.435043 | V9: 54.396973 | W9: 54.318825 | X9: 54.241699 | Y9: 54.249496 | Z9: 53.555157 | AA9: 53.492989 | AB9: 53.671539 | AC9: 53.886753 | AD9: 53.678364 | AE9: 53.32856 | AG9: =AVERAGE($R9:$AB9) -> 54.584806
A10: Bahamas, The | B10: BHS | F10: 29.529099 | G10: 29.808674 | H10: 29.047697 | I10: 28.395842 | J10: 28.279943 | K10: 27.515125 | L10: 26.590883 | M10: 26.200001 | N10: 26.125566 | O10: 26.079443 | P10: 26.742794 | Q10: 26.976254 | R10: 26.674578 | S10: 26.567511 | T10: 26.657625 | U10: 27.625893 | V10: 29.381832 | W10: 29.326618 | X10: 29.773483 | Y10: 29.328648 | Z10: 30.001028 | AA10: 29.938717 | AB10: 29.888584 | AC10: 29.751982 | AD10: 30.211302 | AE10: 29.955345 | AG10: =AVERAGE($R10:$AB10) -> 28.65132
A11: Bahrain | B11: BHR | F11: 19.940973 | G11: 20.086643 | H11: 19.875603 | I11: 19.157866 | J11: 19.145502 | K11: 18.90955 | L11: 18.748293 | M11: 18.4 | N11: 19.011644 | O11: 19.468067 | P11: 19.422318 | Q11: 19.201565 | R11: 19.174101 | S11: 19.215986 | T11: 19.528322 | U11: 19.209087 | V11: 20.337887 | W11: 20.190607 | X11: 20.581583 | Y11: 20.236902 | Z11: 19.305143 | AA11: 18.840113 | AB11: 18.974283 | AC11: 19.129181 | AD11: 19.348269 | AE11: 19.976244 | AG11: =AVERAGE($R11:$AB11) -> 19.599456
A12: Bangladesh | B12: BGD | F12: 36.670769 | G12: 36.484997 | H12: 36.079762 | I12: 35.634632 | J12: 35.429028 | K12: 35.365761 | L12: 35.496166 | M12: 35.599998 | N12: 35.585888 | O12: 36.180836 | P12: 36.863773 | Q12: 37.21397 | R12: 37.185455 | S12: 36.700558 | T12: 36.212723 | U12: 35.93232 | V12: 36.021946 | W12: 35.543152 | X12: 35.391773 | Y12: 35.197815 | Z12: 35.04422 | AA12: 34.929951 | AB12: 34.645958 | AC12: 34.769283 | AD12: 34.658211 | AE12: 34.653992 | AG12: =AVERAGE($R12:$AB12) -> 35.709625
A13: Belarus | B13: BLR | F13: 48.233044 | G13: 49.061348 | H13: 49.321892 | I13: 48.788235 | J13: 48.625355 | K13: 48.434925 | L13: 48.251743 | M13: 48.099998 | N13: 48.687191 | O13: 48.558594 | P13: 48.426464 | Q13: 47.986183 | R13: 47.696613 | S13: 46.90324 | T13: 46.326855 | U13: 45.295944 | V13: 45.331703 | W13: 44.917881 | X13: 43.83894 | Y13: 43.577366 | Z13: 43.492977 | AA13: 43.092228 | AB13: 42.861843 | AC13: 43.225697 | AD13: 42.924915 | AE13: 42.565437 | AG13: =AVERAGE($R13:$AB13) -> 44.84869
... A48: Equatorial Guinea | B48: GNQ | F48: 34.590435 | G48: 34.000645 | H48: 34.17503 | I48: 33.351429 | J48: 32.908165 | K48: 33.697369 | L48: 33.007206 | M48: 32.799999 | N48: 31.990612 | O48: 31.955618 | P48: 32.098701 | Q48: 31.580488 | R48: 31.401777 | S48: 31.4835 | T48: 31.284048 | U48: 30.827639 | V48: 31.424809 | W48: 31.877401 | X48: 31.736187 | Y48: 31.583359 | Z48: 32.119236 | AA48: 32.62289 | AB48: 33.330757 | AC48: 33.878975 | AD48: 33.865742 | AE48: 33.709209 | AG48: =AVERAGE($R48:$AB48) -> 31.790146
A49: Eritrea | B49: ERI | F49: 39.923378 | G49: 38.655334 | H49: 39.699898 | I49: 38.712605 | J49: 37.859909 | K49: 38.943405 | L49: 39.194004 | M49: 40.299999 | N49: 38.846722 | O49: 38.805672 | P49: 39.829224 | Q49: 39.353527 | R49: 39.285519 | S49: 39.228226 | T49: 39.116776 | U49: 39.824951 | V49: 39.161404 | W49: 39.343468 | X49: 38.654224 | Y49: 40.782795 | Z49: 41.242008 | AA49: 40.801228 | AB49: 41.248825 | AC49: 41.161804 | AG49: =AVERAGE($R49:$AB49) -> 39.880857
A50: Estonia | B50: EST | F50: 32.895302 | G50: 33.649742 | H50: 34.233429 | I50: 33.868534 | J50: 33.120659 | K50: 33.024975 | L50: 33.45097 | M50: 32.700001 | N50: 32.254807 | O50: 31.713985 | P50: 31.299526 | Q50: 30.919613 | R50: 30.257725 | S50: 29.310369 | T50: 29.032091 | U50: 29.806387 | V50: 31.741158 | W50: 31.541521 | X50: 30.62048 | Y50: 30.37085 | Z50: 30.280943 | AA50: 30.061119 | AB50: 30.036377 | AC50: 30.031496 | AD50: 29.569256 | AE50: 29.188324 | AG50: =AVERAGE($R50:$AB50) -> 30.278093
A51: Eswatini | B51: SWZ | F51: 42.588673 | G51: 42.479454 | H51: 41.556015 | I51: 41.910141 | J51: 42.73835 | K51: 42.676102 | L51: 42.442772 | M51: 41.400002 | N51: 41.350368 | O51: 40.688091 | P51: 41.262386 | Q51: 42.08382 | R51: 41.591122 | S51: 40.772919 | T51: 40.707748 | U51: 41.060356 | V51: 41.190441 | W51: 40.480717 | X51: 40.221882 | Y51: 39.281021 | Z51: 38.835026 | AA51: 39.160713 | AB51: 39.274418 | AC51: 39.486187 | AD51: 39.37006 | AE51: 38.931454 | AG51: =AVERAGE($R51:$AB51) -> 40.234215
A52: Ethiopia | B52: ETH | F52: 37.729801 | G52: 38.179462 | H52: 38.496284 | I52: 38.04438 | J52: 38.119766 | K52: 38.71513 | L52: 40.098007 | M52: 40.299999 | N52: 39.361347 | O52: 39.290134 | P52: 38.945591 | Q52: 38.475048 | R52: 38.28656 | S52: 37.797783 | T52: 37.037003 | U52: 36.623104 | V52: 36.339191 | W52: 35.956951 | X52: 35.950001 | Y52: 35.424263 | Z52: 35.271137 | AA52: 34.911129 | AB52: 34.749935 | AC52: 34.824413 | AD52: 34.531898 | AE52: 34.053925 | AG52: =AVERAGE($R52:$AB52) -> 36.213369
A53: Fiji | B53: FJI | F53: 34.703884 | G53: 33.41674 | H53: 33.073414 | I53: 32.798054 | J53: 33.489349 | K53: 34.067001 | L53: 32.840935 | M53: 33.599998 | N53: 33.104153 | O53: 32.430004 | P53: 32.862324 | Q53: 31.82324 | R53: 31.429987 | S53: 32.848927 | T53: 32.947742 | U53: 32.510925 | V53: 33.330368 | W53: 32.144638 | X53: 32.991554 | Y53: 33.59528 | Z53: 33.262768 | AA53: 32.244923 | AB53: 31.867552 | AC53: 31.490891 | AD53: 30.599731 | AE53: 30.081411 | AG53: =AVERAGE($R53:$AB53) -> 32.652242
A54: Finland | B54: FIN | F54: 20.236776 | G54: 19.963459 | H54: 19.690584 | I54: 19.796919 | J54: 19.250158 | K54: 18.768951 | L54: 18.46339 | M54: 18.1 | N54: 17.994543 | O54: 18.04262 | P54: 17.982567 | Q54: 17.896631 | R54: 17.840862 | S54: 17.591902 | T54: 17.364332 | U54: 17.41762 | V54: 18.261625 | W54: 18.076599 | X54: 17.878872 | Y54: 18.113913 | Z54: 18.319569 | AA54: 18.495827 | AB54: 18.629486 | AC54: 18.354671 | AD54: 17.978682 | AE54: 17.786581 | AG54: =AVERAGE($R54:$AB54) -> 17.999146
A55: France | B55: FRA | F55: 16.808504 | G55: 16.706005 | H55: 16.540771 | I55: 16.781889 | J55: 16.571392 | K55: 15.953897 | L55: 15.715094 | M55: 15.2 | N55: 14.967157 | O55: 15.212767 | P55: 15.290254 | Q55: 15.120858 | R55: 15.118074 | S55: 14.899965 | T55: 14.698662 | U55: 14.652357 | V55: 15.673038 | W55: 15.589509 | X55: 15.418811 | Y55: 15.575553 | Z55: 15.578229 | AA55: 15.5667 | AB55: 15.383033 | AC55: 15.304152 | AD55: 15.115433 | AE55: 14.7885 | AG55: =AVERAGE($R55:$AB55) -> 15.286721
A56: Gabon | B56: GAB | F56: 47.780609 | G56: 46.45858 | H56: 46.257202 | I56: 45.503902 | J56: 45.281872 | K56: 47.176167 | L56: 48.071808 | M56: 48 | N56: 50.455395 | O56: 50.916649 | P56: 51.036034 | Q56: 51.42762 | R56: 50.506195 | S56: 51.724369 | T56: 51.44632 | U56: 52.039742 | V56: 53.889885 | W56: 52.029057 | X56: 51.299271 | Y56: 51.704136 | Z56: 51.488358 | AA56: 51.023014 | AB56: 51.035278 | AC56: 51.17149 | AD56: 51.114414 | AE56: 50.099693 | AG56: =AVERAGE($R56:$AB56) -> 51.653238
A57: Gambia, The | B57: GMB | F57: 47.238285 | G57: 46.955162 | H57: 48.152683 | I57: 48.0994 | J57: 47.197857 | K57: 46.309181 | L57: 45.312664 | M57: 45.099998 | N57: 44.37241 | O57: 46.711586 | P57: 44.027744 | Q57: 42.318363 | R57: 45.326889 | S57: 46.405201 | T57: 45.959316 | U57: 45.964386 | V57: 44.171814 | W57: 43.324543 | X57: 47.646778 | Y57: 45.969437 | Z57: 46.631416 | AA57: 48.898102 | AB57: 49.629932 | AC57: 49.335735 | AD57: 48.197247 | AE57: 46.844101 | AG57: =AVERAGE($R57:$AB57) -> 46.357074
A58: Georgia | B58: GEO | F58: 67.899231 | G58: 68.917427 | H58: 69.345604 | I58: 68.211494 | J58: 68.359787 | K58: 68.430298 | L58: 68.566177 | M58: 67.300003 | N58: 67.490028 | O58: 67.712303 | P58: 66.736633 | Q58: 67.760674 | R58: 68.251465 | S58: 67.19072 | T58: 67.574806 | U58: 68.913315 | V58: 68.881569 | W58: 66.38932 | X58: 65.091164 | Y58: 64.537537 | Z58: 64.265884 | AA58: 63.779556 | AB58: 63.28698 | AC58: 63.22044 | AD58: 61.828232 | AE58: 61.235229 | AG58: =AVERAGE($R58:$AB58) -> 66.196574
A59: Germany | B59: DEU | F59: 16.882622 | G59: 16.79953 | H59: 16.780973 | I59: 16.867733 | J59: 16.619757 | K59: 16.32127 | L59: 16.262291 | M59: 16 | N59: 15.945912 | O59: 16.196968 | P59: 16.530506 | Q59: 16.238886 | R59: 16.21093 | S59: 15.66153 | T59: 15.199259 | U59: 15.348127 | V59: 16.420113 | W59: 15.973832 | X59: 15.380827 | Y59: 15.410168 | Z59: 15.597274 | AA59: 15.325316 | AB59: 15.239039 | AC59: 15.236104 | AD59: 15.139071 | AE59: 15.140614 | AG59: =AVERAGE($R59:$AB59) -> 15.615129
A60: Ghana | B60: GHA | F60: 43.884502 | G60: 43.298973 | H60: 42.537716 | I60: 43.054867 | J60: 42.87151 | K60: 42.279804 | L60: 42.320477 | M60: 41.900002 | N60: 41.854 | O60: 41.979088 | P60: 42.418999 | Q60: 42.375874 | R60: 42.843765 | S60: 40.018551 | T60: 39.834785 | U60: 39.923439 | V60: 39.456657 | W60: 39.284843 | X60: 40.576729 | Y60: 39.47414 | Z60: 38.858101 | AA60: 39.123665 | AB60: 38.802185 | AC60: 38.241268 | AD60: 37.591099 | AE60: 37.569698 | AG60: =AVERAGE($R60:$AB60) -> 39.836078
A61: Greece | B61: GRC | F61: 29.465055 | G61: 29.229128 | H61: 29.601931 | I61: 29.172876 | J61: 28.971531 | K61: 28.778118 | L61: 28.817793 | M61: 28.700001 | N61: 28.44533 | O61: 28.23089 | P61: 27.785994 | Q61: 27.440987 | R61: 27.688377 | S61: 27.319141 | T61: 27.19701 | U61: 27.257978 | V61: 28.336081 | W61: 28.691645 | X61: 29.517574 | Y61: 30.380508 | Z61: 30.202448 | AA61: 30.093637 | AB61: 30.167677 | AC61: 30.076464 | AD61: 29.756443 | AE61: 29.349083 | AG61: =AVERAGE($R61:$AB61) -> 28.804734
... A64: Guinea-Bissau | B64: GNB | F64: 36.162037 | G64: 36.03561 | H64: 35.906475 | I64: 34.570152 | J64: 33.924778 | K64: 39.628292 | L64: 38.714622 | M64: 39.599998 | N64: 38.944996 | O64: 39.577351 | P64: 40.260143 | Q64: 40.038914 | R64: 39.540386 | S64: 38.992599 | T64: 38.506336 | U64: 38.071236 | V64: 37.969997 | W64: 37.823467 | X64: 37.135174 | Y64: 38.31971 | Z64: 37.703564 | AA64: 39.502117 | AB64: 38.623943 | AC64: 37.868069 | AD64: 37.314907 | AE64: 36.779396 | AG64: =AVERAGE($R64:$AB64) -> 38.380775
A65: Guyana | B65: GUY | F65: 33.941936 | G65: 33.676575 | H65: 33.394394 | I65: 33.433624 | J65: 32.985542 | K65: 32.791878 | L65: 32.825356 | M65: 33.599998 | N65: 33.706646 | O65: 33.89185 | P65: 34.165852 | Q65: 33.849804 | R65: 34.888435 | S65: 32.282322 | T65: 31.305849 | U65: 32.049911 | V65: 31.747177 | W65: 31.221716 | X65: 30.863459 | Y65: 30.460287 | Z65: 30.450378 | AA65: 30.553844 | AB65: 30.602676 | AC65: 30.41968 | AG65: =AVERAGE($R65:$AB65) -> 31.493278
A66: Haiti | B66: HTI | F66: 54.502056 | G66: 61.113167 | H66: 58.28516 | I66: 56.328419 | J66: 56.63961 | K66: 56.044338 | L66: 54.825565 | M66: 55.400002 | N66: 56.859928 | O66: 58.096386 | P66: 58.456646 | Q66: 60.733856 | R66: 60.784271 | S66: 59.804379 | T66: 58.640224 | U66: 59.822994 | V66: 59.413139 | W66: 61.745842 | X66: 61.000668 | Y66: 60.50005 | Z66: 59.157848 | AA66: 59.244221 | AB66: 59.71003 | AC66: 60.003811 | AD66: 59.705265 | AE66: 59.085697 | AG66: =AVERAGE($R66:$AB66) -> 59.98397
A67: Honduras | B67: HND | F67: 49.333424 | G67: 49.345276 | H67: 48.852615 | I67: 49.993649 | J67: 48.752342 | K67: 49.064716 | L67: 49.76181 | M67: 49.599998 | N67: 50.168167 | O67: 50.136646 | P67: 50.6646 | Q67: 50.559044 | R67: 49.568306 | S67: 48.276863 | T67: 47.80175 | U67: 47.986767 | V67: 49.374966 | W67: 49.515209 | X67: 48.184029 | Y67: 48.257557 | Z67: 48.324944 | AA67: 48.005314 | AB67: 47.750397 | AC67: 47.328854 | AD67: 45.464218 | AE67: 45.554008 | AG67: =AVERAGE($R67:$AB67) -> 48.458736
A68: Hungary | B68: HUN | F68: 27.897995 | G68: 27.198603 | H68: 26.529018 | I68: 26.081352 | J68: 25.753767 | K68: 25.427734 | L68: 25.325394 | M68: 25.1 | N68: 24.835262 | O68: 24.787189 | P68: 24.932533 | Q68: 24.604818 | R68: 24.585865 | S68: 24.302431 | T68: 24.147604 | U68: 24.244118 | V68: 24.905844 | W68: 24.85535 | X68: 24.546848 | Y68: 24.488255 | Z68: 24.245667 | AA68: 24.004814 | AB68: 23.705143 | AC68: 23.537296 | AD68: 23.215511 | AE68: 22.775291 | AG68: =AVERAGE($R68:$AB68) -> 24.36654
A69: Iceland | B69: ISL | F69: 16.523705 | G69: 16.431404 | H69: 16.499861 | I69: 16.240894 | J69: 16.108965 | K69: 15.927001 | L69: 15.91927 | M69: 15.9 | N69: 15.856474 | O69: 16.218407 | P69: 16.270252 | Q69: 15.858902 | R69: 15.663559 | S69: 15.604206 | T69: 15.250415 | U69: 15.382854 | V69: 16.24843 | W69: 16.364605 | X69: 16.272186 | Y69: 16.167814 | Z69: 15.970172 | AA69: 15.865016 | AB69: 15.576094 | AC69: 15.221318 | AD69: 15.202729 | AE69: 15.147697 | AG69: =AVERAGE($R69:$AB69) -> 15.851396
A70: India | B70: IND | F70: 22.902859 | G70: 22.243155 | H70: 22.394056 | I70: 22.282246 | J70: 22.687395 | K70: 23.024748 | L70: 23.253344 | M70: 23.1 | N70: 22.817043 | O70: 22.685339 | P70: 22.151052 | Q70: 21.887848 | R70: 21.939844 | S70: 21.483025 | T70: 20.885742 | U70: 21.547546 | V70: 21.804804 | W70: 21.196896 | X70: 21.172609 | Y70: 21.109091 | Z70: 20.783535 | AA70: 20.740847 | AB70: 20.204659 | AC70: 19.932491 | AD70: 20.066374 | AE70: 19.729753 | AG70: =AVERAGE($R70:$AB70) -> 21.169872
A71: Indonesia | B71: IDN | F71: 20.102558 | G71: 19.805298 | H71: 19.512468 | I71: 19.583506 | J71: 19.31962 | K71: 19.358456 | L71: 19.582167 | M71: 19.4 | N71: 19.6234 | O71: 19.762365 | P71: 19.979429 | Q71: 19.956011 | R71: 19.933475 | S71: 19.834019 | T71: 19.530622 | U71: 19.366785 | V71: 19.588867 | W71: 19.205591 | X71: 19.075899 | Y71: 18.963539 | Z71: 18.881798 | AA71: 18.647932 | AB71: 18.724573 | AC71: 18.38983 | AD71: 18.110592 | AE71: 17.884134 | AG71: =AVERAGE($R71:$AB71) -> 19.250282
A72: Iran, Islamic Rep. | B72: IRN | F72: 19.369518 | G72: 19.460175 | H72: 19.398762 | I72: 19.150526 | J72: 18.80806 | K72: 19.057362 | L72: 18.766125 | M72: 18.9 | N72: 19.017946 | O72: 18.633118 | P72: 18.184938 | Q72: 17.792618 | R72: 18.212799 | S72: 17.994658 | T72: 17.125841 | U72: 17.277395 | V72: 17.586338 | W72: 17.423773 | X72: 17.086449 | Y72: 17.517382 | Z72: 17.642771 | AA72: 17.466387 | AB72: 17.883301 | AC72: 17.626982 | AD72: 17.500916 | AE72: 17.762594 | AG72: =AVERAGE($R72:$AB72) -> 17.56519
A73: Ireland | B73: IRL | F73: 17.520372 | G73: 17.409039 | H73: 17.113577 | I73: 16.838339 | J73: 16.566536 | K73: 16.274158 | L73: 16.060955 | M73: 15.9 | N73: 15.904167 | O73: 15.898274 | P73: 15.955291 | Q73: 15.882673 | R73: 15.659989 | S73: 15.769278 | T73: 15.778559 | U73: 16.2202 | V73: 16.777746 | W73: 16.644983 | X73: 16.543943 | Y73: 16.415398 | Z73: 16.314213 | AA73: 15.936738 | AB73: 14.963449 | AC73: 14.995302 | AD73: 14.743145 | AE73: 14.404099 | AG73: =AVERAGE($R73:$AB73) -> 16.093136
A74: Israel | B74: ISR | F74: 23.195154 | G74: 22.719151 | H74: 22.716702 | I74: 22.995506 | J74: 22.78887 | K74: 22.532972 | L74: 22.430666 | M74: 21.9 | N74: 22.326056 | O74: 22.810287 | P74: 22.627851 | Q74: 22.138081 | R74: 21.994642 | S74: 21.489452 | T74: 20.988714 | U74: 20.73102 | V74: 20.963779 | W74: 20.529436 | X74: 20.250113 | Y74: 20.445072 | Z74: 20.269644 | AA74: 20.151825 | AB74: 19.858934 | AC74: 19.710121 | AD74: 19.569618 | AE74: 19.66255 | AG74: =AVERAGE($R74:$AB74) -> 20.697512
A75: Italy | B75: ITA | F75: 30.580818 | G75: 29.995689 | H75: 28.973577 | I75: 28.638283 | J75: 28.368341 | K75: 27.989559 | L75: 27.721178 | M75: 27.1 | N75: 26.924555 | O75: 26.917469 | P75: 27.143864 | Q75: 27.108978 | R75: 27.308575 | S75: 27.035728 | T75: 26.700823 | U75: 27.255178 | V75: 28.857277 | W75: 28.593012 | X75: 28.205343 | Y75: 28.993444 | Z75: 29.640575 | AA75: 29.772015 | AB75: 29.302025 | AC75: 28.923199 | AD75: 28.481583 | AE75: 28.414623 | AG75: =AVERAGE($R75:$AB75) -> 28.333091
A76: Jamaica | B76: JAM | F76: 33.357243 | G76: 32.751976 | H76: 32.451801 | I76: 33.571476 | J76: 34.930058 | K76: 36.497948 | L76: 36.23716 | M76: 36.400002 | N76: 36.225082 | O76: 35.782207 | P76: 34.073288 | Q76: 33.184425 | R76: 33.756836 | S76: 32.041576 | T76: 31.827669 | U76: 32.923763 | V76: 35.284767 | W76: 36.084236 | X76: 35.534836 | Y76: 36.55547 | Z76: 36.460953 | AA76: 35.815968 | AB76: 35.287888 | AC76: 34.687286 | AD76: 34.089149 | AE76: 33.23048 | AG76: =AVERAGE($R76:$AB76) -> 34.688542
A77: Japan | B77: JPN | F77: 11.151356 | G77: 11.191975 | H77: 11.120049 | I77: 11.105954 | J77: 11.05342 | K77: 11.210633 | L77: 11.323529 | M77: 11.2 | N77: 11.28636 | O77: 11.398765 | P77: 11.274771 | Q77: 11.059145 | R77: 10.952668 | S77: 10.755595 | T77: 10.677129 | U77: 10.791588 | V77: 11.331862 | W77: 11.057933 | X77: 11.084731 | Y77: 10.985762 | Z77: 10.768731 | AA77: 10.660847 | AB77: 10.525887 | AC77: 10.448914 | AD77: 10.317 | AE77: 10.20754 | AG77: =AVERAGE($R77:$AB77) -> 10.872067
... A88: Liberia | B88: LBR | F88: 47.23394 | G88: 47.631592 | H88: 47.788696 | I88: 49.554646 | J88: 48.644272 | K88: 48.380142 | L88: 47.964554 | M88: 43.200001 | N88: 43.002182 | O88: 42.427063 | P88: 44.033146 | Q88: 44.826847 | R88: 45.213387 | S88: 44.148964 | T88: 45.29493 | U88: 45.444813 | V88: 44.716877 | W88: 43.90929 | X88: 43.75856 | Y88: 43.45298 | Z88: 43.819859 | AA88: 43.663349 | AB88: 43.800896 | AC88: 44.471966 | AD88: 44.528214 | AE88: 44.585964 | AG88: =AVERAGE($R88:$AB88) -> 44.293082
A89: Libya | B89: LBY | F89: 32.432827 | G89: 32.466278 | H89: 33.344131 | I89: 33.373886 | J89: 33.544979 | K89: 33.933598 | L89: 35.133305 | M89: 35.099998 | N89: 35.224266 | O89: 35.089931 | P89: 34.447304 | Q89: 34.305416 | R89: 33.869751 | S89: 33.532166 | T89: 33.37854 | U89: 33.019394 | V89: 33.870434 | W89: 33.343464 | X89: 37.162533 | Y89: 35.229233 | Z89: 36.55965 | AA89: 37.24316 | AB89: 36.535477 | AC89: 36.757011 | AG89: =AVERAGE($R89:$AB89) -> 34.8858
A90: Lithuania | B90: LTU | F90: 31.268019 | G90: 32.742653 | H90: 34.193665 | I90: 34.053661 | J90: 33.918125 | K90: 34.120358 | L90: 33.798073 | M90: 33.700001 | N90: 33.253574 | O90: 32.647141 | P90: 32.079708 | Q90: 31.772089 | R90: 31.198669 | S90: 30.926634 | T90: 30.198421 | U90: 30.411993 | V90: 31.736208 | W90: 31.588427 | X90: 30.943632 | Y90: 30.405441 | Z90: 30.02021 | AA90: 29.706821 | AB90: 29.401794 | AC90: 29.210987 | AD90: 28.875042 | AE90: 28.543806 | AG90: =AVERAGE($R90:$AB90) -> 30.594387
A91: Luxembourg | B91: LUX | F91: 10.623055 | G91: 10.537747 | H91: 10.632209 | I91: 10.620887 | J91: 10.517891 | K91: 10.319105 | L91: 10.053813 | M91: 9.8000002 | N91: 9.9440498 | O91: 9.9886456 | P91: 10.193722 | Q91: 10.270028 | R91: 10.273524 | S91: 9.9906168 | T91: 9.6283979 | U91: 9.8661661 | V91: 10.368394 | W91: 10.17101 | X91: 10.103178 | Y91: 10.372834 | Z91: 10.369743 | AA91: 10.198944 | AB91: 10.105746 | AC91: 9.9058084 | AD91: 10.00042 | AE91: 9.9828138 | AG91: =AVERAGE($R91:$AB91) -> 10.131687
A92: Madagascar | B92: MDG | F92: 39.063782 | G92: 40.457661 | H92: 40.766392 | I92: 41.408268 | J92: 40.874386 | K92: 40.676231 | L92: 39.955936 | M92: 39.599998 | N92: 39.032356 | O92: 45.263412 | P92: 43.459438 | Q92: 41.805134 | R92: 40.963585 | S92: 40.914894 | T92: 41.359951 | U92: 39.242451 | V92: 42.108261 | W92: 42.65255 | X92: 43.33712 | Y92: 43.445541 | Z92: 43.754284 | AA92: 43.690598 | AB92: 43.619282 | AC92: 42.980534 | AD92: 42.716354 | AE92: 41.6959 | AG92: =AVERAGE($R92:$AB92) -> 42.280774
A93: Malawi | B93: MWI | F93: 40.572853 | G93: 44.68449 | H93: 41.457256 | I93: 39.835705 | J93: 40.189487 | K93: 39.840107 | L93: 39.852577 | M93: 40.299999 | N93: 41.6292 | O93: 41.056599 | P93: 40.627827 | Q93: 40.653614 | R93: 40.992592 | S93: 40.832115 | T93: 39.354702 | U93: 39.251316 | V93: 39.02924 | W93: 38.325378 | X93: 38.180893 | Y93: 38.488941 | Z93: 38.524658 | AA93: 37.747814 | AB93: 37.923214 | AC93: 37.911606 | AD93: 37.568508 | AE93: 37.59552 | AG93: =AVERAGE($R93:$AB93) -> 38.96826
A94: Malaysia | B94: MYS | F94: 33.753101 | G94: 33.215824 | H94: 32.646103 | I94: 31.979715 | J94: 31.483463 | K94: 31.701399 | L94: 32.066193 | M94: 31.1 | N94: 32.28318 | O94: 32.592503 | P94: 32.351334 | Q94: 32.012661 | R94: 31.368071 | S94: 30.785025 | T94: 30.749216 | U94: 30.77581 | V94: 31.970697 | W94: 31.192619 | X94: 31.271908 | Y94: 31.380199 | Z94: 31.162289 | AA94: 29.994543 | AB94: 30.451864 | AC94: 30.295069 | AD94: 29.877005 | AE94: 29.26174 | AG94: =AVERAGE($R94:$AB94) -> 31.009295
A95: Maldives | B95: MDV | F95: 31.656271 | G95: 31.478552 | H95: 30.590868 | I95: 30.012552 | J95: 29.999184 | K95: 29.850613 | L95: 29.957233 | M95: 30.299999 | N95: 30.731194 | O95: 30.682209 | P95: 30.244871 | Q95: 30.110172 | R95: 31.563244 | S95: 30.43749 | T95: 30.162308 | U95: 30.080999 | V95: 31.078297 | W95: 30.253239 | X95: 29.601522 | Y95: 29.789331 | Z95: 29.701809 | AA95: 29.86199 | AB95: 29.628012 | AC95: 29.600433 | AD95: 29.501484 | AE95: 29.322233 | AG95: =AVERAGE($R95:$AB95) -> 30.196204
A96: Mali | B96: MLI | F96: 42.682346 | G96: 41.982742 | H96: 42.049831 | I96: 41.977531 | J96: 41.601692 | K96: 43.379642 | L96: 41.642551 | M96: 42.299999 | N96: 40.662304 | O96: 40.638176 | P96: 40.306778 | Q96: 40.748821 | R96: 39.830776 | S96: 39.43259 | T96: 39.787422 | U96: 40.039268 | V96: 39.751926 | W96: 39.602962 | X96: 40.357227 | Y96: 40.167179 | Z96: 40.40295 | AA96: 40.183144 | AB96: 40.697899 | AC96: 40.432056 | AD96: 39.955402 | AE96: 39.582741 | AG96: =AVERAGE($R96:$AB96) -> 40.023031
A97: Malta | B97: MLT | F97: 28.743198 | G97: 28.71096 | H97: 28.274448 | I97: 28.642193 | J97: 28.216244 | K97: 27.881441 | L97: 27.602285 | M97: 27.1 | N97: 27.708279 | O97: 27.519833 | P97: 27.752123 | Q97: 27.975349 | R97: 27.465027 | S97: 27.273613 | T97: 26.590393 | U97: 26.920229 | V97: 27.38113 | W97: 27.122484 | X97: 27.067314 | Y97: 27.084105 | Z97: 26.636377 | AA97: 26.281742 | AB97: 25.468523 | AC97: 24.540222 | AD97: 23.862156 | AE97: 23.959713 | AG97: =AVERAGE($R97:$AB97) -> 26.844631
A98: Mauritania | B98: MRT | F98: 35.268791 | G98: 35.746677 | H98: 35.095699 | I98: 34.646152 | J98: 35.208397 | K98: 35.946476 | L98: 35.621262 | M98: 36.099998 | N98: 36.102852 | O98: 36.86557 | P98: 36.925846 | Q98: 36.707012 | R98: 35.820786 | S98: 34.187344 | T98: 34.43536 | U98: 34.265915 | V98: 34.533943 | W98: 34.218124 | X98: 33.850887 | Y98: 33.725849 | Z98: 33.394962 | AA98: 33.300507 | AB98: 33.701214 | AC98: 33.48481 | AD98: 33.373264 | AE98: 33.372982 | AG98: =AVERAGE($R98:$AB98) -> 34.130445
A99: Mauritius | B99: MUS | F99: 23.70767 | G99: 23.926769 | H99: 23.692289 | I99: 23.799074 | J99: 23.449844 | K99: 23.204096 | L99: 23.470846 | M99: 23.1 | N99: 22.707066 | O99: 22.875879 | P99: 22.648674 | Q99: 22.815281 | R99: 23.152876 | S99: 22.718786 | T99: 21.638351 | U99: 21.256456 | V99: 21.875315 | W99: 21.729771 | X99: 21.473198 | Y99: 21.41119 | Z99: 21.818558 | AA99: 21.657354 | AB99: 21.569998 | AC99: 21.612017 | AD99: 21.356384 | AE99: 21.257339 | AG99: =AVERAGE($R99:$AB99) -> 21.845623
A100: Mexico | B100: MEX | F100: 31.830097 | G100: 31.813284 | H100: 33.121132 | I100: 31.889715 | J100: 30.979132 | K100: 30.412363 | L100: 30.332367 | M100: 30.1 | N100: 30.432213 | O100: 30.854355 | P100: 31.187431 | Q100: 30.93471 | R100: 30.868692 | S100: 30.297483 | T100: 30.130899 | U100: 30.286228 | V100: 32.01799 | W100: 31.503332 | X100: 30.997442 | Y100: 30.602995 | Z100: 30.678698 | AA100: 30.69039 | AB100: 30.295362 | AC100: 29.959562 | AD100: 29.83744 | AE100: 29.855869 | AG100: =AVERAGE($R100:$AB100) -> 30.760865
A101: Moldova | B101: MDA | F101: 42.625019 | G101: 45.657047 | H101: 46.199734 | I101: 45.783714 | J101: 45.704151 | K101: 45.895317 | L101: 45.671013 | M101: 45.099998 | N101: 44.647591 | O101: 45.185368 | P101: 45.19949 | Q101: 44.503376 | R101: 44.042522 | S101: 44.408913 | T101: 43.864388 | U101: 43.227871 | V101: 44.182182 | W101: 43.288368 | X101: 42.49231 | Y101: 42.266907 | Z101: 41.152096 | AA101: 40.371208 | AB101: 41.082245 | AC101: 40.868496 | AD101: 40.367893 | AE101: 39.752228 | AG101: =AVERAGE($R101:$AB101) -> 42.761728
... A117: Panama | B117: PAN | F117: 65.386559 | G117: 65.244247 | H117: 65.429726 | I117: 65.006409 | J117: 63.879978 | K117: 63.599876 | L117: 63.667995 | M117: 64.099998 | N117: 65.00219 | O117: 65.800179 | P117: 65.36882 | Q117: 64.78669 | R117: 63.630165 | S117: 62.674164 | T117: 61.293129 | U117: 60.529549 | V117: 60.543972 | W117: 60.666786 | X117: 59.514343 | Y117: 57.702728 | Z117: 57.201725 | AA117: 56.628391 | AB117: 56.360111 | AC117: 56.789619 | AD117: 57.031055 | AE117: 58.259449 | AG117: =AVERAGE($R117:$AB117) -> 59.704097
A118: Papua New Guinea | B118: PNG | F118: 35.949032 | G118: 35.073257 | H118: 35.702065 | I118: 34.888317 | J118: 35.811409 | K118: 35.817421 | L118: 35.750576 | M118: 36.099998 | N118: 36.098042 | O118: 36.126331 | P118: 36.191486 | Q118: 36.357021 | R118: 36.453018 | S118: 36.154579 | T118: 35.479443 | U118: 35.577168 | V118: 35.514816 | W118: 34.515312 | X118: 34.747215 | Y118: 35.038136 | Z118: 36.006199 | AA118: 34.881317 | AB118: 32.963402 | AC118: 32.999271 | AG118: =AVERAGE($R118:$AB118) -> 35.211873
A119: Paraguay | B119: PRY | F119: 38.463051 | G119: 38.204418 | H119: 37.351269 | I119: 37.892437 | J119: 38.248154 | K119: 38.591854 | L119: 38.997547 | M119: 39.799999 | N119: 39.54282 | O119: 39.664463 | P119: 38.570164 | Q119: 38.218933 | R119: 37.885319 | S119: 38.145149 | T119: 37.235729 | U119: 36.667183 | V119: 37.73262 | W119: 36.774544 | X119: 36.563828 | Y119: 37.612053 | Z119: 36.776337 | AA119: 36.554691 | AB119: 36.465343 | AC119: 35.834114 | AD119: 35.258816 | AE119: 34.655487 | AG119: =AVERAGE($R119:$AB119) -> 37.128436
A120: Peru | B120: PER | F120: 58.909142 | G120: 58.379559 | H120: 58.962688 | I120: 59.181248 | J120: 58.308487 | K120: 58.674892 | L120: 59.806412 | M120: 59.900002 | N120: 59.829681 | O120: 59.679298 | P120: 60.074299 | Q120: 59.445057 | R120: 59.439953 | S120: 58.542522 | T120: 57.480793 | U120: 56.620575 | V120: 57.424454 | W120: 55.723663 | X120: 55.095642 | Y120: 54.889374 | Z120: 55.020412 | AA120: 55.849621 | AB120: 56.935768 | AC120: 56.905064 | AD120: 56.755207 | AE120: 56.624565 | AG120: =AVERAGE($R120:$AB120) -> 56.638434
A121: Philippines | B121: PHL | F121: 42.508522 | G121: 42.708443 | H121: 42.920429 | I121: 43.37598 | J121: 43.638729 | K121: 43.726425 | L121: 43.331322 | M121: 43.299999 | N121: 43.00906 | O121: 42.707901 | P121: 42.277645 | Q121: 41.993046 | R121: 40.61367 | S121: 40.731625 | T121: 40.024094 | U121: 39.741131 | V121: 40.4245 | W121: 39.919193 | X121: 39.566719 | Y121: 39.816765 | Z121: 39.459068 | AA121: 38.85659 | AB121: 38.754868 | AC121: 38.666138 | AD121: 38.331348 | AE121: 38.056637 | AG121: =AVERAGE($R121:$AB121) -> 39.809838
A122: Poland | B122: POL | F122: 30.312187 | G122: 28.662645 | H122: 28.481907 | I122: 27.980301 | J122: 27.586706 | K122: 27.275154 | L122: 27.403481 | M122: 27.6 | N122: 28.030491 | O122: 28.11652 | P122: 28.092957 | Q122: 27.727673 | R122: 27.560995 | S122: 27.428564 | T122: 26.812393 | U122: 26.687344 | V122: 26.623095 | W122: 26.616747 | X122: 25.93494 | Y122: 25.764542 | Z122: 25.761786 | AA122: 25.4562 | AB122: 25.33321 | AC122: 25.194817 | AD122: 24.903894 | AE122: 24.655708 | AG122: =AVERAGE($R122:$AB122) -> 26.361801
A123: Portugal | B123: PRT | F123: 24.153496 | G123: 24.172083 | H123: 23.858767 | I123: 23.474882 | J123: 23.177158 | K123: 22.880545 | L123: 22.69899 | M123: 22.700001 | N123: 22.58971 | O123: 22.592564 | P123: 22.967682 | Q123: 23.043921 | R123: 23.187883 | S123: 23.084957 | T123: 22.656179 | U123: 22.453768 | V123: 23.189003 | W123: 23.063097 | X123: 23.136272 | Y123: 23.155579 | Z123: 23.146378 | AA123: 23.072483 | AB123: 22.374617 | AC123: 22.02993 | AD123: 21.315744 | AE123: 21.044056 | AG123: =AVERAGE($R123:$AB123) -> 22.956383
A124: Qatar | B124: QAT | F124: 20.667341 | G124: 20.62973 | H124: 20.497766 | I124: 20.511396 | J124: 19.606863 | K124: 19.284544 | L124: 19.14397 | M124: 19 | N124: 18.866476 | O124: 18.614985 | P124: 18.846958 | Q124: 18.544333 | R124: 18.814949 | S124: 18.337811 | T124: 18.21623 | U124: 17.981064 | V124: 18.114246 | W124: 17.845104 | X124: 17.698847 | Y124: 17.757019 | Z124: 17.787897 | AA124: 17.942461 | AB124: 18.125803 | AC124: 18.276369 | AD124: 18.230398 | AE124: 18.26619 | AG124: =AVERAGE($R124:$AB124) -> 18.056494
A125: Romania | B125: ROU | F125: 33.422596 | G125: 33.740662 | H125: 33.045982 | I125: 32.453815 | J125: 32.819447 | K125: 32.847511 | L125: 34.374577 | M125: 34.400002 | N125: 33.677265 | O125: 33.39883 | P125: 33.527142 | Q125: 32.882355 | R125: 33.228138 | S125: 32.717308 | T125: 32.18129 | U125: 31.764217 | V125: 32.356365 | W125: 32.247791 | X125: 31.881767 | Y125: 31.740858 | Z125: 31.144192 | AA125: 30.884062 | AB125: 30.577679 | AC125: 30.701508 | AD125: 30.283464 | AE125: 30.269316 | AG125: =AVERAGE($R125:$AB125) -> 31.88397
A126: Russian Federation | B126: RUS | F126: 46.985279 | G126: 47.454952 | H126: 47.803608 | I126: 48.135853 | J126: 49.288383 | K126: 48.790905 | L126: 46.579628 | M126: 46.099998 | N126: 45.988022 | O126: 46.018284 | P126: 45.823448 | Q126: 45.010529 | R126: 44.594124 | S126: 44.259132 | T126: 43.461937 | U126: 43.349033 | V126: 45.629448 | W126: 44.327236 | X126: 43.350136 | Y126: 43.066765 | Z126: 43.180664 | AA126: 42.575554 | AB126: 42.841816 | AC126: 43.104988 | AD126: 42.678352 | AE126: 42.117359 | AG126: =AVERAGE($R126:$AB126) -> 43.694168
A127: Rwanda | B127: RWA | F127: 38.862274 | G127: 39.664005 | H127: 38.870049 | I127: 39.315556 | J127: 38.726467 | K127: 38.735935 | L127: 40.458736 | M127: 40.299999 | N127: 40.264038 | O127: 40.235031 | P127: 40.036041 | Q127: 39.633224 | R127: 39.561611 | S127: 38.762535 | T127: 38.19632 | U127: 37.478127 | V127: 37.424374 | W127: 37.271675 | X127: 36.736328 | Y127: 36.707142 | Z127: 36.53957 | AA127: 36.686344 | AB127: 36.114624 | AC127: 35.726616 | AD127: 35.111095 | AE127: 34.413574 | AG127: =AVERAGE($R127:$AB127) -> 37.40715
A128: Saudi Arabia | B128: SAU | F128: 18.155952 | G128: 17.880186 | H128: 18.131104 | I128: 18.348881 | J128: 18.63316 | K128: 18.803562 | L128: 18.556423 | M128: 18.4 | N128: 18.884684 | O128: 19.390903 | P128: 18.782869 | Q128: 18.241438 | R128: 17.878593 | S128: 17.94602 | T128: 17.733212 | U128: 16.987715 | V128: 17.936907 | W128: 17.525928 | X128: 17.074327 | Y128: 16.694296 | Z128: 16.966776 | AA128: 17.135273 | AB128: 17.323929 | AC128: 16.982016 | AD128: 17.190176 | AE128: 17.150269 | AG128: =AVERAGE($R128:$AB128) -> 17.382089
A129: Senegal | B129: SEN | F129: 48.391602 | G129: 47.411018 | H129: 46.310322 | I129: 46.619335 | J129: 46.311474 | K129: 45.143684 | L129: 45.108631 | M129: 45.099998 | N129: 44.399864 | O129: 43.705597 | P129: 44.414795 | Q129: 44.394951 | R129: 44.031345 | S129: 44.683064 | T129: 44.4818 | U129: 43.499863 | V129: 44.885181 | W129: 45.034786 | X129: 46.084042 | Y129: 45.521358 | Z129: 45.512741 | AA129: 44.658882 | AB129: 43.603119 | AC129: 42.938549 | AD129: 42.136494 | AE129: 41.104961 | AG129: =AVERAGE($R129:$AB129) -> 44.726926
A130: Sierra Leone | B130: SLE | F130: 46.00285 | G130: 46.363731 | H130: 46.074306 | I130: 47.169468 | J130: 46.757156 | K130: 46.655277 | L130: 47.941509 | M130: 48.599998 | N130: 48.69252 | O130: 48.044304 | P130: 46.51231 | Q130: 45.604183 | R130: 45.967194 | S130: 45.454044 | T130: 44.595684 | U130: 44.797764 | V130: 45.210793 | W130: 44.968811 | X130: 44.475857 | Y130: 43.596832 | Z130: 41.347038 | AA130: 40.162979 | AB130: 43.757156 | AC130: 43.995605 | AD130: 42.697021 | AE130: 41.743336 | AG130: =AVERAGE($R130:$AB130) -> 44.030377
... A133: Slovenia | B133: SVN | F133: 28.836803 | G133: 28.191984 | H133: 27.372505 | I133: 27.271509 | J133: 27.050983 | K133: 27.056652 | L133: 26.953182 | M133: 27.1 | N133: 26.867487 | O133: 26.614838 | P133: 26.38064 | Q133: 26.348568 | R133: 26.271372 | S133: 25.726627 | T133: 24.728077 | U133: 24.477728 | V133: 26.098568 | W133: 26.499781 | X133: 26.706371 | Y133: 26.796591 | Z133: 26.750141 | AA133: 26.193329 | AB133: 26.024403 | AC133: 25.658232 | AD133: 24.841688 | AE133: 24.425432 | AG133: =AVERAGE($R133:$AB133) -> 26.024817
A134: Solomon Islands | B134: SLB | F134: 32.450333 | G134: 30.971777 | H134: 30.866493 | I134: 31.146828 | J134: 31.172483 | K134: 30.687529 | L134: 31.165668 | M134: 33.400002 | N134: 34.230568 | O134: 34.464588 | P134: 33.998814 | Q134: 33.789886 | R134: 33.649052 | S134: 33.911316 | T134: 33.48045 | U134: 32.858067 | V134: 33.935703 | W134: 33.708805 | X134: 31.553896 | Y134: 31.421627 | Z134: 31.546904 | AA134: 31.774366 | AB134: 31.875137 | AC134: 31.793097 | AG134: =AVERAGE($R134:$AB134) -> 32.701393
A135: South Africa | B135: ZAF | F135: 29.567928 | G135: 29.111025 | H135: 28.009424 | I135: 28.240095 | J135: 28.560904 | K135: 28.79694 | L135: 28.594652 | M135: 28.4 | N135: 28.288116 | O135: 28.409792 | P135: 28.372868 | Q135: 28.021168 | R135: 27.784208 | S135: 26.935677 | T135: 26.410719 | U135: 26.6231 | V135: 27.51264 | W135: 27.69915 | X135: 27.378632 | Y135: 27.575691 | Z135: 27.526598 | AA135: 27.725803 | AB135: 27.669252 | AC135: 28.01376 | AD135: 28.075172 | AE135: 28.280643 | AG135: =AVERAGE($R135:$AB135) -> 27.349225
A136: Spain | B136: ESP | F136: 25.053364 | G136: 24.826555 | H136: 24.608465 | I136: 24.26166 | J136: 23.886709 | K136: 23.524792 | L136: 23.12566 | M136: 22.700001 | N136: 22.308287 | O136: 22.240376 | P136: 22.176018 | Q136: 22.373041 | R136: 22.148415 | S136: 22.214155 | T136: 22.095076 | U136: 22.557337 | V136: 23.580841 | W136: 23.643591 | X136: 23.775286 | Y136: 23.89621 | Z136: 23.973497 | AA136: 23.737595 | AB136: 23.320303 | AC136: 22.934916 | AD136: 22.571915 | AE136: 22.355961 | AG136: =AVERAGE($R136:$AB136) -> 23.176573
A137: Sri Lanka | B137: LKA | F137: 45.532261 | G137: 45.48785 | H137: 45.742123 | I137: 45.259804 | J137: 45.193691 | K137: 44.993351 | L137: 44.607937 | M137: 44.599998 | N137: 44.349876 | O137: 44.6483 | P137: 44.653305 | Q137: 45.118473 | R137: 44.727501 | S137: 44.560349 | T137: 44.086662 | U137: 44.090839 | V137: 44.436176 | W137: 41.946609 | X137: 41.350933 | Y137: 40.860054 | Z137: 40.710297 | AA137: 40.156052 | AB137: 40.20237 | AC137: 39.878101 | AD137: 39.986912 | AE137: 40.168221 | AG137: =AVERAGE($R137:$AB137) -> 42.466167
A138: Suriname | B138: SUR | F138: 41.098763 | G138: 39.730549 | H138: 41.17614 | I138: 40.541412 | J138: 40.680645 | K138: 40.9305 | L138: 39.131809 | M138: 39.799999 | N138: 39.140984 | O138: 39.181747 | P138: 39.550064 | Q138: 38.19677 | R138: 37.454765 | S138: 37.805271 | T138: 36.772774 | U138: 36.435436 | V138: 36.832333 | W138: 36.445023 | X138: 35.88615 | Y138: 35.659229 | Z138: 35.370434 | AA138: 35.664547 | AB138: 36.618484 | AC138: 37.14854 | AD138: 37.410568 | AE138: 37.380516 | AG138: =AVERAGE($R138:$AB138) -> 36.449495
A139: Sweden | B139: SWE | F139: 21.730503 | G139: 21.218548 | H139: 20.650862 | I139: 20.803724 | J139: 20.466722 | K139: 20.161205 | L139: 19.886864 | M139: 19.200001 | N139: 19.119335 | O139: 19.315529 | P139: 19.336308 | Q139: 18.903498 | R139: 19.137175 | S139: 18.890261 | T139: 18.202194 | U139: 18.526814 | V139: 19.410194 | W139: 18.824812 | X139: 18.651821 | Y139: 19.097034 | Z139: 19.338577 | AA139: 19.319408 | AB139: 18.938587 | AC139: 19.123175 | AD139: 18.834776 | AE139: 18.737398 | AG139: =AVERAGE($R139:$AB139) -> 18.939716
A140: Switzerland | B140: CHE | F140: 9.344286 | G140: 9.3301353 | H140: 9.2390938 | I140: 9.4004488 | J140: 9.2015209 | K140: 8.9247799 | L140: 8.8300724 | M140: 8.6000004 | N140: 8.6058254 | O140: 8.8239679 | P140: 9.1280727 | Q140: 8.8084955 | R140: 8.8243494 | S140: 8.3598442 | T140: 8.0653944 | U140: 8.0664148 | V140: 8.5917797 | W140: 8.5294733 | X140: 8.4923811 | Y140: 8.5707436 | Z140: 8.6257677 | AA140: 8.4641323 | AB140: 8.5084343 | AC140: 8.516037 | AD140: 8.4596682 | AE140: 8.2989779 | AG140: =AVERAGE($R140:$AB140) -> 8.4635195
A141: Syrian Arab Republic | B141: SYR | F141: 19.421669 | G141: 19.237274 | H141: 19.065912 | I141: 18.756756 | J141: 18.700981 | K141: 18.40678 | L141: 18.681322 | M141: 19.299999 | N141: 19.448767 | O141: 19.236429 | P141: 19.714516 | Q141: 20.014725 | R141: 19.371078 | S141: 18.513624 | T141: 18.541891 | U141: 18.344099 | V141: 18.06254 | W141: 18.076979 | X141: 18.689697 | Y141: 20.077383 | Z141: 21.146355 | AA141: 20.961504 | AB141: 19.759985 | AC141: 19.873941 | AD141: 19.82172 | AE141: 19.742767 | AG141: =AVERAGE($R141:$AB141) -> 19.231376
A142: Tajikistan | B142: TJK | F142: 43.826 | G142: 43.73296 | H142: 44.157463 | I142: 44.923576 | J142: 44.926933 | K142: 43.83979 | L142: 43.818573 | M142: 43.200001 | N142: 43.143494 | O142: 43.140987 | P142: 42.496895 | Q142: 42.580345 | R142: 42.989471 | S142: 42.035275 | T142: 41.433556 | U142: 40.968384 | V142: 41.616661 | W142: 41.001122 | X142: 41.096252 | Y142: 40.489788 | Z142: 40.556065 | AA142: 39.864971 | AB142: 39.887173 | AC142: 39.682575 | AD142: 40.07761 | AE142: 38.740318 | AG142: =AVERAGE($R142:$AB142) -> 41.085338
A143: Tanzania | B143: TZA | F143: 62.293701 | G143: 61.704395 | H143: 60.263157 | I143: 60.5989 | J143: 58.99091 | K143: 58.650795 | L143: 58.241604 | M143: 58.299999 | N143: 58.116589 | O143: 57.421387 | P143: 57.588634 | Q143: 57.577164 | R143: 57.02219 | S143: 57.468735 | T143: 56.557217 | U143: 56.258709 | V143: 56.685768 | W143: 55.995575 | X143: 55.753754 | Y143: 55.827415 | Z143: 55.278378 | AA143: 54.805252 | AB143: 54.356365 | AC143: 53.523624 | AD143: 53.175873 | AE143: 54.100403 | AG143: =AVERAGE($R143:$AB143) -> 56.000851
A144: Thailand | B144: THA | F144: 51.533199 | G144: 51.098671 | H144: 50.744904 | I144: 50.876331 | J144: 51.347076 | K144: 53.669437 | L144: 53.285019 | M144: 52.599998 | N144: 52.362919 | O144: 51.366203 | P144: 50.538952 | Q144: 50.407223 | R144: 50.008247 | S144: 49.408352 | T144: 49.495392 | U144: 50.012512 | V144: 50.743435 | W144: 50.11985 | X144: 50.00877 | Y144: 49.458748 | Z144: 49.187191 | AA144: 49.164574 | AB144: 48.94437 | AC144: 48.661877 | AD144: 48.02042 | AE144: 47.630985 | AG144: =AVERAGE($R144:$AB144) -> 49.686495
A145: Togo | B145: TGO | F145: 38.783356 | G145: 36.46944 | H145: 36.04567 | I145: 34.982548 | J145: 33.733692 | K145: 34.688526 | L145: 34.703087 | M145: 35.099998 | N145: 35.573677 | O145: 35.705345 | P145: 35.565147 | Q145: 35.823742 | R145: 36.127541 | S145: 36.096893 | T145: 35.890022 | U145: 36.393517 | V145: 35.395977 | W145: 34.773762 | X145: 34.534901 | Y145: 34.643661 | Z145: 34.341831 | AA145: 34.234619 | AB145: 34.135216 | AC145: 33.494282 | AD145: 33.505566 | AE145: 33.01001 | AG145: =AVERAGE($R145:$AB145) -> 35.14254
A146: Trinidad and Tobago | B146: TTO | F146: 37.526268 | G146: 36.830032 | H146: 36.921284 | I146: 37.225098 | J146: 36.572735 | K146: 35.762066 | L146: 35.486431 | M146: 34.400002 | N146: 34.779915 | O146: 34.573887 | P146: 33.74855 | Q146: 33.379364 | R146: 33.297676 | S146: 32.640305 | T146: 32.110622 | U146: 31.705086 | V146: 33.1423 | W146: 32.836792 | X146: 32.341019 | Y146: 32.391277 | Z146: 32.315311 | AA146: 32.607681 | AB146: 32.70578 | AC146: 33.109573 | AD146: 33.135544 | AE146: 33.279602 | AG146: =AVERAGE($R146:$AB146) -> 32.553986
... A159: Zimbabwe | B159: ZWE | F159: 59.386307 | G159: 58.190407 | H159: 58.909702 | I159: 57.311012 | J159: 57.598072 | K159: 56.975769 | L159: 57.400249 | M159: 59.400002 | N159: 57.381802 | O159: 58.442608 | P159: 60.338001 | Q159: 61.249111 | R159: 61.399235 | S159: 60.381172 | T159: 60.31741 | U159: 62.220551 | V159: 63.295959 | W159: 62.394997 | X159: 61.752216 | Y159: 60.489265 | Z159: 60.143707 | AA159: 60.275253 | AB159: 60.070038 | AC159: 59.994133 | AD159: 60.103474 | AE159: 58.677006 | AG159: =AVERAGE($R159:$AB159) -> 61.158164

Sheet own_calc
A1: country | B1: countrycode | C1: year | E1: employment | F1: employment_info | G1: out_share | H1: gdp | I1: consumption | J1: capital | K1: depreciation | L1: govt_share | M1: consumption_growth | N1: gdp_growth | O1: tot_emp_interpolated | P1: info_emp_interpolated | Q1: beta_n | R1: beta_k | S1: beta_n_2 | T1: beta_n_info | U1: sales_per_worker_form | V1: sales_per_worker_info | W1: va_per_worker_form | X1: va_per_worker_info | Y1: obs_form_spw | Z1: obs_info_spw | AA1: obs_form_vapw | AB1: obs_info_vapw | AC1: survey_note | AD1: wbes_year | AE1: info_share | AF1: theta_f | AG1: theta_o | AH1: info_share_2 | AI1: theta_f_2 | AJ1: theta_o_2
A2: Angola | B2: AGO | C2: 2004 | D2: =B2&C2 -> AGO2004 | E2: 4471.418 | F2: 3366.543 | G2: 0.75290275 | H2: 110195.66 | I2: 75921.219 | J2: 814614.31 | K2: 0.040301673 | L2: 0.17217055 | M2: 0.034067266 | N2: 0.10953093 | O2: 0 | P2: 0 | Q2: 1.0236655 | R2: 0.27816972 | S2: 1.254531 | T2: 1.5098255 | AE2: 0.019727047 | AF2: 2273.1512 | AG2: 20.185158 | AH2: 0.099021958 | AI2: 982.93806 | AJ2: 47.668582
A3: Angola | B3: AGO | C3: 2005 | D3: =B3&C3 -> AGO2005 | E3: 4693.047 | F3: 3622.7896 | G3: 0.77194828 | H3: 126757.18 | I3: 80457.664 | J3: 835925.81 | K3: 0.040991094 | L3: 0.14707781 | M3: 0.05975201 | N3: 0.15029198 | O3: 1 | P3: 1 | Q3: 1.0236655 | R3: 0.27816972 | S3: 1.254531 | T3: 1.5098255 | AE3: 0.022539684 | AF3: 2579.5982 | AG3: 22.90635 | AH3: 0.11185029 | AI3: 1102.7314 | AJ3: 53.478082
A4: Angola | B4: AGO | C4: 2006 | D4: =B4&C4 -> AGO2006 | E4: 4914.676 | F4: 3879.0361 | G4: 0.78927606 | H4: 141521.8 | I4: 86537.773 | J4: 858190.25 | K4: 0.041351669 | L4: 0.13238235 | M4: 0.075569049 | N4: 0.11647953 | O4: 1 | P4: 1 | Q4: 1.0236655 | R4: 0.27816972 | S4: 1.254531 | T4: 1.5098255 | AE4: 0.025577069 | AF4: 3037.0392 | AG4: 26.968341 | AH4: 0.12537916 | AI4: 1282.4882 | AJ4: 62.195569
A5: Angola | B5: AGO | C5: 2007 | D5: =B5&C5 -> AGO2007 | E5: 5136.305 | F5: 4135.2827 | G5: 0.80510849 | H5: 161348.05 | I5: 92448.094 | J5: 886700.31 | K5: 0.041421659 | L5: 0.13830474 | M5: 0.06829758 | N5: 0.14009327 | O5: 1 | P5: 1 | Q5: 1.0236655 | R5: 0.27816972 | S5: 1.254531 | T5: 1.5098255 | AE5: 0.028808425 | AF5: 3467.567 | AG5: 30.791348 | AH5: 0.13941531 | AI5: 1445.5869 | AJ5: 70.10521
A6: Angola | B6: AGO | C6: 2008 | D6: =B6&C6 -> AGO2008 | E6: 5357.934 | F6: 4391.5293 | G6: 0.8196311 | H6: 179361.67 | I6: 101338.61 | J6: 929716.88 | K6: 0.042222023 | L6: 0.13784732 | M6: 0.096167646 | N6: 0.11164452 | O6: 1 | P6: 1 | Q6: 1.0236655 | R6: 0.27816972 | S6: 1.254531 | T6: 1.5098255 | AE6: 0.032163437 | AF6: 4030.7491 | AG6: 35.792299 | AH6: 0.15361411 | AI6: 1658.3752 | AJ6: 80.424595
A7: Angola | B7: AGO | C7: 2009 | D7: =B7&C7 -> AGO2009 | E7: 5579.563 | F7: 4647.7759 | G7: 0.833 | H7: 180901.59 | I7: 104533.23 | J7: 977683.25 | K7: 0.043612961 | L7: 0.16987623 | M7: 0.031524263 | N7: 0.0085855685 | O7: 0 | P7: 1 | Q7: 1.0236655 | R7: 0.27816972 | S7: 1.254531 | T7: 1.5098255 | AE7: 0.035734133 | AF7: 4569.6865 | AG7: 40.577963 | AH7: 0.16832298 | AI7: 1854.2785 | AJ7: 89.925123
A8: Angola | B8: AGO | C8: 2010 | D8: =B8&C8 -> AGO2010 | E8: 6341.879 | F8: 4904.0224 | G8: 0.77327591 | H8: 189691.97 | I8: 109008.69 | J8: 1013858.1 | K8: 0.044675112 | L8: 0.14646269 | M8: 0.042813685 | N8: 0.048592027 | O8: 0 | P8: 1 | Q8: 1.0236655 | R8: 0.27816972 | S8: 1.254531 | T8: 1.5098255 | U8: 9049777 | V8: 67706.555 | W8: 3832226.5 | X8: 156583.59 | Y8: 323 | Z8: 78 | AA8: 129 | AB8: 51 | AD8: 2010 | AE8: 0.02488209 | AF8: 2959.4625 | AG8: 26.279475 | AH8: 0.12231276 | AI8: 1253.2166 | AJ8: 60.776015
A9: Angola | B9: AGO | C9: 2011 | D9: =B9&C9 -> AGO2011 | E9: 6768.754 | F9: 5160.269 | G9: 0.76236618 | H9: 196278.03 | I9: 126104.94 | J9: 1055288.9 | K9: 0.045748472 | L9: 0.15946746 | M9: 0.15683383 | N9: 0.034719776 | O9: 0 | P9: 0 | Q9: 1.0236655 | R9: 0.27816972 | S9: 1.254531 | T9: 1.5098255 | AE9: 0.023719684 | AF9: 2703.0897 | AG9: 24.002932 | AH9: 0.11714553 | AI9: 1150.0208 | AJ9: 55.771429
A10: Angola | B10: AGO | C10: 2012 | D10: =B10&C10 -> AGO2012 | E10: 7199.3298 | F10: 5538.7285 | G10: 0.76933944 | H10: 213044.41 | I10: 134424.48 | J10: 1100664.1 | K10: 0.046596427 | L10: 0.15958089 | M10: 0.065973207 | N10: 0.085421555 | O10: 1 | P10: 1 | Q10: 1.0236655 | R10: 0.27816972 | S10: 1.254531 | T10: 1.5098255 | AE10: 0.025211088 | AF10: 2802.4184 | AG10: 24.884952 | AH10: 0.1237665 | AI10: 1185.1488 | AJ10: 57.474999
A11: Angola | B11: AGO | C11: 2013 | D11: =B11&C11 -> AGO2013 | E11: 7629.9055 | F11: 5917.188 | G11: 0.77552575 | H11: 223599.89 | I11: 151481.73 | J11: 1145196.1 | K11: 0.046937492 | L11: 0.2184376 | M11: 0.12689094 | N11: 0.049545936 | O11: 1 | P11: 1 | Q11: 1.0236655 | R11: 0.27816972 | S11: 1.254531 | T11: 1.5098255 | AE11: 0.026653783 | AF11: 2814.2438 | AG11: 24.98996 | AH11: 0.1300963 | AI11: 1183.3036 | AJ11: 57.385515
A12: Angola | B12: AGO | C12: 2014 | D12: =B12&C12 -> AGO2014 | E12: 8060.4812 | F12: 6295.6475 | G12: 0.78105104 | H12: 234383.27 | I12: 156220.28 | J12: 1191334.9 | K12: 0.0468762 | L12: 0.20522922 | M12: 0.031281307 | N12: 0.048226207 | O12: 1 | P12: 1 | Q12: 1.0236655 | R12: 0.27816972 | S12: 1.254531 | T12: 1.5098255 | AE12: 0.028034738 | AF12: 2825.5453 | AG12: 25.090315 | AH12: 0.13608737 | AI12: 1181.5497 | AJ12: 57.300456
A13: Angola | B13: AGO | C13: 2015 | D13: =B13&C13 -> AGO2015 | E13: 8491.057 | F13: 6674.107 | G13: 0.78601605 | H13: 236594.86 | I13: 155816.67 | J13: 1233630 | K13: 0.046629298 | L13: 0.2088802 | M13: -0.0025835915 | N13: 0.0094358008 | O13: 1 | P13: 1 | Q13: 1.0236655 | R13: 0.27816972 | S13: 1.254531 | T13: 1.5098255 | AE13: 0.029391072 | AF13: 2737.9257 | AG13: 24.312269 | AH13: 0.1419081 | AI13: 1138.7852 | AJ13: 55.226548
A14: Angola | B14: AGO | C14: 2016 | D14: =B14&C14 -> AGO2016 | E14: 8921.6327 | F14: 7052.5665 | G14: 0.79050177 | H14: 230491.17 | I14: 159059.94 | J14: 1267231.1 | K14: 0.046023969 | L14: 0.19202437 | M14: 0.020814626 | N14: -0.025798056 | O14: 1 | P14: 1 | Q14: 1.0236655 | R14: 0.27816972 | S14: 1.254531 | T14: 1.5098255 | AE14: 0.030757506 | AF14: 2568.2657 | AG14: 22.80572 | AH14: 0.14770954 | AI14: 1062.4922 | AJ14: 51.526643
A15: Angola | B15: AGO | C15: 2017 | D15: =B15&C15 -> AGO2017 | E15: 9352.2085 | F15: 7431.026 | G15: 0.79457444 | H15: 230151.34 | I15: 162864.45 | J15: 1281953.2 | K15: 0.045117199 | L15: 0.19840905 | M15: 0.023918755 | N15: -0.001474365 | O15: 1 | P15: 1 | Q15: 1.0236655 | R15: 0.27816972 | S15: 1.254531 | T15: 1.5098255 | AE15: 0.032207311 | AF15: 2481.5731 | AG15: 22.035906 | AH15: 0.15379732 | AI15: 1020.8214 | AJ15: 49.505774
A16: Angola | B16: AGO | C16: 2018 | D16: =B16&C16 -> AGO2018 | E16: 9782.7843 | F16: 7809.4855 | G16: 0.79828864 | H16: 225540.05 | I16: 157776.31 | J16: 1292107.8 | K16: 0.044371817 | L16: 0.19373828 | M16: -0.031241566 | N16: -0.020035934 | O16: 1 | P16: 1 | Q16: 1.0236655 | R16: 0.27816972 | S16: 1.254531 | T16: 1.5098255 | AE16: 0.033653105 | AF16: 2357.4119 | AG16: 20.933377 | AH16: 0.15980008 | AI16: 964.30783 | AJ16: 46.76509
A17: Angola | B17: AGO | C17: 2019 | D17: =B17&C17 -> AGO2019 | E17: 10213.36 | F17: 8187.945 | G17: 0.80168962 | H17: 222151.06 | I17: 155270.7 | J17: 1300951 | K17: 0.043606423 | L17: 0.19972339 | M17: -0.015880771 | N17: -0.015026087 | O17: 0 | P17: 0 | Q17: 1.0236655 | R17: 0.27816972 | S17: 1.254531 | T17: 1.5098255 | AE17: 0.035075432 | AF17: 2253.2398 | AG17: 20.008348 | AH17: 0.16564006 | AI17: 916.63857 | AJ17: 44.453321
A18: Angola | B18: AGO | C18: 2020 | D18: =B18&C18 -> AGO2020 | E18: 10660.945 | F18: 8705.8755 | G18: 0.81661385 | H18: 235424.82 | I18: 176308.8 | J18: 1285859.6 | K18: 0.043652989 | L18: 0.21883046 | M18: 0.135493 | N18: 0.059751038 | O18: 1 | P18: 1 | Q18: 1.0236655 | R18: 0.27816972 | S18: 1.254531 | T18: 1.5098255 | AE18: 0.039829141 | AF18: 2471.6737 | AG18: 21.948001 | AH18: 0.18470181 | AI18: 987.39229 | AJ18: 47.884595
A19: Angola | B19: AGO | C19: 2021 | D19: =B19&C19 -> AGO2021 | E19: 11108.53 | F19: 9223.806 | G19: 0.83033544 | H19: 233979.71 | I19: 157140.07 | J19: 1285399.4 | K19: 0.043652989 | L19: 0.12784528 | M19: -0.10872247 | N19: -0.0061382824 | O19: 0 | P19: 0 | Q19: 1.0236655 | R19: 0.27816972 | S19: 1.254531 | T19: 1.5098255 | AE19: 0.044888389 | AF19: 2537.2135 | AG19: 22.529982 | AH19: 0.20424877 | AI19: 994.51387 | AJ19: 48.229963
A20: Angola | B20: AGO | C20: 2022 | D20: =B20&C20 -> AGO2022 | E20: 11779.614 | F20: 9566.81 | G20: 0.8121497 | H20: 231660.13 | I20: 167049.29 | J20: 1290112.6 | K20: 0.043652989 | L20: 0.20408331 | M20: 0.063059814 | N20: -0.0099136299 | O20: 0 | P20: 0 | Q20: 1.0236655 | R20: 0.27816972 | S20: 1.254531 | T20: 1.5098255 | AE20: 0.040394942 | AF20: 2139.3497 | AG20: 18.997026 | AH20: 0.18692497 | AI20: 852.80652 | AJ20: 41.357721
... A26: Argentina | B26: ARG | C26: 2009 | D26: =B26&C26 -> ARG2009 | E26: 10401.878 | F26: 5206.226 | G26: 0.50050825 | H26: 858340.19 | I26: 679907.38 | J26: 2491847.8 | K26: 0.032770768 | L26: 0.17917573 | M26: -0.033999246 | N26: -0.059185226 | O26: 0 | P26: 0 | Q26: 1.0437675 | R26: 0.24311547 | S26: 1.3021923 | T26: 0.94363558 | AE26: 0.024683358 | AF26: 81.157187 | AG26: 9953.7822 | AH26: 0.037611504 | AI26: 52.776266 | AJ26: 9995.6602
A27: Argentina | B27: ARG | C27: 2010 | D27: =B27&C27 -> ARG2010 | E27: 10531.926 | F27: 5143.158 | G27: 0.48833975 | H27: 945250.56 | I27: 748158.94 | J27: 2575677 | K27: 0.033220284 | L27: 0.1980484 | M27: 0.10038362 | N27: 0.10125399 | O27: 0 | P27: 0 | Q27: 1.0437675 | R27: 0.24311547 | S27: 1.3021923 | T27: 0.94363558 | U27: 149725.27 | V27: 3747.8469 | W27: 97436.523 | X27: 3766.3459 | Y27: 971 | Z27: 308 | AA27: 658 | AB27: 246 | AD27: 2010 | AE27: 0.023333161 | AF27: 73.01217 | AG27: 8954.8106 | AH27: 0.035579927 | AI27: 47.514038 | AJ27: 8999.0107
A28: Argentina | B28: ARG | C28: 2011 | D28: =B28&C28 -> ARG2011 | E28: 10765.734 | F28: 5179.102 | G28: 0.48107281 | H28: 1002002.9 | I28: 811162.56 | J28: 2680221.8 | K28: 0.034203846 | L28: 0.23071858 | M28: 0.084211551 | N28: 0.060039505 | O28: 0 | P28: 0 | Q28: 1.0437675 | R28: 0.24311547 | S28: 1.3021923 | T28: 0.94363558 | AE28: 0.022422578 | AF28: 73.888211 | AG28: 9062.2555 | AH28: 0.03420815 | AI28: 48.10768 | AJ28: 9111.4446
A29: Argentina | B29: ARG | C29: 2012 | D29: =B29&C29 -> ARG2012 | E29: 10843.566 | F29: 5223.468 | G29: 0.48171127 | H29: 991718.12 | I29: 823229.94 | J29: 2762770.5 | K29: 0.03506881 | L29: 0.2409607 | M29: 0.014876642 | N29: -0.010264254 | O29: 0 | P29: 0 | Q29: 1.0437675 | R29: 0.24311547 | S29: 1.3021923 | T29: 0.94363558 | AE29: 0.022301036 | AF29: 72.150314 | AG29: 8849.1056 | AH29: 0.034024948 | AI29: 46.979228 | AJ29: 8897.7192
A30: Argentina | B30: ARG | C30: 2013 | D30: =B30&C30 -> ARG2013 | E30: 10942.848 | F30: 5276.204 | G30: 0.48216003 | H30: 1015572.2 | I30: 855990.56 | J30: 2845065.8 | K30: 0.035643395 | L30: 0.25765845 | M30: 0.039795231 | N30: 0.024053268 | O30: 0 | P30: 0 | Q30: 1.0437675 | R30: 0.24311547 | S30: 1.3021923 | T30: 0.94363558 | AE30: 0.022164827 | AF30: 72.741683 | AG30: 8921.6359 | AH30: 0.033819609 | AI30: 47.367754 | AJ30: 8971.305
A31: Argentina | B31: ARG | C31: 2014 | D31: =B31&C31 -> ARG2014 | E31: 11047.223 | F31: 5284.506 | G31: 0.47835606 | H31: 990054.75 | I31: 831096.44 | J31: 2911932.8 | K31: 0.035970751 | L31: 0.26967299 | M31: -0.029082242 | N31: -0.025126169 | O31: 0 | P31: 0 | Q31: 1.0437675 | R31: 0.24311547 | S31: 1.3021923 | T31: 0.94363558 | AE31: 0.021699101 | AF31: 69.321002 | AG31: 8502.0955 | AH31: 0.033117288 | AI31: 45.151591 | AJ31: 8551.5706
A32: Argentina | B32: ARG | C32: 2015 | D32: =B32&C32 -> ARG2015 | E32: 11220.888 | F32: 5422.7053 | G32: 0.48326883 | H32: 1017094.8 | I32: 867171.19 | J32: 2981900.2 | K32: 0.036058284 | L32: 0.28926387 | M32: 0.043406215 | N32: 0.027311621 | O32: 1 | P32: 1 | Q32: 1.0437675 | R32: 0.24311547 | S32: 1.3021923 | T32: 0.94363558 | AE32: 0.021959263 | AF32: 70.333685 | AG32: 8626.2993 | AH32: 0.033509659 | AI32: 45.804784 | AJ32: 8675.2832
A33: Argentina | B33: ARG | C33: 2016 | D33: =B33&C33 -> ARG2016 | E33: 11394.552 | F33: 5560.9047 | G33: 0.48803186 | H33: 995935.81 | I33: 860878.31 | J33: 3038861.2 | K33: 0.03622349 | L33: 0.28847378 | M33: -0.0072567849 | N33: -0.02080331 | O33: 1 | P33: 1 | Q33: 1.0437675 | R33: 0.24311547 | S33: 1.3021923 | T33: 0.94363558 | AE33: 0.022235475 | AF33: 68.100224 | AG33: 8352.3693 | AH33: 0.033926116 | AI33: 44.343656 | AJ33: 8398.5502
A34: Argentina | B34: ARG | C34: 2017 | D34: =B34&C34 -> ARG2017 | E34: 11568.217 | F34: 5699.104 | G34: 0.49265188 | H34: 1022513.2 | I34: 892869.75 | J34: 3112554.8 | K34: 0.036519255 | L34: 0.22278728 | M34: 0.037161395 | N34: 0.026685894 | O34: 0 | P34: 0 | Q34: 1.0437675 | R34: 0.24311547 | S34: 1.3021923 | T34: 0.94363558 | AE34: 0.022476171 | AF34: 69.056066 | AG34: 8469.6017 | AH34: 0.034288925 | AI34: 44.960236 | AJ34: 8515.3286
A35: Argentina | B35: ARG | C35: 2018 | D35: =B35&C35 -> ARG2018 | E35: 11744.699 | F35: 5787.762 | G35: 0.49279782 | H35: 997136.62 | I35: 869969.19 | J35: 3173218.5 | K35: 0.036666092 | L35: 0.21699847 | M35: -0.025648268 | N35: -0.024817893 | O35: 0 | P35: 0 | Q35: 1.0437675 | R35: 0.24311547 | S35: 1.3021923 | T35: 0.94363558 | AE35: 0.022352827 | AF35: 66.004184 | AG35: 8095.2938 | AH35: 0.034103016 | AI35: 42.976101 | AJ35: 8139.5396
A36: Argentina | B36: ARG | C36: 2019 | D36: =B36&C36 -> ARG2019 | E36: 12041.135 | F36: 6085.563 | G36: 0.5053978 | H36: 975569 | I36: 822399.56 | J36: 3205166 | K36: 0.03632449 | L36: 0.22442324 | M36: -0.054679666 | N36: -0.021629559 | O36: 0 | P36: 0 | Q36: 1.0437675 | R36: 0.24311547 | S36: 1.3021923 | T36: 0.94363558 | AE36: 0.023361055 | AF36: 64.368424 | AG36: 7894.6708 | AH36: 0.035621927 | AI36: 41.888331 | AJ36: 7933.5193
A37: Argentina | B37: ARG | C37: 2020 | D37: =B37&C37 -> ARG2020 | E37: 10936.539 | F37: 5229.145 | G37: 0.47813526 | H37: 883333.02 | I37: 754023.97 | J37: 3225267.3 | K37: 0.033456143 | L37: 0.23137275 | M37: -0.083141573 | N37: -0.094545826 | O37: 0 | P37: 0 | Q37: 1.0437675 | R37: 0.24311547 | S37: 1.3021923 | T37: 0.94363558 | AE37: 0.021180598 | AF37: 60.973689 | AG37: 7478.3127 | AH37: 0.032334963 | AI37: 39.725726 | AJ37: 7523.9286
A38: Argentina | B38: ARG | C38: 2021 | D38: =B38&C38 -> ARG2021 | E38: 12241.621 | F38: 6017.736 | G38: 0.49158001 | H38: 980397.08 | I38: 843397.11 | J38: 3256677 | K38: 0.033456143 | L38: 0.21276697 | M38: 0.11852825 | N38: 0.10988388 | O38: 0 | P38: 0 | Q38: 1.0437675 | R38: 0.24311547 | S38: 1.3021923 | T38: 0.94363558 | AE38: 0.022020928 | AF38: 61.62449 | AG38: 7558.1323 | AH38: 0.033602646 | AI38: 40.131593 | AJ38: 7600.7986
A39: Argentina | B39: ARG | C39: 2022 | D39: =B39&C39 -> ARG2022 | E39: 12881.228 | F39: 6594.243 | G39: 0.51192659 | H39: 1010435.6 | I39: 900531.91 | J39: 3343458.1 | K39: 0.033456143 | L39: 0.22653885 | M39: 0.067743652 | N39: 0.030639168 | O39: 0 | P39: 0 | Q39: 1.0437675 | R39: 0.24311547 | S39: 1.3021923 | T39: 0.94363558 | AE39: 0.023566327 | AF39: 62.348197 | AG39: 7646.8936 | AH39: 0.035930971 | AI39: 40.569174 | AJ39: 7683.6752
... A52: Bangladesh | B52: BGD | C52: 2021 | D52: =B52&C52 -> BGD2021 | E52: 68534.341 | F52: 49400.79 | G52: 0.72081804 | H52: 668931.87 | I52: 519669.36 | J52: 2922617.7 | K52: 0.04349478 | L52: 0.065824544 | M52: -0.073391028 | N52: -0.064884655 | O52: 1 | P52: 1 | Q52: 0.70935482 | R52: 0.20508645 | S52: 0.9418838 | T52: 0.72969234 | AE52: 0.28423678 | AF52: 5691.9382 | AG52: 289767.81 | AH52: 0.54302649 | AI52: 1675.733 | AJ52: 255278.28
A53: Bangladesh | B53: BGD | C53: 2022 | D53: =B53&C53 -> BGD2022 | E53: 70461.023 | F53: 49308.481 | G53: 0.69979799 | H53: 646635.76 | I53: 504981.21 | J53: 3003804.6 | K53: 0.04349478 | L53: 0.066790799 | M53: -0.028264409 | N53: -0.033330921 | O53: 0 | P53: 0 | Q53: 0.70935482 | R53: 0.20508645 | S53: 0.9418838 | T53: 0.72969234 | U53: 13554.396 | V53: 2135.4744 | W53: 4071.407 | X53: 1919.4545 | Y53: 966 | Z53: 2851 | AA53: 506 | AB53: 1941 | AD53: 2022 | AE53: 0.26861005 | AF53: 5036.8619 | AG53: 256418.88 | AH53: 0.52357959 | AI53: 1512.9494 | AJ53: 230480.11
A54: Bangladesh | B54: BGD | C54: 2023 | D54: =B54&C54 -> BGD2023 | E54: 70981.962 | F54: 49803.451 | G54: 0.7016353 | H54: 810380.48 | I54: 617368.71 | J54: 3123977.2 | K54: 0.04349478 | L54: 0.066962534 | M54: 0.2225578 | N54: 0.25322559 | O54: 0 | P54: 0 | Q54: 0.70935482 | R54: 0.20508645 | S54: 0.9418838 | T54: 0.72969234 | AE54: 0.26829053 | AF54: 6259.0312 | AG54: 318637.64 | AH54: 0.52317373 | AI54: 1880.8389 | AJ54: 286523.77
A55: Botswana | B55: BWA | C55: 2006 | D55: =B55&C55 -> BWA2006 | E55: 527.07 | F55: 229.797 | G55: 0.43598953 | H55: 22863.949 | I55: 12933.874 | J55: 67694.789 | K55: 0.048986033 | L55: 0.19004683 | M55: 0.09960153 | N55: 0.08363951 | O55: 0 | P55: 0 | Q55: 1.220264 | R55: 0.27970684 | S55: 1.4571946 | T55: 1.0684869 | AE55: 0.028086095 | AF55: 7.5008114 | AG55: 2067.8552 | AH55: 0.11861957 | AI55: 1.6316141 | AJ55: 2094.8779
A56: Botswana | B56: BWA | C56: 2007 | D56: =B56&C56 -> BWA2007 | E56: 558.71267 | F56: 239.63992 | G56: 0.42891443 | H56: 24756.367 | I56: 14401.453 | J56: 73280.305 | K56: 0.047361948 | L56: 0.19446079 | M56: 0.11346786 | N56: 0.082768641 | O56: 1 | P56: 1 | Q56: 1.220264 | R56: 0.27970684 | S56: 1.4571946 | T56: 1.0684869 | AE56: 0.02639809 | AF56: 7.3048607 | AG56: 2013.8347 | AH56: 0.11211809 | AI56: 1.5979358 | AJ56: 2051.6373
A57: Botswana | B57: BWA | C57: 2008 | D57: =B57&C57 -> BWA2008 | E57: 590.35533 | F57: 249.48285 | G57: 0.42259777 | H57: 26302.502 | I57: 16314.585 | J57: 79028.602 | K57: 0.046932198 | L57: 0.20715138 | M57: 0.13284297 | N57: 0.062454026 | O57: 1 | P57: 1 | Q57: 1.220264 | R57: 0.27970684 | S57: 1.4571946 | T57: 1.0684869 | AE57: 0.024929189 | AF57: 7.154915 | AG57: 1972.497 | AH57: 0.10640064 | AI57: 1.5728408 | AJ57: 2019.4172
A58: Botswana | B58: BWA | C58: 2009 | D58: =B58&C58 -> BWA2009 | E58: 621.998 | F58: 259.32577 | G58: 0.41692379 | H58: 24289.742 | I58: 17088.324 | J58: 85351.109 | K58: 0.046920031 | L58: 0.23179026 | M58: 0.047426231 | N58: -0.076523513 | O58: 0 | P58: 1 | Q58: 1.220264 | R58: 0.27970684 | S58: 1.4571946 | T58: 1.0684869 | AE58: 0.023607542 | AF58: 6.9071891 | AG58: 1904.2029 | AH58: 0.10120802 | AI58: 1.52514 | AJ58: 1958.1727
A59: Botswana | B59: BWA | C59: 2010 | D59: =B59&C59 -> BWA2010 | E59: 579.429 | F59: 269.16869 | G59: 0.46454129 | H59: 26369.809 | I59: 18314.877 | J59: 92342.211 | K59: 0.046866827 | L59: 0.22328706 | M59: 0.071777239 | N59: 0.085635588 | O59: 0 | P59: 1 | Q59: 1.220264 | R59: 0.27970684 | S59: 1.4571946 | T59: 1.0684869 | U59: 141985.03 | V59: 4873.1904 | W59: 30800.6 | X59: 4923.335 | Y59: 232 | Z59: 95 | AA59: 71 | AB59: 85 | AD59: 2010 | AE59: 0.028915207 | AF59: 7.5078536 | AG59: 2069.7966 | AH59: 0.12178638 | AI59: 1.6286674 | AJ59: 2091.0946
A60: Botswana | B60: BWA | C60: 2011 | D60: =B60&C60 -> BWA2011 | E60: 626.38467 | F60: 279.01162 | G60: 0.44543174 | H60: 27964.76 | I60: 19604.725 | J60: 100292.89 | K60: 0.046989653 | L60: 0.2211324 | M60: 0.070426226 | N60: 0.060483988 | O60: 1 | P60: 1 | Q60: 1.220264 | R60: 0.27970684 | S60: 1.4571946 | T60: 1.0684869 | AE60: 0.025664475 | AF60: 6.8008001 | AG60: 1874.8732 | AH60: 0.10926963 | AI60: 1.4913217 | AJ60: 1914.7523
A61: Botswana | B61: BWA | C61: 2012 | D61: =B61&C61 -> BWA2012 | E61: 673.34033 | F61: 288.85454 | G61: 0.42898744 | H61: 29210.916 | I61: 20194.754 | J61: 109588.41 | K61: 0.047453072 | L61: 0.21276332 | M61: 0.030096281 | N61: 0.044561666 | O61: 1 | P61: 1 | Q61: 1.220264 | R61: 0.27970684 | S61: 1.4571946 | T61: 1.0684869 | AE61: 0.023016417 | AF61: 6.1391936 | AG61: 1692.4787 | AH61: 0.098870567 | AI61: 1.358266 | AJ61: 1743.9182
A62: Botswana | B62: BWA | C62: 2013 | D62: =B62&C62 -> BWA2013 | E62: 720.296 | F62: 298.69746 | G62: 0.4146871 | H62: 32524.404 | I62: 22461.764 | J62: 118753.45 | K62: 0.047628865 | L62: 0.21786205 | M62: 0.11225736 | N62: 0.11343322 | O62: 0 | P62: 1 | Q62: 1.220264 | R62: 0.27970684 | S62: 1.4571946 | T62: 1.0684869 | AE62: 0.020890111 | AF62: 5.9859013 | AG62: 1650.2184 | AH62: 0.090384993 | AI62: 1.3339186 | AJ62: 1712.6578
A63: Botswana | B63: BWA | C63: 2014 | D63: =B63&C63 -> BWA2014 | E63: 736.00583 | F63: 308.54038 | G63: 0.41920915 | H63: 33873.957 | I63: 23257.105 | J63: 127747.71 | K63: 0.047212098 | L63: 0.2389908 | M63: 0.035408698 | N63: 0.041493542 | O63: 1 | P63: 1 | Q63: 1.220264 | R63: 0.27970684 | S63: 1.4571946 | T63: 1.0684869 | AE63: 0.020836125 | AF63: 6.0064451 | AG63: 1655.882 | AH63: 0.090167949 | AI63: 1.3387422 | AJ63: 1718.851
A64: Botswana | B64: BWA | C64: 2015 | D64: =B64&C64 -> BWA2015 | E64: 751.71567 | F64: 318.38331 | G64: 0.4235422 | H64: 33298.789 | I64: 24086.805 | J64: 137786.64 | K64: 0.046944104 | L64: 0.24960762 | M64: 0.035675086 | N64: -0.016979652 | O64: 1 | P64: 1 | Q64: 1.220264 | R64: 0.27970684 | S64: 1.4571946 | T64: 1.0684869 | AE64: 0.020749803 | AF64: 5.6859722 | AG64: 1567.5327 | AH64: 0.089820742 | AI64: 1.2676857 | AJ64: 1627.6194
A65: Botswana | B65: BWA | C65: 2016 | D65: =B65&C65 -> BWA2016 | E65: 767.4255 | F65: 328.22623 | G65: 0.42769784 | H65: 34731.895 | I65: 24630.336 | J65: 147805.25 | K65: 0.046797276 | L65: 0.23817283 | M65: 0.022565519 | N65: 0.043037765 | O65: 1 | P65: 1 | Q65: 1.220264 | R65: 0.27970684 | S65: 1.4571946 | T65: 1.0684869 | AE65: 0.020678593 | AF65: 5.7211479 | AG65: 1577.2301 | AH65: 0.089534164 | AI65: 1.2758369 | AJ65: 1638.0851
A66: Botswana | B66: BWA | C66: 2017 | D66: =B66&C66 -> BWA2017 | E66: 783.13533 | F66: 338.06915 | G66: 0.43168676 | H66: 35740.504 | I66: 25898.418 | J66: 156230.75 | K66: 0.046082564 | L66: 0.23778409 | M66: 0.051484562 | N66: 0.02903986 | O66: 1 | P66: 1 | Q66: 1.220264 | R66: 0.27970684 | S66: 1.4571946 | T66: 1.0684869 | AE66: 0.020675998 | AF66: 5.7036091 | AG66: 1572.3949 | AH66: 0.089523717 | AI66: 1.271937 | AJ66: 1633.0777
A67: Botswana | B67: BWA | C67: 2018 | D67: =B67&C67 -> BWA2018 | E67: 798.84517 | F67: 347.91208 | G67: 0.43551877 | H67: 37341.262 | I67: 26926.016 | J67: 165646.02 | K67: 0.045233991 | L67: 0.24355665 | M67: 0.039678007 | N67: 0.044788338 | O67: 1 | P67: 1 | Q67: 1.220264 | R67: 0.27970684 | S67: 1.4571946 | T67: 1.0684869 | AE67: 0.020641929 | AF67: 5.7695815 | AG67: 1590.5825 | AH67: 0.089386561 | AI67: 1.2867982 | AJ67: 1652.1586
A68: Botswana | B68: BWA | C68: 2019 | D68: =B68&C68 -> BWA2019 | E68: 814.555 | F68: 357.755 | G68: 0.43920299 | H68: 38448.848 | I68: 27844.617 | J68: 175898.64 | K68: 0.044859704 | L68: 0.24169071 | M68: 0.034115762 | N68: 0.029661182 | O68: 0 | P68: 0 | Q68: 1.220264 | R68: 0.27970684 | S68: 1.4571946 | T68: 1.0684869 | AE68: 0.020586158 | AF68: 5.7506596 | AG68: 1585.366 | AH68: 0.089161963 | AI68: 1.2828213 | AJ68: 1647.0525
A69: Botswana | B69: BWA | C69: 2020 | D69: =B69&C69 -> BWA2020 | E69: 853.235 | F69: 401.311 | G69: 0.47034052 | H69: 37425.704 | I69: 26531.104 | J69: 177386.88 | K69: 0.048540909 | L69: 0.23871628 | M69: -0.047172971 | N69: -0.026610505 | O69: 0 | P69: 0 | Q69: 1.220264 | R69: 0.27970684 | S69: 1.4571946 | T69: 1.0684869 | AE69: 0.023457228 | AF69: 5.6414816 | AG69: 1555.2673 | AH69: 0.10061453 | AI69: 1.2462965 | AJ69: 1600.1572
A70: Botswana | B70: BWA | C70: 2021 | D70: =B70&C70 -> BWA2021 | E70: 808.273 | F70: 336.686 | G70: 0.41654986 | H70: 35479.3 | I70: 25797.715 | J70: 178484.42 | K70: 0.048540909 | L70: 0.2455619 | M70: -0.027642613 | N70: -0.052007154 | O70: 0 | P70: 0 | Q70: 1.220264 | R70: 0.27970684 | S70: 1.4571946 | T70: 1.0684869 | AE70: 0.018521153 | AF70: 5.0941075 | AG70: 1404.365 | AH70: 0.080785487 | AI70: 1.1443994 | AJ70: 1469.3285
A71: Botswana | B71: BWA | C71: 2022 | D71: =B71&C71 -> BWA2022 | E71: 795.425 | F71: 358.992 | G71: 0.45132101 | H71: 31700.409 | I71: 25019.998 | J71: 180195.27 | K71: 0.048540909 | L71: 0.26432969 | M71: -0.030146742 | N71: -0.10650973 | O71: 0 | P71: 0 | Q71: 1.220264 | R71: 0.27970684 | S71: 1.4571946 | T71: 1.0684869 | AE71: 0.021673773 | AF71: 4.9734379 | AG71: 1371.0983 | AH71: 0.093526627 | AI71: 1.1053547 | AJ71: 1419.1978
A72: Botswana | B72: BWA | C72: 2023 | D72: =B72&C72 -> BWA2023 | E72: 869.774 | F72: 407.235 | G72: 0.46820784 | H72: 34732.087 | I72: 24286.327 | J72: 182153.01 | K72: 0.048540909 | L72: 0.23194977 | M72: -0.029323367 | N72: 0.095635295 | O72: 0 | P72: 0 | Q72: 1.220264 | R72: 0.27970684 | S72: 1.4571946 | T72: 1.0684869 | AE72: 0.023001417 | AF72: 5.0539634 | AG72: 1393.2979 | AH72: 0.098811131 | AI72: 1.1182208 | AJ72: 1435.717
A73: Burkina Faso | B73: BFA | C73: 2018 | D73: =B73&C73 -> BFA2018 | E73: 7619.2972 | F73: 6816.5292 | G73: 0.89464015 | H73: 39322.715 | I73: 34418.75 | J73: 76721.141 | K73: 0.056360036 | L73: 0.16299112 | M73: 0.032186355 | N73: 0.067312382 | O73: 1 | P73: 0 | Q73: 0.64396477 | R73: 0.61579543 | S73: 0.92700648 | T73: 1.2444218 | U73: 78421.164 | V73: 5567.2969 | W73: 47231.832 | X73: 5461.2891 | Y73: 372 | Z73: 102 | AA73: 52 | AB73: 97 | AD73: 2009 | AE73: 0.37609783 | AF73: 1.9669549 | AG73: 118.95214 | AH73: 0.4954143 | AI73: 1.184666 | AJ73: 116.68715
A74: Burkina Faso | B74: BFA | C74: 2019 | D74: =B74&C74 -> BFA2019 | E74: 8137.448 | F74: 6982.1494 | G74: 0.85802692 | H74: 41563.883 | I74: 37004.703 | J74: 84470.273 | K74: 0.058399368 | L74: 0.17571269 | M74: 0.075132102 | N74: 0.056994233 | O74: 0 | P74: 1 | Q74: 0.64396477 | R74: 0.61579543 | S74: 0.92700648 | T74: 1.2444218 | AE74: 0.31648823 | AF74: 1.6980466 | AG74: 102.68984 | AH74: 0.42992507 | AI74: 1.0546749 | AJ74: 103.88331
A75: Burkina Faso | B75: BFA | C75: 2020 | D75: =B75&C75 -> BFA2020 | E75: 8106.9593 | F75: 7147.7696 | G75: 0.88168317 | H75: 47384.479 | I75: 43879.578 | J75: 91110.034 | K75: 0.047857407 | L75: 0.18788957 | M75: 0.18578382 | N75: 0.14003977 | O75: 1 | P75: 1 | Q75: 0.64396477 | R75: 0.61579543 | S75: 0.92700648 | T75: 1.2444218 | AE75: 0.33903744 | AF75: 2.0141404 | AG75: 121.8057 | AH75: 0.45517426 | AI75: 1.2363846 | AJ75: 121.78133
A76: Burkina Faso | B76: BFA | C76: 2021 | D76: =B76&C76 -> BFA2021 | E76: 8076.4707 | F76: 7313.3898 | G76: 0.90551805 | H76: 46022.141 | I76: 41259.059 | J76: 94802.504 | K76: 0.047857407 | L76: 0.18404006 | M76: -0.05972071 | N76: -0.02875074 | O76: 1 | P76: 1 | Q76: 0.64396477 | R76: 0.61579543 | S76: 0.92700648 | T76: 1.2444218 | AE76: 0.37372842 | AF76: 2.0957968 | AG76: 126.74389 | AH76: 0.49288704 | AI76: 1.2637881 | AJ76: 124.48052
A77: Burkina Faso | B77: BFA | C77: 2022 | D77: =B77&C77 -> BFA2022 | E77: 8045.982 | F77: 7479.01 | G77: 0.92953354 | H77: 45343.244 | I77: 39289.796 | J77: 97297.288 | K77: 0.047857407 | L77: 0.17303331 | M77: -0.047729209 | N77: -0.014751531 | O77: 0 | P77: 0 | Q77: 0.64396477 | R77: 0.61579543 | S77: 0.92700648 | T77: 1.2444218 | AE77: 0.42236049 | AF77: 2.2694448 | AG77: 137.2453 | AH77: 0.54356678 | AI77: 1.3354359 | AJ77: 131.53768
A78: Burkina Faso | B78: BFA | C78: 2023 | D78: =B78&C78 -> BFA2023 | E78: 7961.764 | F78: 7194.6024 | G78: 0.90364426 | H78: 42399.638 | I78: 36785.241 | J78: 99917.313 | K78: 0.047857407 | L78: 0.15666131 | M78: -0.0637457 | N78: -0.06491828 | O78: 1 | P78: 0 | Q78: 0.64396477 | R78: 0.61579543 | S78: 0.92700648 | T78: 1.2444218 | AE78: 0.36067722 | AF78: 1.9017672 | AG78: 115.0099 | AH78: 0.47885635 | AI78: 1.1544568 | AJ78: 113.71161
A79: Cambodia | B79: KHM | C79: 2012 | D79: =B79&C79 -> KHM2012 | E79: 8236.937 | F79: 6688.6622 | G79: 0.8120327 | H79: 44919.418 | I79: 37501.625 | J79: 96912.766 | K79: 0.039707709 | L79: 0.092486404 | M79: 0.047131874 | N79: 0.073133573 | O79: 1 | P79: 0 | Q79: 0.85141128 | R79: 0.14854358 | S79: 1.0486041 | T79: 0.74972796 | AE79: 0.486328 | AF79: 1428.3518 | AG79: 82412.617 | AH79: 0.55213732 | AI79: 839.52527 | AJ79: 63074.111
A80: Cambodia | B80: KHM | C80: 2013 | D80: =B80&C80 -> KHM2013 | E80: 8273.638 | F80: 6719.8832 | G80: 0.81220418 | H80: 48255.969 | I80: 39649.094 | J80: 107442.12 | K80: 0.039881382 | L80: 0.081837401 | M80: 0.057263352 | N80: 0.074278586 | O80: 0 | P80: 1 | Q80: 0.85141128 | R80: 0.14854358 | S80: 1.0486041 | T80: 0.74972796 | Y80: 472 | Z80: 118 | AA80: 0 | AB80: 117 | AD80: 2013 | AE80: 0.48262216 | AF80: 1515.8306 | AG80: 87459.94 | AH80: 0.54846545 | AI80: 891.81224 | AJ80: 67002.467
A81: Cambodia | B81: KHM | C81: 2014 | D81: =B81&C81 -> KHM2014 | E81: 8520.559 | F81: 6751.1041 | G81: 0.7923311 | H81: 51668.379 | I81: 41372.953 | J81: 118962 | K81: 0.040119555 | L81: 0.075501807 | M81: 0.0434779 | N81: 0.070714779 | O81: 0 | P81: 1 | Q81: 0.85141128 | R81: 0.14854358 | S81: 1.0486041 | T81: 0.74972796 | AE81: 0.45217799 | AF81: 1520.4091 | AG81: 87724.114 | AH81: 0.51802649 | AI81: 901.74506 | AJ81: 67748.728
A82: Cambodia | B82: KHM | C82: 2015 | D82: =B82&C82 -> KHM2015 | E82: 8625.515 | F82: 6782.3251 | G82: 0.7863096 | H82: 55303.887 | I82: 43782.145 | J82: 131744.48 | K82: 0.040344045 | L82: 0.065766856 | M82: 0.058231071 | N82: 0.070362337 | O82: 0 | P82: 1 | Q82: 0.85141128 | R82: 0.14854358 | S82: 1.0486041 | T82: 0.74972796 | AE82: 0.44069655 | AF82: 1581.1104 | AG82: 91226.437 | AH82: 0.50641868 | AI82: 940.61742 | AJ82: 70669.234
A83: Cambodia | B83: KHM | C83: 2016 | D83: =B83&C83 -> KHM2016 | E83: 8954.89 | F83: 6813.5461 | G83: 0.76087433 | H83: 59110.16 | I83: 46704.445 | J83: 145852.38 | K83: 0.040487036 | L83: 0.059570532 | M83: 0.066746406 | N83: 0.068824701 | O83: 0 | P83: 1 | Q83: 0.85141128 | R83: 0.14854358 | S83: 1.0486041 | T83: 0.74972796 | AE83: 0.40669118 | AF83: 1556.4054 | AG83: 89801.013 | AH83: 0.47161825 | AI83: 934.39246 | AJ83: 70201.549
A84: Cambodia | B84: KHM | C84: 2017 | D84: =B84&C84 -> KHM2017 | E84: 9101.786 | F84: 6844.7671 | G84: 0.75202459 | H84: 63252.047 | I84: 48895.918 | J84: 160636.56 | K84: 0.040584784 | L84: 0.054899257 | M84: 0.046922144 | N84: 0.070070639 | O84: 0 | P84: 1 | Q84: 0.85141128 | R84: 0.14854358 | S84: 1.0486041 | T84: 0.74972796 | AE84: 0.39332214 | AF84: 1603.335 | AG84: 92508.745 | AH84: 0.4577616 | AI84: 966.04197 | AJ84: 72579.398
A85: Cambodia | B85: KHM | C85: 2018 | D85: =B85&C85 -> KHM2018 | E85: 8906.8455 | F85: 6875.988 | G85: 0.77198917 | H85: 68094.164 | I85: 51190.926 | J85: 176170.92 | K85: 0.04065403 | L85: 0.053812779 | M85: 0.046936594 | N85: 0.076552734 | O85: 1 | P85: 1 | Q85: 0.85141128 | R85: 0.14854358 | S85: 1.0486041 | T85: 0.74972796 | AE85: 0.41246818 | AF85: 1793.0689 | AG85: 103455.96 | AH85: 0.47757516 | AI85: 1074.8034 | AJ85: 80750.717
A86: Cambodia | B86: KHM | C86: 2019 | D86: =B86&C86 -> KHM2019 | E86: 8711.905 | F86: 6907.209 | G86: 0.79284716 | H86: 72751.438 | I86: 54020.363 | J86: 192676.44 | K86: 0.040800653 | L86: 0.05322095 | M86: 0.055272248 | N86: 0.068394601 | O86: 0 | P86: 0 | Q86: 0.85141128 | R86: 0.14854358 | S86: 1.0486041 | T86: 0.74972796 | U86: 11311.039 | V86: 2271.5225 | W86: 6740.021 | X86: 1762.5223 | Y86: 519 | Z86: 1277 | AA86: 260 | AB86: 926 | AD86: 2023 | AE86: 0.43458821 | AF86: 2026.9578 | AG86: 116950.81 | AH86: 0.5002141 | AI86: 1207.8234 | AJ86: 90744.605
A87: Cameroon | B87: CMR | C87: 2007 | D87: =B87&C87 -> CMR2007 | E87: 8193.883 | F87: 6933.537 | G87: 0.84618455 | H87: 56855.711 | I87: 49752.344 | J87: 128778.09 | K87: 0.052201509 | L87: 0.12337276 | M87: 0.054051526 | N87: 0.049022023 | O87: 0 | P87: 0 | Q87: 1.2603585 | R87: 0.15881568 | S87: 1.510121 | T87: 0.48763704 | AE87: 0.20309676 | AF87: 40.515467 | AG87: 13528083 | AH87: 0.18627209 | AI87: 44.648684 | AJ87: 13390453
A88: Cameroon | B88: CMR | C88: 2008 | D88: =B88&C88 -> CMR2008 | E88: 8127.2517 | F88: 6912.7194 | G88: 0.85056055 | H88: 58839.293 | I88: 51870.871 | J88: 134786.72 | K88: 0.053288251 | L88: 0.12565725 | M88: 0.042581458 | N88: 0.034887999 | O88: 1 | P88: 1 | Q88: 1.2603585 | R88: 0.15881568 | S88: 1.510121 | T88: 0.48763704 | AE88: 0.20930962 | AF88: 43.866042 | AG88: 14646838 | AH88: 0.19209434 | AI88: 48.372312 | AJ88: 14507195
A89: Cameroon | B89: CMR | C89: 2009 | D89: =B89&C89 -> CMR2009 | E89: 8060.6203 | F89: 6891.9019 | G89: 0.85500884 | H89: 60132.973 | I89: 53122.281 | J89: 140379.92 | K89: 0.054398105 | L89: 0.13030268 | M89: 0.02412549 | N89: 0.021986663 | O89: 1 | P89: 1 | Q89: 1.2603585 | R89: 0.15881568 | S89: 1.510121 | T89: 0.48763704 | U89: 105115.46 | V89: 4913.8735 | W89: 115995.66 | X89: 4870.4634 | Y89: 347 | Z89: 121 | AA89: 90 | AB89: 113 | AD89: 2009 | AE89: 0.21609705 | AF89: 46.937525 | AG89: 15672404 | AH89: 0.19846364 | AI89: 51.795892 | AJ89: 15533950
A90: Cameroon | B90: CMR | C90: 2010 | D90: =B90&C90 -> CMR2010 | E90: 7993.989 | F90: 6871.0843 | G90: 0.85953134 | H90: 62191.031 | I90: 55031.289 | J90: 146194.3 | K90: 0.054440524 | L90: 0.1324877 | M90: 0.035936102 | N90: 0.034225125 | O90: 0 | P90: 1 | Q90: 1.2603585 | R90: 0.15881568 | S90: 1.510121 | T90: 0.48763704 | AE90: 0.22337985 | AF90: 50.254052 | AG90: 16779789 | AH90: 0.20530781 | AI90: 55.497775 | AJ90: 16644171
A91: Cameroon | B91: CMR | C91: 2011 | D91: =B91&C91 -> CMR2011 | E91: 8104.1818 | F91: 6850.2667 | G91: 0.84527558 | H91: 64759.062 | I91: 56988.223 | J91: 153338.69 | K91: 0.054254938 | L91: 0.13303106 | M91: 0.035560381 | N91: 0.04129263 | O91: 1 | P91: 1 | Q91: 1.2603585 | R91: 0.15881568 | S91: 1.510121 | T91: 0.48763704 | AE91: 0.19873527 | AF91: 46.62485 | AG91: 15568002 | AH91: 0.18218931 | AI91: 51.358035 | AJ91: 15402634
A92: Cameroon | B92: CMR | C92: 2012 | D92: =B92&C92 -> CMR2012 | E92: 8214.3745 | F92: 6829.4491 | G92: 0.83140224 | H92: 67701.242 | I92: 59512.133 | J92: 160505.66 | K92: 0.05416584 | L92: 0.12652685 | M92: 0.044288278 | N92: 0.045432709 | O92: 1 | P92: 1 | Q92: 1.2603585 | R92: 0.15881568 | S92: 1.510121 | T92: 0.48763704 | AE92: 0.17825641 | AF92: 43.785295 | AG92: 14619876 | AH92: 0.16306845 | AI92: 48.127809 | AJ92: 14433867
A93: Cameroon | B93: CMR | C93: 2013 | D93: =B93&C93 -> CMR2013 | E93: 8324.5673 | F93: 6808.6316 | G93: 0.81789619 | H93: 71359.992 | I93: 63128.105 | J93: 168284.97 | K93: 0.053607471 | L93: 0.13448311 | M93: 0.06076026 | N93: 0.054042581 | O93: 1 | P93: 1 | Q93: 1.2603585 | R93: 0.15881568 | S93: 1.510121 | T93: 0.48763704 | AE93: 0.16095624 | AF93: 41.734541 | AG93: 13935131 | AH93: 0.14697866 | AI93: 45.791527 | AJ93: 13733199
A94: Cameroon | B94: CMR | C94: 2014 | D94: =B94&C94 -> CMR2014 | E94: 8434.76 | F94: 6787.814 | G94: 0.80474299 | H94: 75558.859 | I94: 66371.422 | J94: 177939.08 | K94: 0.053180221 | L94: 0.13982186 | M94: 0.051376741 | N94: 0.058840632 | O94: 0 | P94: 0 | Q94: 1.2603585 | R94: 0.15881568 | S94: 1.510121 | T94: 0.48763704 | AE94: 0.14604626 | AF94: 40.156641 | AG94: 13408272 | AH94: 0.13315799 | AI94: 43.992352 | AJ94: 13193614
A95: Cape Verde | B95: CPV | C95: 2015 | D95: =B95&C95 -> CPV2015 | E95: 196.20986 | F95: 106.3998 | G95: 0.54227549 | H95: 3410.6797 | I95: 3039.6626 | J95: 15187.696 | K95: 0.042448699 | L95: 0.21499978 | M95: 0.033119258 | N95: 0.010069355 | O95: 1 | P95: 0 | Q95: 1.0236655 | R95: 0.27816972 | S95: 1.0234859 | T95: 0.74972796 | U95: 1338962.2 | V95: 43514.902 | W95: 25619.766 | X95: 43523.672 | Y95: 147 | Z95: 74 | AA95: 63 | AB95: 64 | AD95: 2009 | AE95: 0.037074736 | AF95: 1504.3969 | AG95: 788389.3 | AH95: 0.66806526 | AI95: 28.785199 | AJ95: 788548.18
A96: Congo, The Democratic Republic of | B96: COD | C96: 2005 | D96: =B96&C96 -> COD2005 | E96: 19117.764 | F96: 17558.255 | G96: 0.91842616 | H96: 40544.23 | I96: 41852.359 | J96: 155343.61 | K96: 0.01699687 | L96: 0.15527835 | M96: 0.080958888 | N96: 0.061353724 | O96: 0 | P96: 0 | Q96: 0.67331558 | R96: 0.53705239 | S96: 1.7589462 | T96: 0.58212274 | AE96: 0.081816519 | AF96: 72.413904 | AG96: 5925190.1 | AH96: 0.050651576 | AI96: 121.35943 | AJ96: 5945791.2
A97: Congo, The Democratic Republic of | B97: COD | C97: 2006 | D97: =B97&C97 -> COD2006 | E97: 20301.695 | F97: 18398.746 | G97: 0.90626645 | H97: 42701.559 | I97: 42719.895 | J97: 156707.09 | K97: 0.017184801 | L97: 0.15478602 | M97: 0.020728465 | N97: 0.053209249 | O97: 1 | P97: 1 | Q97: 0.67331558 | R97: 0.53705239 | S97: 1.7589462 | T97: 0.58212274 | AE97: 0.073822315 | AF97: 67.485066 | AG97: 5521893.2 | AH97: 0.045551396 | AI97: 112.72528 | AJ97: 5522776.3
A98: Congo, The Democratic Republic of | B98: COD | C98: 2007 | D98: =B98&C98 -> COD2007 | E98: 21485.627 | F98: 19239.236 | G98: 0.89544684 | H98: 45374.441 | I98: 45872.371 | J98: 158472.89 | K98: 0.01764147 | L98: 0.13972148 | M98: 0.073794112 | N98: 0.062594503 | O98: 1 | P98: 1 | Q98: 0.67331558 | R98: 0.53705239 | S98: 1.7589462 | T98: 0.58212274 | AE98: 0.06779047 | AF98: 63.593155 | AG98: 5203441.7 | AH98: 0.041725435 | AI98: 105.96006 | AJ98: 5191326.3
A99: Congo, The Democratic Republic of | B99: COD | C99: 2008 | D99: =B99&C99 -> COD2008 | E99: 22669.558 | F99: 20079.727 | G99: 0.88575733 | H99: 48199.414 | I99: 46852.516 | J99: 160394 | K99: 0.018304337 | L99: 0.15299585 | M99: 0.021366773 | N99: 0.062259115 | O99: 1 | P99: 1 | Q99: 0.67331558 | R99: 0.53705239 | S99: 1.7589462 | T99: 0.58212274 | AE99: 0.063061474 | AF99: 61.314531 | AG99: 5016995.7 | AH99: 0.038739149 | AI99: 101.9645 | AJ99: 4995570.6
A100: Congo, The Democratic Republic of | B100: COD | C100: 2009 | D100: =B100&C100 -> COD2009 | E100: 23853.49 | F100: 20920.218 | G100: 0.87702966 | H100: 49575.547 | I100: 46906.859 | J100: 165266.34 | K100: 0.019745318 | L100: 0.11267804 | M100: 0.0011598897 | N100: 0.02855082 | O100: 1 | P100: 1 | Q100: 0.67331558 | R100: 0.53705239 | S100: 1.7589462 | T100: 0.58212274 | AE100: 0.05871482 | AF100: 59.212148 | AG100: 4844970.5 | AH100: 0.036004543 | AI100: 98.292411 | AJ100: 4815663.3
A101: Congo, The Democratic Republic of | B101: COD | C101: 2010 | D101: =B101&C101 -> COD2010 | E101: 25037.421 | F101: 21760.709 | G101: 0.86912739 | H101: 53099.344 | I101: 52814.02 | J101: 170828.09 | K101: 0.021752404 | L101: 0.15328036 | M101: 0.12593383 | N101: 0.071079336 | O101: 1 | P101: 1 | Q101: 0.67331558 | R101: 0.53705239 | S101: 1.7589462 | T101: 0.58212274 | Y101: 242 | Z101: 144 | AA101: 89 | AB101: 133 | AD101: 2010 | AE101: 0.054994826 | AF101: 55.750966 | AG101: 4561763 | AH101: 0.033671933 | AI101: 92.405584 | AJ101: 4527248.6
A102: Congo, The Democratic Republic of | B102: COD | C102: 2011 | D102: =B102&C102 -> COD2011 | E102: 26221.353 | F102: 22601.199 | G102: 0.86193871 | H102: 56749.781 | I102: 50318.98 | J102: 182049.05 | K102: 0.024333213 | L102: 0.14171775 | M102: -0.047241986 | N102: 0.068747319 | O102: 1 | P102: 1 | Q102: 0.67331558 | R102: 0.53705239 | S102: 1.7589462 | T102: 0.58212274 | AE102: 0.05101999 | AF102: 54.189075 | AG102: 4433963 | AH102: 0.031187381 | AI102: 89.670557 | AJ102: 4393250.8
A103: Congo, The Democratic Republic of | B103: COD | C103: 2012 | D103: =B103&C103 -> COD2012 | E103: 27405.284 | F103: 23441.69 | G103: 0.85537118 | H103: 60771.547 | I103: 59441.828 | J103: 192811.5 | K103: 0.027338514 | L103: 0.14542013 | M103: 0.18130033 | N103: 0.070868388 | O103: 0 | P103: 0 | Q103: 0.67331558 | R103: 0.53705239 | S103: 1.7589462 | T103: 0.58212274 | AE103: 0.047707321 | AF103: 53.015207 | AG103: 4337912.4 | AH103: 0.029122902 | AI103: 87.609193 | AJ103: 4292257.9
A104: Congo, The Democratic Republic of | B104: COD | C104: 2013 | D104: =B104&C104 -> COD2013 | E104: 27865.219 | F104: 24088.158 | G104: 0.86445248 | H104: 65926.172 | I104: 66242.633 | J104: 202762.12 | K104: 0.029182484 | L104: 0.15240102 | M104: 0.11441109 | N104: 0.084819712 | O104: 1 | P104: 1 | Q104: 0.67331558 | R104: 0.53705239 | S104: 1.7589462 | T104: 0.58212274 | U104: 478455.12 | V104: 3839.2209 | W104: 790976.88 | X104: 3800.3315 | Y104: 481 | Z104: 444 | AA104: 201 | AB104: 435 | AD104: 2013 | AE104: 0.048682926 | AF104: 57.023073 | AG104: 4665851.8 | AH104: 0.029730324 | AI104: 94.269932 | AJ104: 4618589
A105: Congo, The Democratic Republic of | B105: COD | C105: 2014 | D105: =B105&C105 -> COD2014 | E105: 28325.155 | F105: 24734.625 | G105: 0.8732388 | H105: 72169.273 | I105: 71104.141 | J105: 213047.66 | K105: 0.030174933 | L105: 0.1427272 | M105: 0.073389411 | N105: 0.094698377 | O105: 1 | P105: 1 | Q105: 0.67331558 | R105: 0.53705239 | S105: 1.7589462 | T105: 0.58212274 | AE105: 0.04975657 | AF105: 62.823687 | AG105: 5140480.8 | AH105: 0.030399347 | AI105: 103.9051 | AJ105: 5090646.9
A106: Congo, The Democratic Republic of | B106: COD | C106: 2015 | D106: =B106&C106 -> COD2015 | E106: 28785.09 | F106: 25381.093 | G106: 0.88174444 | H106: 77161.078 | I106: 75372.078 | J106: 221408.17 | K106: 0.030484801 | L106: 0.16806057 | M106: 0.060023755 | N106: 0.069168009 | O106: 1 | P106: 1 | Q106: 0.67331558 | R106: 0.53705239 | S106: 1.7589462 | T106: 0.58212274 | AE106: 0.051207309 | AF106: 68.097038 | AG106: 5571967.1 | AH106: 0.031304286 | AI106: 112.69371 | AJ106: 5521229.6
A107: Congo, The Democratic Republic of | B107: COD | C107: 2016 | D107: =B107&C107 -> COD2016 | E107: 29245.026 | F107: 26027.561 | G107: 0.88998246 | H107: 79013.078 | I107: 74988.109 | J107: 229769.95 | K107: 0.030167844 | L107: 0.11907187 | M107: -0.0050943103 | N107: 0.024001738 | O107: 1 | P107: 1 | Q107: 0.67331558 | R107: 0.53705239 | S107: 1.7589462 | T107: 0.58212274 | AE107: 0.052818464 | AF107: 70.880067 | AG107: 5799685.5 | AH107: 0.032310551 | AI107: 117.37681 | AJ107: 5750669.9
A108: Congo, The Democratic Republic of | B108: COD | C108: 2017 | D108: =B108&C108 -> COD2017 | E108: 29704.961 | F108: 26674.028 | G108: 0.89796543 | H108: 81936.234 | I108: 72797.102 | J108: 242569.02 | K108: 0.030128097 | L108: 0.062701099 | M108: -0.02921807 | N108: 0.036995854 | O108: 1 | P108: 1 | Q108: 0.67331558 | R108: 0.53705239 | S108: 1.7589462 | T108: 0.58212274 | AE108: 0.054102816 | AF108: 74.221998 | AG108: 6073135.4 | AH108: 0.033113659 | AI108: 122.97577 | AJ108: 6024980.9
A109: Congo, The Democratic Republic of | B109: COD | C109: 2018 | D109: =B109&C109 -> COD2018 | E109: 30164.897 | F109: 27320.496 | G109: 0.90570492 | H109: 86676.031 | I109: 74482.305 | J109: 256741.28 | K109: 0.029885696 | L109: 0.066093624 | M109: 0.023149317 | N109: 0.057847384 | O109: 1 | P109: 1 | Q109: 0.67331558 | R109: 0.53705239 | S109: 1.7589462 | T109: 0.58212274 | AE109: 0.055460041 | AF109: 79.371011 | AG109: 6494447.9 | AH109: 0.033963255 | AI109: 131.58023 | AJ109: 6446541.2
A110: Congo, The Democratic Republic of | B110: COD | C110: 2019 | D110: =B110&C110 -> COD2019 | E110: 30624.832 | F110: 27966.963 | G110: 0.91321194 | H110: 90530.5 | I110: 78986.414 | J110: 267857.53 | K110: 0.02939995 | L110: 0.068962596 | M110: 0.060472209 | N110: 0.044469833 | O110: 1 | P110: 1 | Q110: 0.67331558 | R110: 0.53705239 | S110: 1.7589462 | T110: 0.58212274 | AE110: 0.057404455 | AF110: 84.646841 | AG110: 6926137 | AH110: 0.03518207 | AI110: 140.43849 | AJ110: 6880536
A111: Congo, The Democratic Republic of | B111: COD | C111: 2020 | D111: =B111&C111 -> COD2020 | E111: 31084.768 | F111: 28613.431 | G111: 0.92049682 | H111: 88986.213 | I111: 79729.043 | J111: 279871.64 | K111: 0.023565499 | L111: 0.067382792 | M111: 0.0094019808 | N111: -0.017058196 | O111: 0 | P111: 0 | Q111: 0.67331558 | R111: 0.53705239 | S111: 1.7589462 | T111: 0.58212274 | AE111: 0.059536568 | AF111: 85.152894 | AG111: 6967544.2 | AH111: 0.036520779 | AI111: 141.4019 | AJ111: 6927736.9
A112: Cote d'Ivoire | B112: CIV | C112: 2012 | D112: =B112&C112 -> CIV2012 | E112: 4642.227 | F112: 4108.186 | G112: 0.88496017 | H112: 63509.113 | I112: 52061.352 | J112: 119666.02 | K112: 0.039446432 | L112: 0.10805347 | M112: 0.1488246 | N112: 0.16205437 | O112: 0 | P112: 0 | Q112: 1.1461492 | R112: 0.33201289 | S112: 1.6205389 | T112: 0.452133 | U112: 90509.867 | V112: 2805.6907 | W112: 80239.828 | X112: 2934.4734 | Y112: 508 | Z112: 97 | AA112: 158 | AB112: 89 | AD112: 2009 | AE112: 0.19254695 | AF112: 2.764309 | AG112: 11788008 | AH112: 0.21956078 | AI112: 2.4506464 | AJ112: 12329084
A113: Cote d'Ivoire | B113: CIV | C113: 2013 | D113: =B113&C113 -> CIV2013 | E113: 9005.77 | F113: 8228.432 | G113: 0.91368443 | H113: 73253.836 | I113: 56971.004 | J113: 130934.66 | K113: 0.042073417 | L113: 0.10287022 | M113: 0.094305128 | N113: 0.15343818 | O113: 0 | P113: 0 | Q113: 1.1461492 | R113: 0.33201289 | S113: 1.6205389 | T113: 0.452133 | AE113: 0.17084738 | AF113: 2.0666123 | AG113: 8812778.4 | AH113: 0.19555414 | AI113: 1.8390503 | AJ113: 9252173.7
A114: Cote d'Ivoire | B114: CIV | C114: 2014 | D114: =B114&C114 -> CIV2014 | E114: 9162.6223 | F114: 8293.061 | G114: 0.90509689 | H114: 84094.797 | I114: 65966.008 | J114: 146075.25 | K114: 0.045645133 | L114: 0.10178501 | M114: 0.1578874 | N114: 0.14799172 | O114: 1 | P114: 1 | Q114: 1.1461492 | R114: 0.33201289 | S114: 1.6205389 | T114: 0.452133 | AE114: 0.14919546 | AF114: 2.0644711 | AG114: 8803647.3 | AH114: 0.1714184 | AI114: 1.8441088 | AJ114: 9277622.7
A115: Cote d'Ivoire | B115: CIV | C115: 2015 | D115: =B115&C115 -> CIV2015 | E115: 9319.4747 | F115: 8357.69 | G115: 0.89679843 | H115: 96605.383 | I115: 78192.266 | J115: 165241.33 | K115: 0.049312826 | L115: 0.09166313 | M115: 0.18534179 | N115: 0.14876765 | O115: 1 | P115: 1 | Q115: 1.1461492 | R115: 0.33201289 | S115: 1.6205389 | T115: 0.452133 | AE115: 0.13080256 | AF115: 2.0719406 | AG115: 8835500.1 | AH115: 0.15077133 | AI115: 1.85676 | AJ115: 9341270
A116: Cote d'Ivoire | B116: CIV | C116: 2016 | D116: =B116&C116 -> CIV2016 | E116: 9476.327 | F116: 8422.319 | G116: 0.88877463 | H116: 103541.88 | I116: 86575.609 | J116: 183807.83 | K116: 0.052103292 | L116: 0.096905522 | M116: 0.10721449 | N116: 0.071802415 | O116: 0 | P116: 0 | Q116: 1.1461492 | R116: 0.33201289 | S116: 1.6205389 | T116: 0.452133 | AE116: 0.11601718 | AF116: 1.9628429 | AG116: 8370268.2 | AH116: 0.13407695 | AI116: 1.7635723 | AJ116: 8872447.4
A117: Cote d'Ivoire | B117: CIV | C117: 2017 | D117: =B117&C117 -> CIV2017 | E117: 9364.9083 | F117: 8050.6781 | G117: 0.85966438 | H117: 111163.04 | I117: 93825.859 | J117: 202648.89 | K117: 0.053818736 | L117: 0.10385784 | M117: 0.08374472 | N117: 0.073604576 | O117: 1 | P117: 0 | Q117: 1.1461492 | R117: 0.33201289 | S117: 1.6205389 | T117: 0.452133 | AE117: 0.08815272 | AF117: 1.6341982 | AG117: 6968809.2 | AH117: 0.10237732 | AI117: 1.4755322 | AJ117: 7423331.7
...
