Workbook

Sheet Read me
A1: Source: Elgin, C., M. A. Kose, F. Ohnsorge, and S. Yu. 2021. “Understanding Informality”, C.E.P.R. Discussion Paper 16497, Centre for Economic Policy Research, London | C1: Download the paper
A2: For questions and comments, please contact Shu Yu (syu2@worldbank.org)
A4: Variables | B4: Labels | C4: Additional notes
A5: Economy | B5: Name
A6: Code | B6: ISO code
A7: DGE_p | B7: Dynamic general equilibrium model-based (DGE) estimates of informal output (% of official GDP) | C7: For data before 1990, please contact the authors
A8: MIMIC_p | B8: Multiple indicators multiple causes model-based (MIMIC) estimates of informal output (% of official GDP)
A9: SEMP_p | B9: Self-employment (% of total employment) | C9: For data before 1990, please contact the authors
A10: Pension_p | B10: Labor force with pension (% of labor force)
A11: Infemp_p | B11: Informal employment (% of total employment; International Labour Organization; hamonized series)
A12: Infsize_p | B12: Employment outside the formal sector (% of total employment; International Labour Organization; hamonized series)
A13: WEF_p | B13: World Economic Forum (WEF) index (1 = least informal, 7 = most informal; reordered). In particular, World Economic Forum conducts surveys and asks, “In your country, how much economic activity do you estimate to be undeclared or unregistered? (1 = Most economic activity is undeclared or unregistered; 7 = Most economic activity is declared or registered)” and reports average responses at the country-year level. Here, the average responses have been reordered to make “7 = Most economic activity is undeclared or unregistered; 1 = Most economic activity is declared or registered.” A higher level suggests a larger informal sector in the country. Data are not verified (Beta version; World Economic Forum. 2008-2018. “Executive Opinion Surveys.”). | C13: Coming soon
A14: WBentp1 | B14: Percent of firms competing against unregistered or informal firms (World Bank Enterprise Surveys)
A15: WBentp2 | B15: Percent of firms formally registered when they started operations in the country (World Bank Enterprise Surveys)
A16: WBentp3 | B16: Number of years firm operated without formal registration (World Bank Enterprise Surveys)
A17: WBentp4 | B17: Percent of firms identifying practices of competitors in the informal sector as a constraint (World Bank Enterprise Surveys)
A18: WVS | B18: Reponses to World Values Survey (WVS) question on "Justifiable: Cheating on taxes" (1 = never justifiable, 10 = always justifiable; simple country averages). WVS asks whether cheating on taxes is justifiable (1 is “never justifiable” and 10 is “always justifiable”) and reports average responses at the country-year level. A higher level suggests that the country is more tolerant toward the informal sector.

Sheet 2005-2015 avg
A1: country | B1: countrycode | C1: Info_DGE | D1: Info_Mimic | E1: Self-emp | F1: Info-empl | G1: out-form-empl
A2: Albania | B2: ALB | C2: =IFERROR(VLOOKUP($B2,DGE_p!$B$2:$AG$157,32,FALSE),"") -> 31.59488 | D2: =IFERROR(VLOOKUP($B2,MIMIC_p!$B$2:$AG$157,32,FALSE),"") -> 33.934313 | E2: =IFERROR(VLOOKUP($B2,SEMP_p!$B$2:$AG$157,32,FALSE),"") -> 59.71904 | F2: =IFERROR(VLOOKUP($B2,Infemp_p!$B$2:$AG$157,32,FALSE),"") -> 63.785 | G2: =IFERROR(VLOOKUP($B2,Infsize_p!$B$2:$AG$157,32,FALSE),"") -> 66.62
A3: Algeria | B3: DZA | C3: =IFERROR(VLOOKUP($B3,DGE_p!$B$2:$AG$157,32,FALSE),"") -> 30.313398 | D3: =IFERROR(VLOOKUP($B3,MIMIC_p!$B$2:$AG$157,32,FALSE),"") -> 31.787115 | E3: =IFERROR(VLOOKUP($B3,SEMP_p!$B$2:$AG$157,32,FALSE),"") -> 33.160285 | F3: =IFERROR(VLOOKUP($B3,Infemp_p!$B$2:$AG$157,32,FALSE),"") | G3: =IFERROR(VLOOKUP($B3,Infsize_p!$B$2:$AG$157,32,FALSE),"")
A4: Angola | B4: AGO | C4: =IFERROR(VLOOKUP($B4,DGE_p!$B$2:$AG$157,32,FALSE),"") -> 41.059401 | D4: =IFERROR(VLOOKUP($B4,MIMIC_p!$B$2:$AG$157,32,FALSE),"") -> 44.133583 | E4: =IFERROR(VLOOKUP($B4,SEMP_p!$B$2:$AG$157,32,FALSE),"") -> 68.098417 | F4: =IFERROR(VLOOKUP($B4,Infemp_p!$B$2:$AG$157,32,FALSE),"") -> 84.32 | G4: =IFERROR(VLOOKUP($B4,Infsize_p!$B$2:$AG$157,32,FALSE),"") -> 76.19
A5: Antigua and Barbuda | B5: ATG | C5: =IFERROR(VLOOKUP($B5,DGE_p!$B$2:$AG$157,32,FALSE),"") | D5: =IFERROR(VLOOKUP($B5,MIMIC_p!$B$2:$AG$157,32,FALSE),"") | E5: =IFERROR(VLOOKUP($B5,SEMP_p!$B$2:$AG$157,32,FALSE),"") | F5: =IFERROR(VLOOKUP($B5,Infemp_p!$B$2:$AG$157,32,FALSE),"") | G5: =IFERROR(VLOOKUP($B5,Infsize_p!$B$2:$AG$157,32,FALSE),"")
A6: Argentina | B6: ARG | C6: =IFERROR(VLOOKUP($B6,DGE_p!$B$2:$AG$157,32,FALSE),"") -> 22.392825 | D6: =IFERROR(VLOOKUP($B6,MIMIC_p!$B$2:$AG$157,32,FALSE),"") -> 24.250676 | E6: =IFERROR(VLOOKUP($B6,SEMP_p!$B$2:$AG$157,32,FALSE),"") -> 23.481158 | F6: =IFERROR(VLOOKUP($B6,Infemp_p!$B$2:$AG$157,32,FALSE),"") -> 50.167778 | G6: =IFERROR(VLOOKUP($B6,Infsize_p!$B$2:$AG$157,32,FALSE),"") -> 43.514444
A7: Armenia | B7: ARM | C7: =IFERROR(VLOOKUP($B7,DGE_p!$B$2:$AG$157,32,FALSE),"") -> 39.004612 | D7: =IFERROR(VLOOKUP($B7,MIMIC_p!$B$2:$AG$157,32,FALSE),"") -> 43.467533 | E7: =IFERROR(VLOOKUP($B7,SEMP_p!$B$2:$AG$157,32,FALSE),"") -> 37.949815 | F7: =IFERROR(VLOOKUP($B7,Infemp_p!$B$2:$AG$157,32,FALSE),"") -> 57.387143 | G7: =IFERROR(VLOOKUP($B7,Infsize_p!$B$2:$AG$157,32,FALSE),"") -> 48.615
A8: Aruba | B8: ABW | C8: =IFERROR(VLOOKUP($B8,DGE_p!$B$2:$AG$157,32,FALSE),"") | D8: =IFERROR(VLOOKUP($B8,MIMIC_p!$B$2:$AG$157,32,FALSE),"") | E8: =IFERROR(VLOOKUP($B8,SEMP_p!$B$2:$AG$157,32,FALSE),"") -> 9.3499999 | F8: =IFERROR(VLOOKUP($B8,Infemp_p!$B$2:$AG$157,32,FALSE),"") | G8: =IFERROR(VLOOKUP($B8,Infsize_p!$B$2:$AG$157,32,FALSE),"")
A9: Australia | B9: AUS | C9: =IFERROR(VLOOKUP($B9,DGE_p!$B$2:$AG$157,32,FALSE),"") -> 13.184101 | D9: =IFERROR(VLOOKUP($B9,MIMIC_p!$B$2:$AG$157,32,FALSE),"") -> 13.742927 | E9: =IFERROR(VLOOKUP($B9,SEMP_p!$B$2:$AG$157,32,FALSE),"") -> 11.178879 | F9: =IFERROR(VLOOKUP($B9,Infemp_p!$B$2:$AG$157,32,FALSE),"") | G9: =IFERROR(VLOOKUP($B9,Infsize_p!$B$2:$AG$157,32,FALSE),"")
A10: Austria | B10: AUT | C10: =IFERROR(VLOOKUP($B10,DGE_p!$B$2:$AG$157,32,FALSE),"") -> 9.4159414 | D10: =IFERROR(VLOOKUP($B10,MIMIC_p!$B$2:$AG$157,32,FALSE),"") -> 9.8223837 | E10: =IFERROR(VLOOKUP($B10,SEMP_p!$B$2:$AG$157,32,FALSE),"") -> 13.31798 | F10: =IFERROR(VLOOKUP($B10,Infemp_p!$B$2:$AG$157,32,FALSE),"") | G10: =IFERROR(VLOOKUP($B10,Infsize_p!$B$2:$AG$157,32,FALSE),"")
A11: Azerbaijan | B11: AZE | C11: =IFERROR(VLOOKUP($B11,DGE_p!$B$2:$AG$157,32,FALSE),"") -> 47.750231 | D11: =IFERROR(VLOOKUP($B11,MIMIC_p!$B$2:$AG$157,32,FALSE),"") -> 54.584806 | E11: =IFERROR(VLOOKUP($B11,SEMP_p!$B$2:$AG$157,32,FALSE),"") -> 63.369015 | F11: =IFERROR(VLOOKUP($B11,Infemp_p!$B$2:$AG$157,32,FALSE),"") | G11: =IFERROR(VLOOKUP($B11,Infsize_p!$B$2:$AG$157,32,FALSE),"")
A12: Bahamas, The | B12: BHS | C12: =IFERROR(VLOOKUP($B12,DGE_p!$B$2:$AG$157,32,FALSE),"") -> 25.560263 | D12: =IFERROR(VLOOKUP($B12,MIMIC_p!$B$2:$AG$157,32,FALSE),"") -> 28.65132 | E12: =IFERROR(VLOOKUP($B12,SEMP_p!$B$2:$AG$157,32,FALSE),"") -> 13.657118 | F12: =IFERROR(VLOOKUP($B12,Infemp_p!$B$2:$AG$157,32,FALSE),"") | G12: =IFERROR(VLOOKUP($B12,Infsize_p!$B$2:$AG$157,32,FALSE),"")
A13: Bahrain | B13: BHR | C13: =IFERROR(VLOOKUP($B13,DGE_p!$B$2:$AG$157,32,FALSE),"") -> 16.470226 | D13: =IFERROR(VLOOKUP($B13,MIMIC_p!$B$2:$AG$157,32,FALSE),"") -> 19.599456 | E13: =IFERROR(VLOOKUP($B13,SEMP_p!$B$2:$AG$157,32,FALSE),"") -> 4.3941081 | F13: =IFERROR(VLOOKUP($B13,Infemp_p!$B$2:$AG$157,32,FALSE),"") | G13: =IFERROR(VLOOKUP($B13,Infsize_p!$B$2:$AG$157,32,FALSE),"")
... A178: Zimbabwe | B178: ZWE | C178: =IFERROR(VLOOKUP($B178,DGE_p!$B$2:$AG$157,32,FALSE),"") -> 63.512866 | D178: =IFERROR(VLOOKUP($B178,MIMIC_p!$B$2:$AG$157,32,FALSE),"") | E178: =IFERROR(VLOOKUP($B178,SEMP_p!$B$2:$AG$157,32,FALSE),"") | F178: =IFERROR(VLOOKUP($B178,Infemp_p!$B$2:$AG$157,32,FALSE),"") -> 86.485 | G178: =IFERROR(VLOOKUP($B178,Infsize_p!$B$2:$AG$157,32,FALSE),"") -> 78.32

Sheet 2003
A1: country | B1: countrycode | C1: Info_DGE | D1: Self-emp
A2: Albania | B2: ALB | C2: =IFERROR(VLOOKUP($B2,DGE_p!$B$2:$P$157,15,FALSE),"") -> 34.009563 | D2: =IF(ISBLANK(VLOOKUP($B2,SEMP_p!$B$2:$P$157,15,FALSE)),"",(VLOOKUP($B2,SEMP_p!$B$2:$P$157,15,FALSE))) -> 66.666664
A3: Algeria | B3: DZA | C3: =IFERROR(VLOOKUP($B3,DGE_p!$B$2:$P$157,15,FALSE),"") -> 30.419153 | D3: =IF(ISBLANK(VLOOKUP($B3,SEMP_p!$B$2:$P$157,15,FALSE)),"",(VLOOKUP($B3,SEMP_p!$B$2:$P$157,15,FALSE))) -> 34.999977
A4: Angola | B4: AGO | C4: =IFERROR(VLOOKUP($B4,DGE_p!$B$2:$P$157,15,FALSE),"") -> 41.197376 | D4: =IF(ISBLANK(VLOOKUP($B4,SEMP_p!$B$2:$P$157,15,FALSE)),"",(VLOOKUP($B4,SEMP_p!$B$2:$P$157,15,FALSE)))
A5: Antigua and Barbuda | B5: ATG | C5: =IFERROR(VLOOKUP($B5,DGE_p!$B$2:$P$157,15,FALSE),"") | D5: =IF(ISBLANK(VLOOKUP($B5,SEMP_p!$B$2:$P$157,15,FALSE)),"",(VLOOKUP($B5,SEMP_p!$B$2:$P$157,15,FALSE)))
A6: Argentina | B6: ARG | C6: =IFERROR(VLOOKUP($B6,DGE_p!$B$2:$P$157,15,FALSE),"") -> 22.924101 | D6: =IF(ISBLANK(VLOOKUP($B6,SEMP_p!$B$2:$P$157,15,FALSE)),"",(VLOOKUP($B6,SEMP_p!$B$2:$P$157,15,FALSE))) -> 26.299999
A7: Armenia | B7: ARM | C7: =IFERROR(VLOOKUP($B7,DGE_p!$B$2:$P$157,15,FALSE),"") -> 45.070461 | D7: =IF(ISBLANK(VLOOKUP($B7,SEMP_p!$B$2:$P$157,15,FALSE)),"",(VLOOKUP($B7,SEMP_p!$B$2:$P$157,15,FALSE))) -> 51.119537
A8: Aruba | B8: ABW | C8: =IFERROR(VLOOKUP($B8,DGE_p!$B$2:$P$157,15,FALSE),"") | D8: =IF(ISBLANK(VLOOKUP($B8,SEMP_p!$B$2:$P$157,15,FALSE)),"",(VLOOKUP($B8,SEMP_p!$B$2:$P$157,15,FALSE)))
A9: Australia | B9: AUS | C9: =IFERROR(VLOOKUP($B9,DGE_p!$B$2:$P$157,15,FALSE),"") -> 13.898851 | D9: =IF(ISBLANK(VLOOKUP($B9,SEMP_p!$B$2:$P$157,15,FALSE)),"",(VLOOKUP($B9,SEMP_p!$B$2:$P$157,15,FALSE))) -> 13.12908
A10: Austria | B10: AUT | C10: =IFERROR(VLOOKUP($B10,DGE_p!$B$2:$P$157,15,FALSE),"") -> 9.6159573 | D10: =IF(ISBLANK(VLOOKUP($B10,SEMP_p!$B$2:$P$157,15,FALSE)),"",(VLOOKUP($B10,SEMP_p!$B$2:$P$157,15,FALSE))) -> 13
A11: Azerbaijan | B11: AZE | C11: =IFERROR(VLOOKUP($B11,DGE_p!$B$2:$P$157,15,FALSE),"") -> 57.314213 | D11: =IF(ISBLANK(VLOOKUP($B11,SEMP_p!$B$2:$P$157,15,FALSE)),"",(VLOOKUP($B11,SEMP_p!$B$2:$P$157,15,FALSE))) -> 67.300003
A12: Bahamas, The | B12: BHS | C12: =IFERROR(VLOOKUP($B12,DGE_p!$B$2:$P$157,15,FALSE),"") -> 27.20505 | D12: =IF(ISBLANK(VLOOKUP($B12,SEMP_p!$B$2:$P$157,15,FALSE)),"",(VLOOKUP($B12,SEMP_p!$B$2:$P$157,15,FALSE))) -> 14.3
A13: Bahrain | B13: BHR | C13: =IFERROR(VLOOKUP($B13,DGE_p!$B$2:$P$157,15,FALSE),"") -> 16.532934 | D13: =IF(ISBLANK(VLOOKUP($B13,SEMP_p!$B$2:$P$157,15,FALSE)),"",(VLOOKUP($B13,SEMP_p!$B$2:$P$157,15,FALSE))) -> 4.0999999
... A178: Zimbabwe | B178: ZWE | C178: =IFERROR(VLOOKUP($B178,DGE_p!$B$2:$P$157,15,FALSE),"") -> 60.036434 | D178: =IF(ISBLANK(VLOOKUP($B178,SEMP_p!$B$2:$P$157,15,FALSE)),"",(VLOOKUP($B178,SEMP_p!$B$2:$P$157,15,FALSE))) -> #N/A

Sheet DGE_p
A1: Economy | B1: Code | C1: 1990 | D1: 1991 | E1: 1992 | F1: 1993 | G1: 1994 | H1: 1995 | I1: 1996 | J1: 1997 | K1: 1998 | L1: 1999 | M1: 2000 | N1: 2001 | O1: 2002 | P1: 2003 | Q1: 2004 | R1: 2005 | S1: 2006 | T1: 2007 | U1: 2008 | V1: 2009 | W1: 2010 | X1: 2011 | Y1: 2012 | Z1: 2013 | AA1: 2014 | AB1: 2015 | AC1: 2016 | AD1: 2017 | AE1: 2018 | AG1: avg 2005-2015
A2: Albania | B2: ALB | C2: 36.205364 | D2: 35.997807 | E2: 34.999146 | F2: 35.049511 | G2: 35.42675 | H2: 35.058449 | I2: 34.621914 | J2: 33.991074 | K2: 33.554165 | L2: 33.908962 | M2: 34.238525 | N2: 34.112099 | O2: 34.013187 | P2: 34.009563 | Q2: 33.790798 | R2: 33.603615 | S2: 33.305096 | T2: 32.900143 | U2: 32.241131 | V2: 31.42392 | W2: 31.049883 | X2: 30.881023 | Y2: 30.871901 | Z2: 30.445469 | AA2: 30.318991 | AB2: 30.50251 | AC2: 30.69953 | AD2: 30.708265 | AE2: 30.437105 | AG2: =AVERAGE($R2:$AB2) -> 31.59488
A3: Algeria | B3: DZA | C3: 29.969116 | D3: 29.916943 | E3: 29.884853 | F3: 29.829243 | G3: 29.822683 | H3: 30.067387 | I3: 30.239305 | J3: 30.240721 | K3: 30.340803 | L3: 30.356846 | M3: 30.579885 | N3: 30.722147 | O3: 30.743202 | P3: 30.419153 | Q3: 31.21817 | R3: 31.344526 | S3: 31.700745 | T3: 31.201611 | U3: 31.092617 | V3: 30.61553 | W3: 30.480278 | X3: 29.916107 | Y3: 29.825583 | Z3: 29.697721 | AA3: 28.966862 | AB3: 28.605795 | AC3: 28.34787 | AD3: 28.090626 | AE3: 27.907875 | AG3: =AVERAGE($R3:$AB3) -> 30.313398
A4: Angola | B4: AGO | C4: 42.032562 | D4: 41.262264 | E4: 41.184803 | F4: 41.579483 | G4: 41.12796 | H4: 40.200756 | I4: 40.757286 | J4: 39.612217 | K4: 40.025669 | L4: 38.995441 | M4: 39.755108 | N4: 40.571007 | O4: 40.93816 | P4: 41.197376 | Q4: 41.49712 | R4: 41.892601 | S4: 42.141041 | T4: 42.104332 | U4: 41.841858 | V4: 41.295341 | W4: 41.350643 | X4: 41.083103 | Y4: 40.68718 | Z4: 40.049431 | AA4: 39.816345 | AB4: 39.391537 | AC4: 39.207199 | AD4: 39.161381 | AE4: 39.174072 | AG4: =AVERAGE($R4:$AB4) -> 41.059401
A5: Argentina | B5: ARG | C5: 24.348072 | D5: 24.460047 | E5: 24.316475 | F5: 23.949341 | G5: 23.805737 | H5: 23.340496 | I5: 23.018152 | J5: 23.223078 | K5: 23.203182 | L5: 23.084187 | M5: 23.000473 | N5: 22.860527 | O5: 22.686539 | P5: 22.924101 | Q5: 23.152037 | R5: 23.175035 | S5: 23.173586 | T5: 23.000641 | U5: 22.761007 | V5: 22.56385 | W5: 22.411331 | X5: 22.221504 | Y5: 22.056883 | Z5: 21.839558 | AA5: 21.622149 | AB5: 21.495525 | AC5: 21.327438 | AD5: 21.18718 | AE5: 21.145267 | AG5: =AVERAGE($R5:$AB5) -> 22.392825
A6: Armenia | B6: ARM | C6: 43.546524 | D6: 42.666599 | E6: 42.600899 | F6: 43.518177 | G6: 45.792004 | H6: 45.862804 | I6: 46.201385 | J6: 46.896111 | K6: 46.922569 | L6: 46.993225 | M6: 46.882259 | N6: 46.773983 | O6: 45.49472 | P6: 45.070461 | Q6: 44.289856 | R6: 43.571857 | S6: 42.315376 | T6: 41.100563 | U6: 39.944286 | V6: 38.871475 | W6: 38.238056 | X6: 37.617188 | Y6: 37.416019 | Z6: 37.098522 | AA6: 36.771603 | AB6: 36.105789 | AC6: 35.550232 | AD6: 35.33268 | AG6: =AVERAGE($R6:$AB6) -> 39.004612
A7: Australia | B7: AUS | C7: 15.244408 | D7: 15.061095 | E7: 14.935771 | F7: 14.82589 | G7: 14.76512 | H7: 14.723909 | I7: 14.626008 | J7: 14.481968 | K7: 14.371072 | L7: 14.262671 | M7: 14.215001 | N7: 14.114329 | O7: 14.011227 | P7: 13.898851 | Q7: 13.778003 | R7: 13.702364 | S7: 13.596591 | T7: 13.499954 | U7: 13.407648 | V7: 13.272465 | W7: 13.199358 | X7: 13.084046 | Y7: 12.957984 | Z7: 12.848927 | AA7: 12.761232 | AB7: 12.694539 | AC7: 12.638254 | AD7: 12.583068 | AE7: 12.527935 | AG7: =AVERAGE($R7:$AB7) -> 13.184101
A8: Austria | B8: AUT | C8: 10.544946 | D8: 10.459683 | E8: 10.362458 | F8: 10.262081 | G8: 10.179858 | H8: 10.100736 | I8: 10.030376 | J8: 9.9541836 | K8: 9.8871517 | L8: 9.8360147 | M8: 9.7789268 | N8: 9.7156372 | O8: 9.6566792 | P8: 9.6159573 | Q8: 9.5739574 | R8: 9.5441885 | S8: 9.516573 | T8: 9.5001764 | U8: 9.4587898 | V8: 9.3980637 | W8: 9.387991 | X8: 9.3865356 | Y8: 9.3700151 | Z8: 9.3452845 | AA8: 9.350009 | AB8: 9.317729 | AC8: 9.284831 | AD8: 9.2615881 | AE8: 9.2427692 | AG8: =AVERAGE($R8:$AB8) -> 9.4159414
A9: Azerbaijan | B9: AZE | C9: 48.41296 | D9: 49.851406 | E9: 49.52026 | F9: 51.859177 | G9: 56.227505 | H9: 59.337116 | I9: 59.609421 | J9: 59.743492 | K9: 60.283493 | L9: 60.64962 | M9: 60.770004 | N9: 60.518257 | O9: 59.388565 | P9: 57.314213 | Q9: 55.684425 | R9: 54.652458 | S9: 53.280342 | T9: 52.000141 | U9: 50.403042 | V9: 49.168171 | W9: 47.952862 | X9: 46.242271 | Y9: 44.987003 | Z9: 43.483986 | AA9: 42.113556 | AB9: 40.968712 | AC9: 40.378605 | AD9: 39.859467 | AE9: 39.469986 | AG9: =AVERAGE($R9:$AB9) -> 47.750231
A10: Bahamas, The | B10: BHS | C10: 30.808374 | D10: 30.365664 | E10: 30.106243 | F10: 30.199915 | G10: 29.90337 | H10: 29.806984 | I10: 29.566628 | J10: 29.116838 | K10: 28.791508 | L10: 28.401459 | M10: 27.936047 | N10: 27.67309 | O10: 27.441278 | P10: 27.20505 | Q10: 27.086575 | R10: 26.796515 | S10: 26.468355 | T10: 26.200542 | U10: 25.902288 | V10: 25.590897 | W10: 25.483692 | X10: 25.255352 | Y10: 25.124922 | Z10: 24.801674 | AA10: 24.767082 | AB10: 24.771572 | AC10: 24.635792 | AD10: 24.522751 | AG10: =AVERAGE($R10:$AB10) -> 25.560263
A11: Bahrain | B11: BHR | C11: 17.059486 | D11: 16.927078 | E11: 16.725899 | F11: 16.596649 | G11: 16.486298 | H11: 16.424906 | I11: 16.318382 | J11: 16.272091 | K11: 16.094109 | L11: 16.341745 | M11: 16.455021 | N11: 16.455332 | O11: 16.515749 | P11: 16.532934 | Q11: 16.76293 | R11: 17.100025 | S11: 16.963276 | T11: 16.741926 | U11: 17.071676 | V11: 16.792336 | W11: 16.653646 | X11: 16.473623 | Y11: 16.240223 | Z11: 15.952136 | AA11: 15.629813 | AB11: 15.553808 | AC11: 15.524117 | AD11: 15.284875 | AE11: 15.232141 | AG11: =AVERAGE($R11:$AB11) -> 16.470226
A12: Bangladesh | B12: BGD | C12: 42.95211 | D12: 42.664642 | E12: 42.45015 | F12: 42.107204 | G12: 41.800095 | H12: 41.484585 | I12: 41.130989 | J12: 40.773449 | K12: 40.172474 | L12: 39.560257 | M12: 38.955914 | N12: 38.389839 | O12: 37.765057 | P12: 37.09893 | Q12: 36.318214 | R12: 35.509972 | S12: 34.688599 | T12: 34.100784 | U12: 33.480824 | V12: 32.828964 | W12: 32.177204 | X12: 31.500191 | Y12: 30.899021 | Z12: 30.204218 | AA12: 29.5326 | AB12: 28.897316 | AC12: 28.256935 | AD12: 27.631273 | AE12: 26.998659 | AG12: =AVERAGE($R12:$AB12) -> 32.165427
A13: Barbados | B13: BRB | C13: 27.257252 | D13: 26.745813 | E13: 26.592169 | F13: 26.418327 | G13: 26.854389 | H13: 26.656822 | I13: 26.797005 | J13: 26.614597 | K13: 26.373943 | L13: 26.205805 | M13: 26.090532 | N13: 25.695164 | O13: 25.820341 | P13: 25.400028 | Q13: 25.323406 | R13: 25.132286 | S13: 24.697495 | T13: 24.499954 | U13: 24.168461 | V13: 23.806005 | W13: 23.814163 | X13: 23.606796 | Y13: 23.605207 | Z13: 23.500889 | AA13: 23.454325 | AB13: 23.537182 | AC13: 23.611942 | AD13: 23.663586 | AE13: 23.72175 | AG13: =AVERAGE($R13:$AB13) -> 23.983888
A14: Belarus | B14: BLR | C14: 44.36388 | D14: 43.866821 | E14: 43.854977 | F14: 44.071995 | G14: 43.010296 | H14: 42.561867 | I14: 42.91106 | J14: 43.546661 | K14: 43.767567 | L14: 43.947906 | M14: 44.281651 | N14: 44.306721 | O14: 44.415421 | P14: 44.384476 | Q14: 44.32053 | R14: 44.27037 | S14: 43.857151 | T14: 43.300365 | U14: 42.71347 | V14: 41.820137 | W14: 40.916435 | X14: 39.954174 | Y14: 39.573814 | Z14: 39.15316 | AA14: 38.735535 | AB14: 38.361256 | AC14: 38.011654 | AD14: 37.749626 | AE14: 37.454849 | AG14: =AVERAGE($R14:$AB14) -> 41.150534
A15: Belgium | B15: BEL | C15: 22.945543 | D15: 22.792948 | E15: 22.647985 | F15: 22.495502 | G15: 22.371479 | H15: 22.324093 | I15: 22.211817 | J15: 22.081999 | K15: 22.005472 | L15: 21.922796 | M15: 21.84734 | N15: 21.74255 | O15: 21.611916 | P15: 21.535511 | Q15: 21.542747 | R15: 21.488173 | S15: 21.378532 | T15: 21.301054 | U15: 21.184193 | V15: 21.050579 | W15: 20.99044 | X15: 20.906097 | Y15: 20.821095 | Z15: 20.731125 | AA15: 20.664415 | AB15: 20.617481 | AC15: 20.576616 | AD15: 20.51601 | AE15: 20.431688 | AG15: =AVERAGE($R15:$AB15) -> 21.012108
A16: Belize | B16: BLZ | C16: 46.856544 | D16: 45.879032 | E16: 43.849052 | F16: 43.4277 | G16: 42.965351 | H16: 42.727489 | I16: 42.430626 | J16: 42.56422 | K16: 42.634491 | L16: 42.715614 | M16: 42.28643 | N16: 41.946079 | O16: 41.470837 | P16: 41.619389 | Q16: 41.770378 | R16: 41.642128 | S16: 41.848312 | T16: 42.000206 | U16: 41.56311 | V16: 41.480591 | W16: 41.664883 | X16: 41.910175 | Y16: 41.824581 | Z16: 41.798203 | AA16: 41.460419 | AB16: 41.01638 | AC16: 40.745407 | AD16: 39.975842 | AG16: =AVERAGE($R16:$AB16) -> 41.655363
A17: Benin | B17: BEN | C17: 48.71286 | D17: 49.178192 | E17: 49.48745 | F17: 49.769852 | G17: 49.948307 | H17: 49.880215 | I17: 50.052326 | J17: 50.030415 | K17: 49.963829 | L17: 49.934212 | M17: 49.934093 | N17: 49.736233 | O17: 49.686535 | P17: 49.444447 | Q17: 49.360538 | R17: 49.285549 | S17: 49.247334 | T17: 49.100082 | U17: 48.776783 | V17: 48.445538 | W17: 48.209648 | X17: 47.778683 | Y17: 47.507172 | Z17: 46.858826 | AA17: 46.483707 | AB17: 45.999615 | AC17: 45.690987 | AD17: 45.347534 | AG17: =AVERAGE($R17:$AB17) -> 47.972085
A18: Bhutan | B18: BTN | C18: 37.508007 | D18: 37.385643 | E18: 36.575935 | F18: 35.412674 | G18: 34.657684 | H18: 33.511395 | I18: 32.7924 | J18: 32.342957 | K18: 32.157455 | L18: 31.967968 | M18: 30.851597 | N18: 30.119169 | O18: 29.593489 | P18: 29.007727 | Q18: 28.537146 | R18: 27.55928 | S18: 27.618519 | T18: 27.702709 | U18: 27.694078 | V18: 27.202606 | W18: 26.533531 | X18: 25.754595 | Y18: 24.946692 | Z18: 24.937002 | AA18: 24.390015 | AB18: 24.108498 | AC18: 23.692278 | AD18: 23.212225 | AG18: =AVERAGE($R18:$AB18) -> 26.222502
A19: Bolivia | B19: BOL | C19: 67.66375 | D19: 67.477654 | E19: 66.916595 | F19: 66.387787 | G19: 66.450714 | H19: 65.968307 | I19: 65.565666 | J19: 65.021095 | K19: 63.959534 | L19: 63.419502 | M19: 63.283432 | N19: 63.417454 | O19: 63.389301 | P19: 63.396126 | Q19: 63.948708 | R19: 63.77713 | S19: 63.720955 | T19: 63.500099 | U19: 63.21777 | V19: 62.57193 | W19: 62.297707 | X19: 61.405884 | Y19: 60.071087 | Z19: 59.077625 | AA19: 58.322655 | AB19: 56.493515 | AC19: 55.710876 | AD19: 54.768753 | AE19: 53.825726 | AG19: =AVERAGE($R19:$AB19) -> 61.314214
A20: Bosnia and Herzegovina | B20: BIH | C20: 47.675121 | D20: 48.774036 | E20: 47.455086 | F20: 50.015076 | G20: 50.16188 | H20: 50.050102 | I20: 47.806061 | J20: 44.981079 | K20: 42.51305 | L20: 40.544361 | M20: 39.086781 | N20: 38.080944 | O20: 37.031097 | P20: 35.892284 | Q20: 34.954281 | R20: 34.037945 | S20: 33.301701 | T20: 32.800629 | U20: 32.161545 | V20: 31.379128 | W20: 30.894014 | X20: 30.303595 | Y20: 29.950279 | Z20: 29.755821 | AA20: 29.30991 | AB20: 29.088318 | AC20: 28.67528 | AD20: 28.477617 | AE20: 28.149969 | AG20: =AVERAGE($R20:$AB20) -> 31.180262
A21: Botswana | B21: BWA | C21: 40.517189 | D21: 40.006645 | E21: 39.112778 | F21: 38.386875 | G21: 37.661823 | H21: 37.338226 | I21: 36.22403 | J21: 36.538963 | K21: 35.53233 | L21: 35.408695 | M21: 34.630714 | N21: 33.686943 | O21: 33.711655 | P21: 32.566307 | Q21: 32.608757 | R21: 32.49432 | S21: 31.893238 | T21: 31.901402 | U21: 31.376865 | V21: 30.77681 | W21: 29.910166 | X21: 29.790371 | Y21: 29.264757 | Z21: 28.774374 | AA21: 28.193695 | AB21: 27.675236 | AC21: 27.194241 | AD21: 26.827049 | AG21: =AVERAGE($R21:$AB21) -> 30.186476
A22: Brazil | B22: BRA | C22: 38.83725 | D22: 38.496964 | E22: 38.099743 | F22: 37.727962 | G22: 37.249355 | H22: 36.654919 | I22: 35.693657 | J22: 35.78199 | K22: 35.58289 | L22: 35.85989 | M22: 36.015575 | N22: 35.906792 | O22: 36.033073 | P22: 36.023487 | Q22: 36.226128 | R22: 36.279827 | S22: 36.209248 | T22: 36.004292 | U22: 35.742767 | V22: 35.421604 | W22: 35.14278 | X22: 34.814896 | Y22: 34.474094 | Z22: 34.143326 | AA22: 33.952003 | AB22: 33.738918 | AC22: 33.469604 | AD22: 33.369141 | AE22: 33.369675 | AG22: =AVERAGE($R22:$AB22) -> 35.083978
A23: Brunei Darussalam | B23: BRN | C23: 33.114754 | D23: 32.762238 | E23: 32.957329 | F23: 32.350433 | G23: 31.958139 | H23: 31.514389 | I23: 30.991291 | J23: 30.440798 | K23: 30.195852 | L23: 30.501089 | M23: 30.899599 | N23: 30.72374 | O23: 30.816082 | P23: 31.042437 | Q23: 31.177187 | R23: 31.448475 | S23: 31.47654 | T23: 31.20093 | U23: 31.124874 | V23: 30.651691 | W23: 30.593256 | X23: 30.604809 | Y23: 30.045357 | Z23: 29.353085 | AA23: 28.988111 | AB23: 28.560213 | AC23: 28.366333 | AD23: 28.126997 | AG23: =AVERAGE($R23:$AB23) -> 30.36794
A24: Bulgaria | B24: BGR | C24: 39.182384 | D24: 38.958534 | E24: 39.026669 | F24: 38.813381 | G24: 39.372112 | H24: 39.59407 | I24: 40.5956 | J24: 39.988472 | K24: 39.236565 | L24: 38.384087 | M24: 37.539318 | N24: 36.715092 | O24: 36.061207 | P24: 35.41597 | Q24: 34.9231 | R24: 34.307049 | S24: 33.478436 | T24: 32.700512 | U24: 31.587261 | V24: 30.84243 | W24: 30.174355 | X24: 29.825583 | Y24: 29.436537 | Z24: 29.05941 | AA24: 28.863358 | AB24: 28.642199 | AC24: 28.509586 | AD24: 28.29052 | AE24: 27.84833 | AG24: =AVERAGE($R24:$AB24) -> 30.810648
A25: Burkina Faso | B25: BFA | C25: 49.224998 | D25: 48.576691 | E25: 47.963905 | F25: 47.539986 | G25: 46.543362 | H25: 46.147785 | I25: 45.713547 | J25: 45.123302 | K25: 44.561222 | L25: 44.346985 | M25: 43.77776 | N25: 43.242165 | O25: 42.759796 | P25: 42.236492 | Q25: 41.618301 | R25: 40.918411 | S25: 40.374088 | T25: 39.600021 | U25: 38.964077 | V25: 38.176846 | W25: 37.266392 | X25: 36.167015 | Y25: 35.034637 | Z25: 33.955555 | AA25: 33.212013 | AB25: 32.638618 | AC25: 32.003525 | AD25: 31.639021 | AE25: 31.202633 | AG25: =AVERAGE($R25:$AB25) -> 36.937061
A26: Burundi | B26: BDI | C26: 39.916046 | D26: 40.003864 | E26: 39.987774 | F26: 39.910984 | G26: 40.240879 | H26: 40.354836 | I26: 40.389015 | J26: 40.501099 | K26: 40.54488 | L26: 40.180702 | M26: 39.909676 | N26: 39.887794 | O26: 40.118584 | P26: 39.970367 | Q26: 39.590538 | R26: 39.405449 | S26: 39.571907 | T26: 39.600975 | U26: 39.391258 | V26: 39.209633 | W26: 38.724407 | X26: 38.423321 | Y26: 37.873348 | Z26: 37.301571 | AA26: 36.960056 | AB26: 36.829334 | AC26: 36.618176 | AD26: 36.633827 | AG26: =AVERAGE($R26:$AB26) -> 38.481024
A27: Cabo Verde | B27: CPV | C27: 39.474937 | D27: 39.278534 | E27: 39.001266 | F27: 38.72332 | G27: 38.445366 | H27: 37.984119 | I27: 37.867821 | J27: 37.396057 | K27: 37.265045 | L27: 36.839832 | M27: 36.871109 | N27: 36.470943 | O27: 36.01886 | P27: 35.554199 | Q27: 35.045185 | R27: 34.555908 | S27: 34.166882 | T27: 33.400978 | U27: 32.753857 | V27: 32.20916 | W27: 31.6059 | X27: 31.037764 | Y27: 30.813725 | Z27: 30.581778 | AA27: 30.266798 | AB27: 30.136936 | AC27: 30.035601 | AD27: 29.907257 | AG27: =AVERAGE($R27:$AB27) -> 31.957244
A28: Cambodia | B28: KHM | C28: 54.448174 | D28: 54.436195 | E28: 54.348396 | F28: 54.207115 | G28: 53.766678 | H28: 53.636124 | I28: 53.247417 | J28: 52.975227 | K28: 52.9105 | L28: 52.282055 | M28: 51.429932 | N28: 50.988503 | O28: 49.687981 | P28: 48.867737 | Q28: 48.260567 | R28: 47.559456 | S28: 46.886913 | T28: 46.003181 | U28: 45.10677 | V28: 44.01096 | W28: 43.337151 | X28: 42.698807 | Y28: 41.851089 | Z28: 40.943939 | AA28: 40.023022 | AB28: 39.15937 | AC28: 38.219322 | AD28: 37.397949 | AE28: 36.601799 | AG28: =AVERAGE($R28:$AB28) -> 43.416423
A29: Cameroon | B29: CMR | C29: 32.145084 | D29: 32.248161 | E29: 32.515553 | F29: 32.56929 | G29: 32.596416 | H29: 32.680553 | I29: 32.697388 | J29: 32.643623 | K29: 32.551571 | L29: 32.441441 | M29: 32.325916 | N29: 32.056572 | O29: 31.873142 | P29: 31.774553 | Q29: 31.619507 | R29: 31.495327 | S29: 31.459803 | T29: 31.400707 | U29: 31.17371 | V29: 30.983761 | W29: 30.796381 | X29: 30.572165 | Y29: 30.340586 | Z29: 30.080854 | AA29: 29.800024 | AB29: 29.519197 | AC29: 29.23238 | AD29: 28.971619 | AE29: 28.692249 | AG29: =AVERAGE($R29:$AB29) -> 30.692956
A30: Canada | B30: CAN | C30: 16.751848 | D30: 16.527992 | E30: 16.382053 | F30: 16.304913 | G30: 16.265739 | H30: 16.231861 | I30: 16.174135 | J30: 16.093176 | K30: 16.019085 | L30: 15.976177 | M30: 15.931149 | N30: 15.814813 | O30: 15.764874 | P30: 15.699037 | Q30: 15.617551 | R30: 15.522237 | S30: 15.39958 | T30: 15.300814 | U30: 15.190259 | V30: 15.001069 | W30: 14.949337 | X30: 14.891535 | Y30: 14.777857 | Z30: 14.687094 | AA30: 14.582059 | AB30: 14.48711 | AC30: 14.409974 | AD30: 14.362709 | AE30: 14.296511 | AG30: =AVERAGE($R30:$AB30) -> 14.980814
A31: Central African Republic | B31: CAF | C31: 42.216221 | D31: 42.080654 | E31: 42.079041 | F31: 42.495708 | G31: 42.547802 | H31: 42.66256 | I31: 43.388359 | J31: 43.724613 | K31: 43.988148 | L31: 43.416801 | M31: 43.525867 | N31: 43.804966 | O31: 43.907955 | P31: 43.454311 | Q31: 44.774391 | R31: 44.792439 | S31: 44.936989 | T31: 45.100323 | U31: 45.163162 | V31: 45.215954 | W31: 45.127983 | X31: 45.110439 | Y31: 44.96228 | Z31: 44.912251 | AA31: 45.227402 | AB31: 45.205124 | AC31: 45.371334 | AD31: 45.641644 | AG31: =AVERAGE($R31:$AB31) -> 45.068577
A32: Chad | B32: TCD | C32: 49.842854 | D32: 49.937191 | E32: 49.985703 | F32: 50.0741 | G32: 50.238735 | H32: 50.445675 | I32: 50.577797 | J32: 50.771881 | K32: 50.870823 | L32: 50.884228 | M32: 50.920982 | N32: 49.692928 | O32: 47.125526 | P32: 45.810749 | Q32: 45.107384 | R32: 44.362907 | S32: 43.125504 | T32: 42.202969 | U32: 41.400421 | V32: 40.627365 | W32: 39.951618 | X32: 38.706219 | Y32: 37.814472 | Z32: 37.062153 | AA32: 36.663414 | AB32: 36.441494 | AC32: 36.477669 | AD32: 36.392059 | AG32: =AVERAGE($R32:$AB32) -> 39.850776
A33: Chile | B33: CHL | C33: 23.080687 | D33: 22.842073 | E33: 22.666567 | F33: 22.438513 | G33: 22.037823 | H33: 21.595406 | I33: 21.136936 | J33: 20.77663 | K33: 20.463835 | L33: 20.159603 | M33: 19.975742 | N33: 19.755571 | O33: 19.581739 | P33: 19.479156 | Q33: 19.305035 | R33: 19.095335 | S33: 18.800243 | T33: 18.501404 | U33: 18.141232 | V33: 17.769241 | W33: 17.656096 | X33: 17.426247 | Y33: 17.151617 | Z33: 17.011036 | AA33: 16.797915 | AB33: 16.582535 | AC33: 16.383677 | AD33: 16.219604 | AE33: 16.053699 | AG33: =AVERAGE($R33:$AB33) -> 17.721173
A34: China | B34: CHN | C34: 18.887648 | D34: 18.606062 | E34: 18.165237 | F34: 17.614136 | G34: 17.145937 | H34: 16.753712 | I34: 16.320757 | J34: 15.849586 | K34: 15.354788 | L34: 14.897082 | M34: 14.507929 | N34: 14.144794 | O34: 13.774612 | P34: 13.379285 | Q34: 12.981783 | R34: 12.565181 | S34: 12.219555 | T34: 11.90016 | U34: 11.574294 | V34: 11.18231 | W34: 10.803558 | X34: 10.445053 | Y34: 10.102781 | Z34: 9.7755537 | AA34: 9.4836664 | AB34: 9.2126112 | AC34: 8.9545231 | AD34: 8.720561 | AE34: 8.5519781 | AG34: =AVERAGE($R34:$AB34) -> 10.842248
A35: Colombia | B35: COL | C35: 35.384995 | D35: 35.59803 | E35: 35.386284 | F35: 35.288101 | G35: 35.003986 | H35: 34.867432 | I35: 34.450432 | J35: 34.181263 | K35: 33.901314 | L35: 33.76001 | M35: 34.213039 | N35: 34.264191 | O35: 34.273071 | P35: 34.44043 | Q35: 34.271919 | R35: 34.198036 | S35: 33.817917 | T35: 33.50111 | U35: 33.213051 | V35: 33.116524 | W35: 32.982464 | X35: 32.781334 | Y35: 32.475613 | Z35: 32.019993 | AA35: 31.600042 | AB35: 31.215885 | AC35: 30.822096 | AD35: 30.457726 | AE35: 30.160215 | AG35: =AVERAGE($R35:$AB35) -> 32.811088
A36: Comoros | B36: COM | C36: 35.770386 | D36: 35.86158 | E36: 36.266945 | F36: 36.442516 | G36: 36.575951 | H36: 36.762081 | I36: 37.040508 | J36: 37.218559 | K36: 37.269367 | L36: 37.495552 | M36: 37.663204 | N36: 37.811596 | O36: 37.929096 | P36: 38.248123 | Q36: 38.489368 | R36: 38.883255 | S36: 39.173935 | T36: 39.401051 | U36: 39.743813 | V36: 39.982426 | W36: 40.475155 | X36: 40.709621 | Y36: 40.756023 | Z36: 40.977512 | AA36: 41.029926 | AB36: 41.223801 | AC36: 41.367062 | AD36: 41.421501 | AG36: =AVERAGE($R36:$AB36) -> 40.214229
A37: Congo, Dem. Rep. | B37: COD | C37: 38.501083 | D37: 39.097675 | E37: 38.56789 | F37: 39.725853 | G37: 43.10833 | H37: 43.339516 | I37: 43.824715 | J37: 44.029724 | K37: 44.977539 | L37: 45.38287 | M37: 45.662899 | N37: 46.181049 | O37: 46.082008 | P37: 46.392601 | Q37: 46.346851 | R37: 46.339149 | S37: 46.492619 | T37: 46.701015 | U37: 46.698303 | V37: 46.746887 | W37: 46.193844 | X37: 45.453896 | Y37: 44.587624 | Z37: 44.063835 | AA37: 43.535378 | AB37: 43.256413 | AC37: 43.131561 | AD37: 43.015312 | AE37: 42.388538 | AG37: =AVERAGE($R37:$AB37) -> 45.460815
A38: Congo, Rep. | B38: COG | C38: 42.402061 | D38: 41.673367 | E38: 41.577335 | F38: 41.70023 | G38: 43.003914 | H38: 44.285267 | I38: 44.87286 | J38: 44.079575 | K38: 44.471436 | L38: 45.225414 | M38: 46.035633 | N38: 45.946144 | O38: 45.815849 | P38: 45.970123 | Q38: 46.267166 | R38: 46.49733 | S38: 46.256386 | T38: 44.600479 | U38: 45.154301 | V38: 44.79924 | W38: 44.023342 | X38: 43.395157 | Y38: 42.067036 | Z38: 39.855247 | AA38: 39.166134 | AB38: 39.048409 | AC38: 38.961388 | AD38: 39.039665 | AG38: =AVERAGE($R38:$AB38) -> 43.169369
A39: Costa Rica | B39: CRI | C39: 27.7766 | D39: 27.521774 | E39: 27.332788 | F39: 27.131001 | G39: 26.892916 | H39: 26.615486 | I39: 26.224693 | J39: 26.146528 | K39: 25.912863 | L39: 25.486279 | M39: 25.233009 | N39: 25.14098 | O39: 24.864635 | P39: 24.65642 | Q39: 24.395798 | R39: 24.386206 | S39: 24.177971 | T39: 24.008408 | U39: 23.599577 | V39: 23.214672 | W39: 22.83098 | X39: 22.456594 | Y39: 22.484833 | Z39: 22.209871 | AA39: 22.008444 | AB39: 21.732321 | AC39: 21.367599 | AD39: 21.30085 | AE39: 21.114775 | AG39: =AVERAGE($R39:$AB39) -> 23.009989
A40: Cote d'Ivoire | B40: CIV | C40: 44.13765 | D40: 44.791344 | E40: 45.2113 | F40: 45.730885 | G40: 46.13871 | H40: 46.401512 | I40: 46.434586 | J40: 46.392475 | K40: 46.806301 | L40: 46.627541 | M40: 46.805717 | N40: 46.958557 | O40: 46.969379 | P40: 47.183907 | Q40: 47.131508 | R40: 47.157963 | S40: 47.172203 | T40: 47.005329 | U40: 46.804489 | V40: 46.651115 | W40: 46.32848 | X40: 46.49971 | Y40: 46.321083 | Z40: 45.767433 | AA40: 45.020206 | AB40: 44.260479 | AC40: 43.491848 | AD40: 42.77446 | AE40: 42.042931 | AG40: =AVERAGE($R40:$AB40) -> 46.271681
A41: Croatia | B41: HRV | C41: 33.82328 | D41: 33.324043 | E41: 32.704296 | F41: 32.688339 | G41: 32.238529 | H41: 32.216801 | I41: 32.263546 | J41: 32.12067 | K41: 31.893921 | L41: 31.711452 | M41: 31.710535 | N41: 31.585052 | O41: 31.427824 | P41: 31.305498 | Q41: 31.044239 | R41: 30.80464 | S41: 30.639536 | T41: 30.400253 | U41: 30.180895 | V41: 29.836157 | W41: 29.51713 | X41: 29.218462 | Y41: 28.999508 | Z41: 28.785852 | AA41: 28.912634 | AB41: 28.949648 | AC41: 28.875753 | AD41: 28.673172 | AE41: 28.661224 | AG41: =AVERAGE($R41:$AB41) -> 29.65861
A42: Cyprus | B42: CYP | C42: 28.651091 | D42: 28.333048 | E42: 28.084616 | F42: 27.899143 | G42: 27.778301 | H42: 27.870872 | I42: 27.703014 | J42: 27.493719 | K42: 27.395386 | L42: 27.333462 | M42: 27.310101 | N42: 27.209967 | O42: 27.066439 | P42: 26.955166 | Q42: 27.020481 | R42: 26.973612 | S42: 26.67461 | T42: 26.500153 | U42: 26.24568 | V42: 25.901169 | W42: 25.743631 | X42: 25.537304 | Y42: 25.437975 | Z42: 25.197416 | AA42: 25.20742 | AB42: 25.322754 | AC42: 25.365124 | AD42: 25.303358 | AE42: 25.230068 | AG42: =AVERAGE($R42:$AB42) -> 25.885611
A43: Czech Republic | B43: CZE | C43: 18.024586 | D43: 17.807087 | E43: 17.834667 | F43: 17.721388 | G43: 17.664646 | H43: 17.641153 | I43: 17.603975 | J43: 17.516371 | K43: 17.46212 | L43: 17.367739 | M43: 17.27243 | N43: 17.189837 | O43: 17.099228 | P43: 17.025328 | Q43: 17.013779 | R43: 17.046234 | S43: 17.02733 | T43: 17.005548 | U43: 16.949339 | V43: 16.79286 | W43: 16.694801 | X43: 16.672003 | Y43: 16.680492 | Z43: 16.657677 | AA43: 16.682758 | AB43: 16.674513 | AC43: 16.660879 | AD43: 16.648548 | AE43: 16.57284 | AG43: =AVERAGE($R43:$AB43) -> 16.807596
A44: Denmark | B44: DNK | C44: 17.956568 | D44: 17.853882 | E44: 17.775936 | F44: 17.662271 | G44: 17.694395 | H44: 17.645853 | I44: 17.599089 | J44: 17.529266 | K44: 17.455122 | L44: 17.391678 | M44: 17.322512 | N44: 17.240316 | O44: 17.150387 | P44: 17.090685 | Q44: 17.033392 | R44: 17.022129 | S44: 16.973164 | T44: 16.900068 | U44: 16.809889 | V44: 16.623215 | W44: 16.548075 | X44: 16.541498 | Y44: 16.503534 | Z44: 16.493288 | AA44: 16.510355 | AB44: 16.494822 | AC44: 16.486193 | AD44: 16.462572 | AE44: 16.428076 | AG44: =AVERAGE($R44:$AB44) -> 16.674549
A45: Dominican Republic | B45: DOM | C45: 38.388157 | D45: 38.167637 | E45: 38.127586 | F45: 37.548702 | G45: 36.812603 | H45: 36.273849 | I45: 35.7939 | J45: 35.296986 | K45: 34.815529 | L45: 34.201164 | M45: 33.439548 | N45: 32.638977 | O45: 32.128613 | P45: 31.705669 | Q45: 31.542419 | R45: 31.207933 | S45: 30.928883 | T45: 30.501202 | U45: 30.075029 | V45: 29.554712 | W45: 29.315567 | X45: 29.13242 | Y45: 28.809776 | Z45: 28.467661 | AA45: 28.295616 | AB45: 27.955944 | AC45: 27.605433 | AD45: 27.203905 | AE45: 26.815557 | AG45: =AVERAGE($R45:$AB45) -> 29.476795
A46: Ecuador | B46: ECU | C46: 28.237253 | D46: 28.777256 | E46: 29.078976 | F46: 28.837984 | G46: 28.870848 | H46: 29.206429 | I46: 29.235849 | J46: 29.535204 | K46: 29.732767 | L46: 29.943478 | M46: 30.2875 | N46: 30.853018 | O46: 30.43819 | P46: 30.419434 | Q46: 30.79365 | R46: 30.650091 | S46: 30.629957 | T46: 30.401173 | U46: 30.200041 | V46: 29.886267 | W46: 29.626745 | X46: 29.389875 | Y46: 29.158031 | Z46: 28.847944 | AA46: 28.474924 | AB46: 28.395329 | AC46: 28.382507 | AD46: 28.312469 | AE46: 28.105307 | AG46: =AVERAGE($R46:$AB46) -> 29.605489
A47: Egypt, Arab Rep. | B47: EGY | C47: 39.176582 | D47: 39.25563 | E47: 39.018829 | F47: 38.742878 | G47: 38.369259 | H47: 38.073307 | I47: 37.90892 | J47: 37.637615 | K47: 36.970688 | L47: 36.398651 | M47: 35.72731 | N47: 35.272007 | O47: 34.620686 | P47: 33.940723 | Q47: 33.754585 | R47: 33.357788 | S47: 32.909584 | T47: 33.100506 | U47: 32.524555 | V47: 32.163391 | W47: 31.795969 | X47: 31.485521 | Y47: 31.169193 | Z47: 30.862764 | AA47: 30.560797 | AB47: 30.246941 | AC47: 29.932821 | AD47: 29.559826 | AE47: 29.273638 | AG47: =AVERAGE($R47:$AB47) -> 31.834274
A48: El Salvador | B48: SLV | C48: 49.680767 | D48: 49.652424 | E48: 49.504681 | F48: 49.414722 | G48: 49.092693 | H48: 48.291924 | I48: 47.843304 | J48: 47.224861 | K48: 46.914268 | L48: 46.386604 | M48: 45.799358 | N48: 45.332291 | O48: 44.743004 | P48: 44.436909 | Q48: 43.89679 | R48: 43.575932 | S48: 43.293568 | T48: 43.001724 | U48: 42.570778 | V48: 42.221565 | W48: 42.269562 | X48: 42.125313 | Y48: 41.984447 | Z48: 41.728951 | AA48: 41.464821 | AB48: 41.204136 | AC48: 40.961533 | AD48: 40.78611 | AG48: =AVERAGE($R48:$AB48) -> 42.3128
A49: Equatorial Guinea | B49: GNQ | C49: 63.884331 | D49: 63.947422 | E49: 64.240852 | F49: 64.423347 | G49: 65.308083 | H49: 61.407959 | I49: 54.5434 | J49: 49.572327 | K49: 44.586746 | L49: 42.920666 | M49: 40.244934 | N49: 37.020107 | O49: 35.652443 | P49: 34.425713 | Q49: 33.515221 | R49: 32.211109 | S49: 31.244568 | T49: 30.100471 | U49: 28.764423 | V49: 27.09001 | W49: 26.465651 | X49: 25.742811 | Y49: 24.729254 | Z49: 24.485888 | AA49: 24.455376 | AB49: 24.605492 | AC49: 24.950987 | AD49: 25.413809 | AG49: =AVERAGE($R49:$AB49) -> 27.263187
A50: Estonia | B50: EST | C50: 33.445694 | D50: 33.197598 | E50: 32.782818 | F50: 31.974947 | G50: 31.616783 | H50: 31.09734 | I50: 31.425249 | J50: 31.609497 | K50: 31.503239 | L50: 31.279087 | M50: 31.372076 | N50: 31.230852 | O50: 30.947987 | P50: 30.79771 | Q50: 30.459148 | R50: 30.257338 | S50: 30.05962 | T50: 29.501686 | U50: 28.942648 | V50: 28.244787 | W50: 27.957928 | X50: 28.183743 | Y50: 28.070024 | Z50: 27.979506 | AA50: 27.877184 | AB50: 27.82621 | AC50: 27.686592 | AD50: 27.635456 | AE50: 27.480972 | AG50: =AVERAGE($R50:$AB50) -> 28.627334
A51: Eswatini | B51: SWZ | C51: 41.958431 | D51: 41.305714 | E51: 40.339485 | F51: 39.830788 | G51: 39.279835 | H51: 40.075928 | I51: 38.988037 | J51: 38.978584 | K51: 38.447678 | L51: 38.326611 | M51: 38.832027 | N51: 38.852058 | O51: 38.92902 | P51: 38.845287 | Q51: 38.689896 | R51: 38.861324 | S51: 38.900166 | T51: 38.487411 | U51: 38.507637 | V51: 38.606449 | W51: 38.880142 | X51: 39.227425 | Y51: 39.425964 | Z51: 39.541592 | AA51: 39.640911 | AB51: 39.746513 | AC51: 39.67783 | AD51: 39.77013 | AG51: =AVERAGE($R51:$AB51) -> 39.075049
A52: Ethiopia | B52: ETH | C52: 36.917736 | D52: 37.132786 | E52: 37.675648 | F52: 37.61607 | G52: 37.519245 | H52: 37.780457 | I52: 37.767445 | J52: 37.860645 | K52: 37.585175 | L52: 37.34676 | M52: 36.975853 | N52: 37.032825 | O52: 36.815132 | P52: 36.756554 | Q52: 36.221279 | R52: 35.907463 | S52: 35.395287 | T52: 35.101788 | U52: 34.69767 | V52: 33.916744 | W52: 33.067245 | X52: 31.841988 | Y52: 30.447826 | Z52: 29.182117 | AA52: 27.806278 | AB52: 26.479425 | AC52: 25.22612 | AD52: 24.184755 | AE52: 23.325193 | AG52: =AVERAGE($R52:$AB52) -> 32.167621
A53: Fiji | B53: FJI | C53: 34.777218 | D53: 34.60437 | E53: 34.641724 | F53: 34.399113 | G53: 34.673874 | H53: 34.664196 | I53: 34.791176 | J53: 34.803902 | K53: 34.392685 | L53: 34.270874 | M53: 33.843773 | N53: 33.53862 | O53: 33.296329 | P53: 33.359592 | Q53: 33.378052 | R53: 33.020382 | S53: 32.477737 | T53: 32.602165 | U53: 32.364845 | V53: 32.415474 | W53: 32.539455 | X53: 32.13525 | Y53: 31.941828 | Z53: 31.314823 | AA53: 31.025705 | AB53: 30.770987 | AC53: 30.432886 | AD53: 30.271471 | AG53: =AVERAGE($R53:$AB53) -> 32.055332
A54: Finland | B54: FIN | C54: 18.794418 | D54: 18.44145 | E54: 18.144358 | F54: 17.94891 | G54: 17.902809 | H54: 17.955368 | I54: 17.915594 | J54: 17.903688 | K54: 17.836618 | L54: 17.771812 | M54: 17.691124 | N54: 17.579062 | O54: 17.469608 | P54: 17.36783 | Q54: 17.267622 | R54: 17.188892 | S54: 17.097425 | T54: 17.002811 | U54: 16.886 | V54: 16.664953 | W54: 16.568901 | X54: 16.504543 | Y54: 16.443659 | Z54: 16.362009 | AA54: 16.322861 | AB54: 16.27195 | AC54: 16.224653 | AD54: 16.161823 | AE54: 16.095335 | AG54: =AVERAGE($R54:$AB54) -> 16.66491
A55: France | B55: FRA | C55: 16.011385 | D55: 15.869517 | E55: 15.720304 | F55: 15.585707 | G55: 15.519201 | H55: 15.475939 | I55: 15.419097 | J55: 15.347481 | K55: 15.316716 | L55: 15.27776 | M55: 15.235491 | N55: 15.158362 | O55: 15.055008 | P55: 14.966878 | Q55: 14.916476 | R55: 14.846987 | S55: 14.771994 | T55: 14.700347 | U55: 14.586287 | V55: 14.447265 | W55: 14.388178 | X55: 14.34654 | Y55: 14.29494 | Z55: 14.253601 | AA55: 14.226721 | AB55: 14.172332 | AC55: 14.127927 | AD55: 14.090575 | AE55: 14.055492 | AG55: =AVERAGE($R55:$AB55) -> 14.457745
A56: Gabon | B56: GAB | C56: 42.887589 | D56: 43.1092 | E56: 43.706722 | F56: 45.315708 | G56: 44.474373 | H56: 44.859989 | I56: 45.045643 | J56: 44.546349 | K56: 43.614861 | L56: 44.472431 | M56: 45.028301 | N56: 44.966663 | O56: 44.901718 | P56: 45.019684 | Q56: 45.370285 | R56: 49.516464 | S56: 47.031551 | T56: 47.300655 | U56: 47.5853 | V56: 47.025211 | W56: 46.7043 | X56: 46.419838 | Y56: 45.465313 | Z56: 44.599403 | AA56: 43.789883 | AB56: 43.592464 | AC56: 43.207233 | AD56: 43.002415 | AG56: =AVERAGE($R56:$AB56) -> 46.275489
A57: Gambia, The | B57: GMB | C57: 52.750629 | D57: 51.701523 | E57: 50.313591 | F57: 49.430775 | G57: 48.893757 | H57: 48.33614 | I57: 47.703335 | J57: 47.470009 | K57: 47.1814 | L57: 46.917812 | M57: 46.68848 | N57: 45.943432 | O57: 44.26849 | P57: 42.893147 | Q57: 42.149822 | R57: 41.766853 | S57: 41.366051 | T57: 40.9007 | U57: 40.48 | V57: 40.129509 | W57: 40.312233 | X57: 40.116055 | Y57: 40.142593 | Z57: 40.111191 | AA57: 39.957027 | AB57: 39.815815 | AC57: 39.842171 | AD57: 39.403603 | AG57: =AVERAGE($R57:$AB57) -> 40.463457
A58: Georgia | B58: GEO | C58: 55.612892 | D58: 54.206242 | E58: 52.420765 | F58: 64.130554 | G58: 63.572346 | H58: 63.364555 | I58: 64.248749 | J58: 64.991425 | K58: 64.549103 | L58: 65.013176 | M58: 66.35743 | N58: 66.438766 | O58: 66.137138 | P58: 65.761551 | Q58: 64.85553 | R58: 63.798428 | S58: 63.45977 | T58: 62.100231 | U58: 60.722332 | V58: 61.176979 | W58: 60.772789 | X58: 60.522861 | Y58: 60.197311 | Z58: 59.60915 | AA58: 58.995594 | AB58: 58.344467 | AC58: 57.439022 | AD58: 57.044727 | AE58: 56.55814 | AG58: =AVERAGE($R58:$AB58) -> 60.88181
A59: Germany | B59: DEU | C59: 16.671307 | D59: 16.483053 | E59: 16.299107 | F59: 16.157362 | G59: 16.054903 | H59: 15.973369 | I59: 15.885317 | J59: 15.790488 | K59: 15.735127 | L59: 15.679187 | M59: 15.650346 | N59: 15.559359 | O59: 15.480889 | P59: 15.404288 | Q59: 15.387753 | R59: 15.354468 | S59: 15.315202 | T59: 15.300255 | U59: 15.255113 | V59: 15.192895 | W59: 15.175194 | X59: 15.17966 | Y59: 15.17688 | Z59: 15.168921 | AA59: 15.167654 | AB59: 15.12647 | AC59: 15.094693 | AD59: 15.072157 | AE59: 15.039571 | AG59: =AVERAGE($R59:$AB59) -> 15.219337
A60: Ghana | B60: GHA | C60: 40.800056 | D60: 40.412334 | E60: 40.337952 | F60: 40.203869 | G60: 40.134487 | H60: 40.184052 | I60: 40.113991 | J60: 40.233707 | K60: 40.116455 | L60: 40.298923 | M60: 39.675777 | N60: 39.232029 | O60: 39.408398 | P60: 39.153561 | Q60: 39.013535 | R60: 38.887638 | S60: 38.631592 | T60: 38.300793 | U60: 37.944885 | V60: 37.753368 | W60: 37.923954 | X60: 37.854187 | Y60: 37.773811 | Z60: 38.060898 | AA60: 37.880928 | AB60: 37.93914 | AC60: 38.033409 | AD60: 38.257103 | AE60: 38.204689 | AG60: =AVERAGE($R60:$AB60) -> 38.086472
A61: Greece | B61: GRC | C61: 28.762678 | D61: 28.495588 | E61: 28.412655 | F61: 28.319284 | G61: 28.339376 | H61: 28.252586 | I61: 28.109001 | J61: 27.912449 | K61: 27.908245 | L61: 27.703098 | M61: 27.480963 | N61: 27.243832 | O61: 27.167242 | P61: 27.080601 | Q61: 26.98065 | R61: 26.841112 | S61: 26.692492 | T61: 26.50016 | U61: 26.334873 | V61: 26.067253 | W61: 25.902325 | X61: 25.585302 | Y61: 25.409409 | Z61: 25.481806 | AA61: 25.670973 | AB61: 25.778112 | AC61: 25.874115 | AD61: 26.007643 | AE61: 26.175087 | AG61: =AVERAGE($R61:$AB61) -> 26.023983
A62: Guatemala | B62: GTM | C62: 51.468945 | D62: 51.556744 | E62: 51.407211 | F62: 51.196392 | G62: 51.079388 | H62: 50.676052 | I62: 50.597401 | J62: 50.160324 | K62: 49.576378 | L62: 49.040642 | M62: 48.815708 | N62: 48.668419 | O62: 48.289761 | P62: 48.131649 | Q62: 48.137371 | R62: 48.356869 | S62: 48.392357 | T62: 47.902031 | U62: 47.536884 | V62: 47.304737 | W62: 47.105194 | X62: 47.052288 | Y62: 47.836025 | Z62: 47.06908 | AA62: 47.159138 | AB62: 47.12204 | AC62: 47.154613 | AD62: 47.079308 | AE62: 46.96619 | AG62: =AVERAGE($R62:$AB62) -> 47.530604
A63: Guinea | B63: GIN | C63: 46.567329 | D63: 45.996304 | E63: 45.985119 | F63: 45.910923 | G63: 45.851669 | H63: 45.694538 | I63: 45.483158 | J63: 45.144566 | K63: 44.966335 | L63: 44.619705 | M63: 44.263985 | N63: 44.028091 | O63: 43.444004 | P63: 42.78347 | Q63: 42.060223 | R63: 41.174 | S63: 40.393768 | T63: 39.20042 | U63: 38.315712 | V63: 37.411259 | W63: 36.641224 | X63: 35.585491 | Y63: 34.671333 | Z63: 33.580704 | AA63: 32.933254 | AB63: 32.13868 | AC63: 30.496689 | AD63: 30.123055 | AG63: =AVERAGE($R63:$AB63) -> 36.549622
A64: Guinea-Bissau | B64: GNB | C64: 41.391926 | D64: 41.210701 | E64: 40.616238 | F64: 41.16745 | G64: 41.133221 | H64: 41.206917 | I64: 41.188488 | J64: 40.735317 | K64: 40.657562 | L64: 40.518955 | M64: 40.675846 | N64: 40.851288 | O64: 40.949783 | P64: 40.672638 | Q64: 41.204166 | R64: 41.087105 | S64: 41.452682 | T64: 41.600639 | U64: 42.228893 | V64: 42.057919 | W64: 42.29512 | X64: 42.566498 | Y64: 42.641895 | Z64: 42.664112 | AA64: 42.421566 | AB64: 42.555984 | AC64: 42.930592 | AD64: 42.693707 | AG64: =AVERAGE($R64:$AB64) -> 42.142947
A65: Honduras | B65: HND | C65: 47.938557 | D65: 50.672375 | E65: 50.646717 | F65: 50.450333 | G65: 49.849308 | H65: 49.115986 | I65: 49.026329 | J65: 48.767155 | K65: 48.172142 | L65: 47.850395 | M65: 47.422661 | N65: 46.805248 | O65: 46.669933 | P65: 46.411556 | Q65: 45.84967 | R65: 45.600517 | S65: 45.629738 | T65: 45.100304 | U65: 44.576923 | V65: 44.660076 | W65: 44.678738 | X65: 44.35844 | Y65: 44.014565 | Z65: 44.051235 | AA65: 44.100376 | AB65: 44.258709 | AC65: 44.131023 | AD65: 43.946571 | AG65: =AVERAGE($R65:$AB65) -> 44.639056
A66: Hungary | B66: HUN | C66: 27.084805 | D66: 26.562162 | E66: 26.000675 | F66: 25.485542 | G66: 25.329144 | H66: 25.214382 | I66: 25.100422 | J66: 25.007328 | K66: 24.975386 | L66: 24.96483 | M66: 24.840902 | N66: 24.670052 | O66: 24.476843 | P66: 24.353886 | Q66: 24.216629 | R66: 24.04207 | S66: 23.870256 | T66: 23.703115 | U66: 23.411469 | V66: 23.146503 | W66: 23.012419 | X66: 23.002539 | Y66: 23.034277 | Z66: 23.104332 | AA66: 23.25506 | AB66: 23.252144 | AC66: 23.344597 | AD66: 23.316454 | AE66: 23.223574 | AG66: =AVERAGE($R66:$AB66) -> 23.348562
A67: Iceland | B67: ISL | C67: 16.932007 | D67: 16.790758 | E67: 16.661812 | F67: 16.583374 | G67: 16.54273 | H67: 16.577354 | I67: 16.513243 | J67: 16.375954 | K67: 16.273842 | L67: 16.206812 | M67: 16.044827 | N67: 15.925678 | O67: 15.762392 | P67: 15.673688 | Q67: 15.512532 | R67: 15.354 | S67: 15.137497 | T67: 15.006047 | U67: 14.90007 | V67: 14.696555 | W67: 14.749035 | X67: 14.808367 | Y67: 14.905529 | Z67: 15.001306 | AA67: 15.058281 | AB67: 15.090754 | AC67: 15.096649 | AD67: 15.043958 | AE67: 14.996016 | AG67: =AVERAGE($R67:$AB67) -> 14.973404
A68: India | B68: IND | C68: 26.323105 | D68: 26.131348 | E68: 25.930332 | F68: 25.727173 | G68: 25.441801 | H68: 25.032356 | I68: 24.715343 | J68: 24.362961 | K68: 24.013775 | L68: 23.624575 | M68: 23.38763 | N68: 23.158476 | O68: 22.948118 | P68: 22.669794 | Q68: 22.303991 | R68: 21.795887 | S68: 21.266304 | T68: 20.700939 | U68: 20.192965 | V68: 19.695469 | W68: 19.275066 | X68: 18.850731 | Y68: 18.458332 | Z68: 18.140812 | AA68: 17.840628 | AB68: 17.566015 | AC68: 17.269661 | AD68: 16.960295 | AE68: 16.653046 | AG68: =AVERAGE($R68:$AB68) -> 19.434832
A69: Indonesia | B69: IDN | C69: 22.722509 | D69: 22.149334 | E69: 21.719664 | F69: 21.272236 | G69: 20.87981 | H69: 20.250992 | I69: 19.952507 | J69: 19.576122 | K69: 19.407167 | L69: 19.338741 | M69: 19.18568 | N69: 19.038862 | O69: 18.854721 | P69: 18.682375 | Q69: 18.501169 | R69: 18.253489 | S69: 18.02516 | T69: 17.90032 | U69: 17.685661 | V69: 17.432539 | W69: 17.270966 | X69: 17.029758 | Y69: 16.739225 | Z69: 16.472683 | AA69: 16.233072 | AB69: 15.950048 | AC69: 15.743974 | AD69: 15.537893 | AE69: 15.284904 | AG69: =AVERAGE($R69:$AB69) -> 17.181175
A70: Iran, Islamic Rep. | B70: IRN | C70: 18.113857 | D70: 17.994978 | E70: 17.901562 | F70: 17.831169 | G70: 17.779631 | H70: 17.765995 | I70: 17.723854 | J70: 17.716528 | K70: 17.820423 | L70: 17.873753 | M70: 17.790388 | N70: 17.7087 | O70: 17.686943 | P70: 17.649025 | Q70: 17.590935 | R70: 17.567772 | S70: 17.375658 | T70: 17.300215 | U70: 16.983648 | V70: 16.821398 | W70: 16.584612 | X70: 16.389545 | Y70: 16.324917 | Z70: 16.258142 | AA70: 16.116867 | AB70: 16.093391 | AC70: 16.151974 | AD70: 16.098518 | AE70: 16.093971 | AG70: =AVERAGE($R70:$AB70) -> 16.710561
A71: Ireland | B71: IRL | C71: 18.033314 | D71: 17.854378 | E71: 17.702297 | F71: 17.657755 | G71: 17.613667 | H71: 17.68889 | I71: 17.570127 | J71: 17.377844 | K71: 17.254461 | L71: 17.138226 | M71: 16.944372 | N71: 16.713488 | O71: 16.462992 | P71: 16.239115 | Q71: 16.047657 | R71: 15.84332 | S71: 15.593534 | T71: 15.400224 | U71: 15.123202 | V71: 14.796546 | W71: 14.651791 | X71: 14.587577 | Y71: 14.477949 | Z71: 14.487123 | AA71: 14.40857 | AB71: 14.256735 | AC71: 13.892725 | AD71: 13.802472 | AE71: 13.805371 | AG71: =AVERAGE($R71:$AB71) -> 14.875143
A72: Israel | B72: ISR | C72: 22.925589 | D72: 22.831207 | E72: 22.670311 | F72: 22.560085 | G72: 22.535736 | H72: 22.426847 | I72: 22.232697 | J72: 21.912245 | K72: 21.654398 | L72: 21.415979 | M72: 21.301268 | N72: 21.041172 | O72: 20.835777 | P72: 20.775805 | Q72: 20.761101 | R72: 20.760481 | S72: 20.707085 | T72: 20.703127 | U72: 20.668428 | V72: 20.645544 | W72: 20.596977 | X72: 20.491297 | Y72: 20.417063 | Z72: 20.308788 | AA72: 20.215734 | AB72: 20.117716 | AC72: 19.965126 | AD72: 19.81452 | AE72: 19.637281 | AG72: =AVERAGE($R72:$AB72) -> 20.512022
A73: Italy | B73: ITA | C73: 29.117043 | D73: 28.984694 | E73: 28.729496 | F73: 28.464001 | G73: 28.268353 | H73: 28.141403 | I73: 28.027109 | J73: 27.869173 | K73: 27.727777 | L73: 27.619495 | M73: 27.516922 | N73: 27.421474 | O73: 27.318991 | P73: 27.253714 | Q73: 27.150198 | R73: 27.008926 | S73: 26.926533 | T73: 26.800913 | U73: 26.612843 | V73: 26.39592 | W73: 26.247173 | X73: 26.212729 | Y73: 26.165649 | Z73: 26.029495 | AA73: 26.014706 | AB73: 26.034307 | AC73: 26.093414 | AD73: 26.098173 | AE73: 26.081108 | AG73: =AVERAGE($R73:$AB73) -> 26.404472
A74: Jamaica | B74: JAM | C74: 34.37833 | D74: 34.338192 | E74: 34.205311 | F74: 33.788616 | G74: 33.746204 | H74: 33.658344 | I74: 33.189888 | J74: 32.809525 | K74: 32.644577 | L74: 32.612431 | M74: 32.451294 | N74: 32.25079 | O74: 32.52462 | P74: 32.636105 | Q74: 32.585625 | R74: 32.448681 | S74: 32.505146 | T74: 32.501923 | U74: 32.303509 | V74: 32.159676 | W74: 31.951496 | X74: 31.904551 | Y74: 31.815607 | Z74: 31.773012 | AA74: 31.734219 | AB74: 31.724682 | AC74: 31.798721 | AD74: 31.776714 | AE74: 31.724812 | AG74: =AVERAGE($R74:$AB74) -> 32.074773
A75: Japan | B75: JPN | C75: 11.72511 | D75: 11.589924 | E75: 11.456302 | F75: 11.337201 | G75: 11.221929 | H75: 11.119105 | I75: 11.013 | J75: 10.920209 | K75: 10.80579 | L75: 10.696808 | M75: 10.611604 | N75: 10.533671 | O75: 10.460753 | P75: 10.416796 | Q75: 10.394816 | R75: 10.373858 | S75: 10.354667 | T75: 10.300143 | U75: 10.271997 | V75: 10.229442 | W75: 10.231643 | X75: 10.21529 | Y75: 10.207786 | Z75: 10.213778 | AA75: 10.219458 | AB75: 10.213905 | AC75: 10.212502 | AD75: 10.212284 | AE75: 10.196505 | AG75: =AVERAGE($R75:$AB75) -> 10.257452
A76: Jordan | B76: JOR | C76: 17.473675 | D76: 17.795418 | E76: 17.8437 | F76: 17.810961 | G76: 17.734476 | H76: 17.776096 | I76: 17.614891 | J76: 17.501926 | K76: 17.53475 | L76: 17.48974 | M76: 17.475039 | N76: 17.468843 | O76: 17.469223 | P76: 17.414211 | Q76: 17.423471 | R76: 17.317572 | S76: 17.186213 | T76: 17.200167 | U76: 16.971272 | V76: 16.834953 | W76: 16.72164 | X76: 16.600262 | Y76: 16.502003 | Z76: 16.292793 | AA76: 16.170567 | AB76: 16.057148 | AC76: 15.873798 | AD76: 15.824355 | AE76: 15.758955 | AG76: =AVERAGE($R76:$AB76) -> 16.714053
A77: Kazakhstan | B77: KAZ | C77: 39.575523 | D77: 38.695389 | E77: 38.08709 | F77: 37.437515 | G77: 36.471577 | H77: 36.310631 | I77: 36.856483 | J77: 37.208836 | K77: 37.466232 | L77: 37.478798 | M77: 37.735985 | N77: 38.27858 | O77: 38.534134 | P77: 38.860039 | Q77: 39.022503 | R77: 38.954334 | S77: 38.731422 | T77: 38.40015 | U77: 38.193085 | V77: 37.707882 | W77: 37.538292 | X77: 37.285549 | Y77: 37.040672 | Z77: 36.828777 | AA77: 36.364525 | AB77: 35.970627 | AC77: 35.46603 | AD77: 35.08226 | AE77: 34.80357 | AG77: =AVERAGE($R77:$AB77) -> 37.546847
... A79: Korea, Rep. | B79: KOR | C79: 36.299397 | D79: 35.122524 | E79: 34.045769 | F79: 33.042164 | G79: 32.163506 | H79: 31.280306 | I79: 30.411594 | J79: 29.696814 | K79: 28.866629 | L79: 28.542725 | M79: 28.219955 | N79: 27.770117 | O79: 27.388248 | P79: 26.923641 | Q79: 26.610968 | R79: 26.293331 | S79: 25.945177 | T79: 25.600279 | U79: 25.239956 | V79: 24.865625 | W79: 24.613712 | X79: 24.366142 | Y79: 24.191593 | Z79: 24.030796 | AA79: 23.901079 | AB79: 23.724531 | AC79: 23.508865 | AD79: 23.270727 | AE79: 23.030209 | AG79: =AVERAGE($R79:$AB79) -> 24.797475
A80: Kuwait | B80: KWT | E80: 17.502666 | F80: 17.761986 | G80: 17.509321 | H80: 17.400238 | I80: 17.784964 | J80: 17.855478 | K80: 17.587898 | L80: 17.481756 | M80: 17.60965 | N80: 17.504398 | O80: 17.604181 | P80: 17.697939 | Q80: 17.843254 | R80: 17.9356 | S80: 17.900879 | T80: 17.542679 | U80: 17.123465 | V80: 16.748722 | W80: 16.677959 | X80: 16.443605 | Y80: 16.286184 | Z80: 15.929122 | AA80: 15.671115 | AB80: 15.309465 | AC80: 14.95981 | AD80: 14.735455 | AE80: 14.535524 | AG80: =AVERAGE($R80:$AB80) -> 16.688072
A81: Kyrgyz Republic | B81: KGZ | C81: 34.399525 | D81: 35.14444 | E81: 35.103676 | F81: 35.002872 | G81: 35.152512 | H81: 35.036129 | I81: 34.764404 | J81: 36.830502 | K81: 37.477077 | L81: 38.04892 | M81: 38.099712 | N81: 38.239784 | O81: 38.522591 | P81: 38.868389 | Q81: 39.006081 | R81: 39.246906 | S81: 38.973293 | T81: 38.800873 | U81: 38.500561 | V81: 37.990047 | W81: 37.457569 | X81: 37.034042 | Y81: 36.735081 | Z81: 36.635788 | AA81: 36.806332 | AB81: 36.623634 | AC81: 36.412666 | AD81: 35.981205 | AE81: 35.530289 | AG81: =AVERAGE($R81:$AB81) -> 37.709466
A82: Lao PDR | B82: LAO | C82: 41.260632 | D82: 40.131874 | E82: 39.153923 | F82: 38.259022 | G82: 37.277542 | H82: 36.433807 | I82: 35.479179 | J82: 34.664623 | K82: 34.069626 | L82: 33.190456 | M82: 32.817966 | N82: 32.436134 | O82: 31.481865 | P82: 31.076273 | Q82: 30.402035 | R82: 29.767937 | S82: 29.012712 | T82: 27.999968 | U82: 27.186304 | V82: 26.103163 | W82: 25.822439 | X82: 25.330585 | Y82: 24.47427 | Z82: 23.576235 | AA82: 23.088596 | AB82: 22.441874 | AC82: 22.030981 | AD82: 21.616318 | AG82: =AVERAGE($R82:$AB82) -> 25.89128
A83: Latvia | B83: LVA | C83: 27.475363 | D83: 27.428532 | E83: 27.033964 | F83: 26.863268 | G83: 26.852386 | H83: 26.862886 | I83: 27.151281 | J83: 27.644056 | K83: 27.645775 | L83: 27.73818 | M83: 27.577496 | N83: 27.538994 | O83: 27.454107 | P83: 27.418888 | Q83: 27.340689 | R83: 27.260191 | S83: 27.373478 | T83: 27.202999 | U83: 26.82794 | V83: 26.132553 | W83: 25.884909 | X83: 25.963932 | Y83: 26.059696 | Z83: 26.195639 | AA83: 26.131428 | AB83: 26.129671 | AC83: 26.098957 | AD83: 26.08909 | AE83: 26.042711 | AG83: =AVERAGE($R83:$AB83) -> 26.469312
A84: Lebanon | B84: LBN | C84: 29.342253 | D84: 30.999434 | E84: 32.351036 | F84: 32.285919 | G84: 32.064804 | H84: 31.79636 | I84: 31.257143 | J84: 30.53301 | K84: 30.57111 | L84: 30.879862 | M84: 31.104527 | N84: 31.280148 | O84: 31.826342 | P84: 32.179401 | Q84: 32.343334 | R84: 32.667759 | S84: 32.584602 | T84: 32.004299 | U84: 32.192516 | V84: 31.773796 | W84: 31.510712 | X84: 31.357002 | Y84: 31.193993 | Z84: 31.156126 | AA84: 31.166946 | AB84: 31.093592 | AC84: 30.976051 | AD84: 30.67078 | AG84: =AVERAGE($R84:$AB84) -> 31.700122
A85: Lesotho | B85: LSO | C85: 35.502605 | D85: 33.999138 | E85: 33.370068 | F85: 32.389687 | G85: 31.924967 | H85: 30.872675 | I85: 31.014744 | J85: 29.428255 | K85: 29.075081 | L85: 30.796169 | M85: 30.593014 | N85: 29.985947 | O85: 29.281578 | P85: 29.468483 | Q85: 28.825436 | R85: 28.792 | S85: 28.962152 | T85: 28.801029 | U85: 28.527445 | V85: 28.329765 | W85: 28.551992 | X85: 28.171143 | Y85: 28.084347 | Z85: 27.7785 | AA85: 27.3395 | AB85: 27.035295 | AC85: 26.753128 | AD85: 26.604288 | AG85: =AVERAGE($R85:$AB85) -> 28.215743
A86: Liberia | B86: LBR | C86: 39.662697 | D86: 40.096607 | E86: 40.494446 | F86: 40.998363 | G86: 41.612389 | H86: 42.34737 | I86: 42.62257 | J86: 42.759628 | K86: 42.813271 | L86: 42.59985 | M86: 43.925323 | N86: 43.779514 | O86: 43.716534 | P86: 43.972439 | Q86: 44.208206 | R86: 44.525623 | S86: 44.86779 | T86: 44.200245 | U86: 44.485359 | V86: 44.5336 | W86: 44.482101 | X86: 43.071186 | Y86: 41.526421 | Z86: 39.995094 | AA86: 40.238998 | AB86: 39.108517 | AC86: 38.58968 | AD86: 38.353779 | AG86: =AVERAGE($R86:$AB86) -> 42.821358
A87: Lithuania | B87: LTU | C87: 30.954874 | D87: 32.230358 | E87: 31.831566 | F87: 31.556364 | G87: 31.06813 | H87: 30.792147 | I87: 30.973452 | J87: 31.181871 | K87: 31.157314 | L87: 31.25034 | M87: 30.951271 | N87: 30.631409 | O87: 30.61482 | P87: 30.702766 | Q87: 30.485514 | R87: 30.367916 | S87: 29.978413 | T87: 29.700762 | U87: 29.172647 | V87: 28.578354 | W87: 28.330364 | X87: 28.297663 | Y87: 28.398857 | Z87: 28.421425 | AA87: 28.398165 | AB87: 28.294615 | AC87: 28.301451 | AD87: 28.139669 | AE87: 27.915773 | AG87: =AVERAGE($R87:$AB87) -> 28.903562
A88: Luxembourg | B88: LUX | C88: 9.7879162 | D88: 9.7699118 | E88: 9.7503881 | F88: 9.6927977 | G88: 9.6633596 | H88: 9.6457367 | I88: 9.6346807 | J88: 9.6294699 | K88: 9.6359844 | L88: 9.6119423 | M88: 9.5953159 | N88: 9.597887 | O88: 9.5713491 | P88: 9.505661 | Q88: 9.4490042 | R88: 9.3977365 | S88: 9.3913031 | T88: 9.4001827 | U88: 9.3511133 | V88: 9.3059082 | W88: 9.3198128 | X88: 9.249074 | Y88: 9.2242603 | Z88: 9.1681099 | AA88: 9.1711025 | AB88: 9.1534338 | AC88: 9.1223745 | AD88: 9.0742846 | AE88: 9.0451078 | AG88: =AVERAGE($R88:$AB88) -> 9.2847307
A89: Madagascar | B89: MDG | C89: 36.741028 | D89: 37.289402 | E89: 37.566013 | F89: 37.885071 | G89: 38.297791 | H89: 38.663967 | I89: 39.046211 | J89: 39.149918 | K89: 39.318787 | L89: 39.512096 | M89: 39.551899 | N89: 39.362556 | O89: 39.734646 | P89: 39.59016 | Q89: 39.623981 | R89: 39.529331 | S89: 39.341908 | T89: 38.501976 | U89: 37.687561 | V89: 37.163498 | W89: 36.8736 | X89: 36.824955 | Y89: 36.904438 | Z89: 36.965897 | AA89: 36.914303 | AB89: 36.852993 | AC89: 36.857124 | AD89: 36.854656 | AE89: 36.980484 | AG89: =AVERAGE($R89:$AB89) -> 37.596405
A90: Malawi | B90: MWI | C90: 40.36174 | D90: 40.083069 | E90: 39.750141 | F90: 39.559765 | G90: 39.769299 | H90: 40.120514 | I90: 40.431778 | J90: 40.60939 | K90: 40.702675 | L90: 40.723366 | M90: 40.665051 | N90: 40.509739 | O90: 40.726681 | P90: 40.592674 | Q90: 40.501732 | R90: 40.206154 | S90: 39.852352 | T90: 39.401009 | U90: 38.997074 | V90: 39.013454 | W90: 39.7439 | X90: 40.071419 | Y90: 40.293652 | Z90: 40.503841 | AA90: 40.585236 | AB90: 40.74337 | AC90: 40.789368 | AD90: 40.87228 | AE90: 40.942081 | AG90: =AVERAGE($R90:$AB90) -> 39.946496
A91: Malaysia | B91: MYS | C91: 37.790047 | D91: 36.702339 | E91: 35.982903 | F91: 35.159458 | G91: 34.099491 | H91: 32.953472 | I91: 32.492413 | J91: 31.497309 | K91: 31.247871 | L91: 31.151188 | M91: 31.164928 | N91: 30.782063 | O91: 30.574013 | P91: 30.410624 | Q91: 30.176025 | R91: 29.908539 | S91: 29.763199 | T91: 29.600447 | U91: 29.360243 | V91: 29.126236 | W91: 29.315165 | X91: 29.139391 | Y91: 28.819731 | Z91: 28.580709 | AA91: 28.155254 | AB91: 27.718842 | AC91: 27.291567 | AD91: 26.898006 | AE91: 26.54241 | AG91: =AVERAGE($R91:$AB91) -> 29.044341
A92: Maldives | B92: MDV | C92: 40.800449 | D92: 39.919544 | E92: 38.760815 | F92: 37.90839 | G92: 36.93401 | H92: 36.32481 | I92: 35.804554 | J92: 34.57106 | K92: 33.862747 | L92: 32.928272 | M92: 32.387924 | N92: 32.215973 | O92: 32.191994 | P92: 31.9578 | Q92: 31.44516 | R92: 30.023706 | S92: 28.944408 | T92: 28.60029 | U92: 27.207867 | V92: 26.500999 | W92: 26.311285 | X92: 26.384487 | Y92: 25.861889 | Z92: 25.374359 | AA92: 24.610064 | AB92: 23.757174 | AC92: 23.103542 | AD92: 22.625324 | AG92: =AVERAGE($R92:$AB92) -> 26.688775
A93: Mali | B93: MLI | C93: 51.219368 | D93: 51.253593 | E93: 51.049335 | F93: 50.635647 | G93: 50.804413 | H93: 49.493687 | I93: 47.859844 | J93: 46.47298 | K93: 45.231449 | L93: 44.545822 | M93: 43.802448 | N93: 43.192734 | O93: 42.564373 | P93: 41.902676 | Q93: 40.992172 | R93: 40.736004 | S93: 40.487587 | T93: 39.900974 | U93: 39.244621 | V93: 38.805386 | W93: 38.393105 | X93: 37.378853 | Y93: 37.307709 | Z93: 36.84343 | AA93: 36.414017 | AB93: 35.588924 | AC93: 35.002918 | AD93: 34.371536 | AE93: 33.783772 | AG93: =AVERAGE($R93:$AB93) -> 38.281874
A94: Malta | B94: MLT | C94: 34.229675 | D94: 33.703541 | E94: 33.060486 | F94: 32.503098 | G94: 31.974098 | H94: 31.523407 | I94: 31.033665 | J94: 30.554644 | K94: 29.988873 | L94: 29.496161 | M94: 29.049475 | N94: 28.590446 | O94: 28.375397 | P94: 28.056293 | Q94: 27.613646 | R94: 27.259525 | S94: 26.846127 | T94: 26.500057 | U94: 26.130852 | V94: 25.955046 | W94: 25.797403 | X94: 25.714005 | Y94: 25.655481 | Z94: 25.712564 | AA94: 25.702059 | AB94: 25.50087 | AC94: 25.204182 | AD94: 25.115902 | AE94: 24.94235 | AG94: =AVERAGE($R94:$AB94) -> 26.070363
A95: Mauritania | B95: MRT | C95: 34.914909 | D95: 35.277184 | E95: 35.168427 | F95: 35.024834 | G95: 35.111221 | H95: 34.972626 | I95: 35.253838 | J95: 35.393841 | K95: 35.544224 | L95: 35.462631 | M95: 34.869301 | N95: 35.264225 | O95: 34.788002 | P95: 34.209568 | Q95: 33.30698 | R95: 32.161377 | S95: 31.700691 | T95: 31.047836 | U95: 30.813196 | V95: 30.635965 | W95: 30.141432 | X95: 29.298561 | Y95: 28.144337 | Z95: 27.305254 | AA95: 26.585754 | AB95: 26.31636 | AC95: 26.031033 | AD95: 25.619221 | AG95: =AVERAGE($R95:$AB95) -> 29.468251
A96: Mauritius | B96: MUS | C96: 25.817848 | D96: 25.57523 | E96: 25.296711 | F96: 25.067371 | G96: 24.80105 | H96: 24.643621 | I96: 24.50816 | J96: 24.305553 | K96: 24.155437 | L96: 23.885027 | M96: 23.660704 | N96: 23.462885 | O96: 23.207682 | P96: 22.902081 | Q96: 22.567978 | R96: 22.297297 | S96: 22.077492 | T96: 21.90547 | U96: 21.747627 | V96: 21.347656 | W96: 21.129408 | X96: 20.912249 | Y96: 20.693905 | Z96: 20.573292 | AA96: 20.46624 | AB96: 20.40843 | AC96: 20.308758 | AD96: 20.209198 | AG96: =AVERAGE($R96:$AB96) -> 21.232642
A97: Mexico | B97: MEX | C97: 31.182358 | D97: 31.023466 | E97: 30.869287 | F97: 30.808977 | G97: 30.669308 | H97: 30.396235 | I97: 30.43648 | J97: 30.485497 | K97: 30.357779 | L97: 30.086857 | M97: 29.91003 | N97: 29.68574 | O97: 29.57493 | P97: 29.394283 | Q97: 29.391638 | R97: 29.187302 | S97: 29.052055 | T97: 28.801188 | U97: 28.547964 | V97: 28.16975 | W97: 28.337828 | X97: 28.080385 | Y97: 28.10578 | Z97: 27.990547 | AA97: 27.859106 | AB97: 27.750862 | AC97: 27.634012 | AD97: 27.525949 | AE97: 27.369791 | AG97: =AVERAGE($R97:$AB97) -> 28.352979
A98: Moldova | B98: MDA | C98: 42.29583 | D98: 41.365337 | E98: 41.000729 | F98: 40.032864 | G98: 39.809944 | H98: 39.569603 | I98: 40.319397 | J98: 40.471329 | K98: 42.62524 | L98: 43.505245 | M98: 44.291645 | N98: 44.737511 | O98: 44.92754 | P98: 44.451405 | Q98: 44.641323 | R98: 44.772552 | S98: 44.300705 | T98: 43.962906 | U98: 43.674335 | V98: 43.083893 | W98: 42.632763 | X98: 42.418209 | Y98: 42.323574 | Z98: 42.712067 | AA98: 42.900276 | AB98: 42.996563 | AC98: 43.171383 | AD98: 43.08073 | AE98: 42.880054 | AG98: =AVERAGE($R98:$AB98) -> 43.252531
A99: Mongolia | B99: MNG | C99: 14.106293 | D99: 15.60198 | E99: 16.402046 | F99: 16.392725 | G99: 16.234852 | H99: 16.622681 | I99: 16.482254 | J99: 16.350256 | K99: 16.121284 | L99: 16.140165 | M99: 15.955599 | N99: 15.987633 | O99: 16.117397 | P99: 16.198862 | Q99: 16.350338 | R99: 16.376799 | S99: 16.542629 | T99: 16.400734 | U99: 16.381214 | V99: 16.48513 | W99: 16.451214 | X99: 16.371477 | Y99: 16.015453 | Z99: 15.740125 | AA99: 15.566392 | AB99: 15.635193 | AC99: 15.478813 | AD99: 15.42315 | AG99: =AVERAGE($R99:$AB99) -> 16.17876
A100: Morocco | B100: MAR | C100: 36.828342 | D100: 37.129555 | E100: 35.708725 | F100: 35.267582 | G100: 36.32 | H100: 34.93153 | I100: 36.28849 | J100: 35.325966 | K100: 35.642464 | L100: 34.92683 | M100: 34.421375 | N100: 34.616245 | O100: 34.391064 | P100: 34.55505 | Q100: 34.362492 | R100: 33.778645 | S100: 33.925835 | T100: 33.100159 | U100: 32.963951 | V100: 32.9814 | W100: 32.540653 | X100: 32.327759 | Y100: 31.70479 | Z100: 31.267155 | AA100: 30.839781 | AB100: 30.51442 | AC100: 30.204096 | AD100: 29.935333 | AE100: 29.637537 | AG100: =AVERAGE($R100:$AB100) -> 32.358595
A101: Mozambique | B101: MOZ | C101: 47.92815 | D101: 47.594315 | E101: 47.723442 | F101: 47.455654 | G101: 46.466072 | H101: 46.358318 | I101: 45.838417 | J101: 45.054073 | K101: 44.410126 | L101: 43.624886 | M101: 42.356934 | N101: 41.656456 | O101: 40.724541 | P101: 40.096714 | Q101: 39.576534 | R101: 39.073032 | S101: 38.600605 | T101: 38.16853 | U101: 37.224018 | V101: 36.330994 | W101: 35.308926 | X101: 34.160786 | Y101: 32.217056 | Z101: 30.091671 | AA101: 28.152847 | AB101: 27.210936 | AC101: 26.852612 | AD101: 26.335644 | AE101: 26.007288 | AG101: =AVERAGE($R101:$AB101) -> 34.230855
...

Sheet replication
B1: Bangladesh | D1: Ghana | F1: India | H1: Indonesia | J1: Tanzania
A2: 1990 | B2: 42.95211 | D2: 40.800056 | F2: 26.323105 | H2: 22.722509 | J2: 60.099411 | N2: Bangladesh
A3: 1991 | B3: 42.664642 | D3: 40.412334 | F3: 26.131348 | H3: 22.149334 | J3: 59.252636 | N3: [1] 37.58694 37.23112 37.04267 37.13224 37.06698 36.70058 36.39922 35.28692 35.03954 34.86611
A4: 1992 | B4: 42.45015 | D4: 40.337952 | F4: 25.930332 | H4: 21.719664 | J4: 59.108471 | N4: [11] 34.38856 34.21208 34.52388 34.66083 34.54264 34.54662 34.39772 34.10000 34.13263 34.49483
A5: 1993 | B5: 42.107204 | D5: 40.203869 | F5: 25.727173 | H5: 21.272236 | J5: 59.329712 | N5: [21] 34.82710 34.77867 35.00087 35.09350 35.01844 34.74834 34.43965 34.40974 34.13310
A6: 1994 | B6: 41.800095 | D6: 40.134487 | F6: 25.441801 | H6: 20.87981 | J6: 59.906216
A7: 1995 | B7: 41.484585 | D7: 40.184052 | F7: 25.032356 | H7: 20.250992 | J7: 60.985935 | N7: Ghana
A8: 1996 | B8: 41.130989 | D8: 40.113991 | F8: 24.715343 | H8: 19.952507 | J8: 62.476116 | N8: [1] 48.62283 47.03364 46.74351 46.19760 45.66158 44.53491 43.72257 42.47710 41.90926 40.37918
A9: 1997 | B9: 40.773449 | D9: 40.233707 | F9: 24.362961 | H9: 19.576122 | J9: 62.626118 | N9: [11] 41.20759 41.79611 39.98821 39.74053 38.68860 38.01139 38.11295 38.30000 37.70368 37.16396
A10: 1998 | B10: 40.172474 | D10: 40.116455 | F10: 24.013775 | H10: 19.407167 | J10: 61.850792 | N10: [21] 35.83261 35.27775 32.86561 31.15533 30.82905 30.70140 30.70765 29.03659 28.32580
A11: 1999 | B11: 39.560257 | D11: 40.298923 | F11: 23.624575 | H11: 19.338741 | J11: 61.278652
A12: 2000 | B12: 38.955914 | D12: 39.675777 | F12: 23.38763 | H12: 19.18568 | J12: 60.575043 | N12: India
A13: 2001 | B13: 38.389839 | D13: 39.232029 | F13: 23.158476 | H13: 19.038862 | J13: 59.767296 | N13: [1] 27.88994 28.26514 27.73501 27.33193 26.36425 25.39481 24.34116 24.50707 24.17464 23.52041
A14: 2002 | B14: 37.765057 | D14: 39.408398 | F14: 22.948118 | H14: 18.854721 | J14: 58.855015 | N14: [11] 23.51826 23.53861 23.54323 22.84256 22.22810 21.66320 21.02909 20.70000 21.19554 20.89714
A15: 2003 | B15: 37.09893 | D15: 39.153561 | F15: 22.669794 | H15: 18.682375 | J15: 57.725449 | N15: [21] 20.26986 20.40082 20.29084 19.93929 19.32157 18.62563 17.91610 17.51794 17.32306
A16: 2004 | B16: 36.318214 | D16: 39.013535 | F16: 22.303991 | H16: 18.501169 | J16: 56.764675
A17: 2005 | B17: 35.509972 | D17: 38.887638 | F17: 21.795887 | H17: 18.253489 | J17: 55.824493 | N17: Indonesia
A18: 2006 | B18: 34.688599 | D18: 38.631592 | F18: 21.266304 | H18: 18.02516 | J18: 54.842567 | N18: [1] 18.91444 18.65533 18.63413 18.36731 18.32199 18.05829 17.95741 17.74400 20.54421 20.47115
A19: 2007 | B19: 34.100784 | D19: 38.300793 | F19: 20.700939 | H19: 17.90032 | J19: 53.700935 | N19: [11] 20.07676 19.79270 19.53969 19.28114 18.80937 18.38622 18.18133 17.90000 17.69556 17.86046
A20: 2008 | B20: 33.480824 | D20: 37.944885 | F20: 20.192965 | H20: 17.685661 | J20: 52.717163 | N20: [21] 17.46700 17.16400 17.15695 17.00471 16.84490 16.79993 16.58994 16.39857 16.33180
A21: 2009 | B21: 32.828964 | D21: 37.753368 | F21: 19.695469 | H21: 17.432539 | J21: 51.640076
A22: 2010 | B22: 32.177204 | D22: 37.923954 | F22: 19.275066 | H22: 17.270966 | J22: 50.98455
A23: 2011 | B23: 31.500191 | D23: 37.854187 | F23: 18.850731 | H23: 17.029758 | J23: 49.907074
A24: 2012 | B24: 30.899021 | D24: 37.773811 | F24: 18.458332 | H24: 16.739225 | J24: 48.764637
A25: 2013 | B25: 30.204218 | D25: 38.060898 | F25: 18.140812 | H25: 16.472683 | J25: 47.648808
A26: 2014 | B26: 29.5326 | D26: 37.880928 | F26: 17.840628 | H26: 16.233072 | J26: 46.858673
A27: 2015 | B27: 28.897316 | D27: 37.93914 | F27: 17.566015 | H27: 15.950048 | J27: 46.034599
A28: 2016 | B28: 28.256935 | D28: 38.033409 | F28: 17.269661 | H28: 15.743974 | J28: 44.925217
A29: 2017 | B29: 27.631273 | D29: 38.257103 | F29: 16.960295 | H29: 15.537893 | J29: 43.811855
A30: 2018 | B30: 26.998659 | D30: 38.204689 | F30: 16.653046 | H30: 15.284904 | J30: 42.647057

Sheet MIMIC_p
A1: Economy | B1: Code | C1: 1990 | D1: 1991 | E1: 1992 | F1: 1993 | G1: 1994 | H1: 1995 | I1: 1996 | J1: 1997 | K1: 1998 | L1: 1999 | M1: 2000 | N1: 2001 | O1: 2002 | P1: 2003 | Q1: 2004 | R1: 2005 | S1: 2006 | T1: 2007 | U1: 2008 | V1: 2009 | W1: 2010 | X1: 2011 | Y1: 2012 | Z1: 2013 | AA1: 2014 | AB1: 2015 | AC1: 2016 | AD1: 2017 | AE1: 2018 | AG1: avg 2005-2015
A2: Albania | B2: ALB | F2: 38.571281 | G2: 38.260952 | H2: 37.862961 | I2: 35.685631 | J2: 36.243999 | K2: 36.363335 | L2: 36.019932 | M2: 35.299999 | N2: 36.439022 | O2: 35.57333 | P2: 35.238903 | Q2: 35.024368 | R2: 34.94566 | S2: 34.391949 | T2: 34.177273 | U2: 33.751469 | V2: 33.956642 | W2: 33.877605 | X2: 33.597435 | Y2: 33.505386 | Z2: 33.804462 | AA2: 33.753948 | AB2: 33.51561 | AC2: 33.233231 | AD2: 32.931488 | AE2: 32.407963 | AG2: =AVERAGE($R2:$AB2) -> 33.934313
A3: Algeria | B3: DZA | F3: 34.984856 | G3: 35.057541 | H3: 34.919014 | I3: 35.023457 | J3: 34.944878 | K3: 34.79649 | L3: 34.587124 | M3: 34.099998 | N3: 33.896748 | O3: 33.497978 | P3: 32.91909 | Q3: 32.373051 | R3: 31.381727 | S3: 31.241148 | T3: 31.308382 | U3: 31.496702 | V3: 31.918821 | W3: 31.838108 | X3: 32.420799 | Y3: 32.238972 | Z3: 31.941799 | AA3: 31.831318 | AB3: 32.040489 | AC3: 31.830296 | AD3: 31.742619 | AE3: 31.315495 | AG3: =AVERAGE($R3:$AB3) -> 31.787115
A4: Angola | B4: AGO | F4: 50.773422 | G4: 49.773392 | H4: 47.836201 | I4: 47.405991 | J4: 47.323349 | K4: 49.990227 | L4: 47.678768 | M4: 48.799999 | N4: 48.596016 | O4: 46.689796 | P4: 46.970917 | Q4: 46.379879 | R4: 45.360245 | S4: 45.261456 | T4: 44.122997 | U4: 43.668079 | V4: 44.13237 | W4: 44.137409 | X4: 44.295761 | Y4: 43.62915 | Z4: 44.187042 | AA4: 43.451481 | AB4: 43.223419 | AC4: 43.443283 | AD4: 43.384041 | AE4: 43.328171 | AG4: =AVERAGE($R4:$AB4) -> 44.133583
A5: Argentina | B5: ARG | F5: 25.562576 | G5: 25.373232 | H5: 25.952002 | I5: 25.319374 | J5: 24.688923 | K5: 24.432482 | L5: 25.105556 | M5: 25.4 | N5: 26.03927 | O5: 26.41473 | P5: 25.656591 | Q5: 25.065067 | R5: 24.802246 | S5: 24.373484 | T5: 23.895636 | U5: 23.884768 | V5: 24.921953 | W5: 24.042017 | X5: 23.749647 | Y5: 24.167986 | Z5: 24.134323 | AA5: 24.369669 | AB5: 24.415709 | AC5: 24.373549 | AD5: 24.294239 | AE5: 24.408112 | AG5: =AVERAGE($R5:$AB5) -> 24.250676
A6: Armenia | B6: ARM | F6: 49.078381 | G6: 46.229176 | H6: 46.409405 | I6: 46.283585 | J6: 46.210648 | K6: 46.16127 | L6: 46.370132 | M6: 46.299999 | N6: 46.569958 | O6: 45.144955 | P6: 45.033127 | Q6: 44.915134 | R6: 44.366032 | S6: 44.015175 | T6: 43.682785 | U6: 42.372223 | V6: 43.75029 | W6: 43.842625 | X6: 43.489197 | Y6: 42.941334 | Z6: 42.905033 | AA6: 43.296852 | AB6: 43.481316 | AC6: 43.56078 | AD6: 42.755604 | AE6: 42.493435 | AG6: =AVERAGE($R6:$AB6) -> 43.467533
A7: Australia | B7: AUS | F7: 15.538859 | G7: 15.193089 | H7: 15.083937 | I7: 14.748693 | J7: 14.710875 | K7: 14.797376 | L7: 14.473602 | M7: 14.3 | N7: 14.230507 | O7: 14.17737 | P7: 13.947599 | Q7: 13.720336 | R7: 13.790193 | S7: 13.695948 | T7: 13.417634 | U7: 13.541302 | V7: 13.900376 | W7: 13.716012 | X7: 13.81276 | Y7: 13.723848 | Z7: 13.637008 | AA7: 13.820518 | AB7: 14.116594 | AC7: 14.018482 | AD7: 14.087063 | AE7: 14.065775 | AG7: =AVERAGE($R7:$AB7) -> 13.742927
A8: Austria | B8: AUT | F8: 10.522746 | G8: 10.405677 | H8: 10.410053 | I8: 10.39249 | J8: 10.339491 | K8: 10.204848 | L8: 10.129485 | M8: 9.8000002 | N8: 9.7051287 | O8: 9.6750154 | P8: 9.7274609 | Q8: 9.7564936 | R8: 9.9559669 | S8: 9.7178679 | T8: 9.3870134 | U8: 9.4718151 | V8: 10.237248 | W8: 10.010277 | X8: 9.7683134 | Y8: 9.7893171 | Z8: 9.9001703 | AA8: 9.8861408 | AB8: 9.9220905 | AC8: 9.8845263 | AD8: 9.7171583 | AE8: 9.5145226 | AG8: =AVERAGE($R8:$AB8) -> 9.8223837
A9: Azerbaijan | B9: AZE | F9: 62.281738 | G9: 61.244701 | H9: 59.083519 | I9: 58.800266 | J9: 59.293415 | K9: 59.825024 | L9: 59.419659 | M9: 60.599998 | N9: 59.940506 | O9: 59.324497 | P9: 58.786858 | Q9: 58.432869 | R9: 57.220524 | S9: 55.714382 | T9: 55.136238 | U9: 54.435043 | V9: 54.396973 | W9: 54.318825 | X9: 54.241699 | Y9: 54.249496 | Z9: 53.555157 | AA9: 53.492989 | AB9: 53.671539 | AC9: 53.886753 | AD9: 53.678364 | AE9: 53.32856 | AG9: =AVERAGE($R9:$AB9) -> 54.584806
A10: Bahamas, The | B10: BHS | F10: 29.529099 | G10: 29.808674 | H10: 29.047697 | I10: 28.395842 | J10: 28.279943 | K10: 27.515125 | L10: 26.590883 | M10: 26.200001 | N10: 26.125566 | O10: 26.079443 | P10: 26.742794 | Q10: 26.976254 | R10: 26.674578 | S10: 26.567511 | T10: 26.657625 | U10: 27.625893 | V10: 29.381832 | W10: 29.326618 | X10: 29.773483 | Y10: 29.328648 | Z10: 30.001028 | AA10: 29.938717 | AB10: 29.888584 | AC10: 29.751982 | AD10: 30.211302 | AE10: 29.955345 | AG10: =AVERAGE($R10:$AB10) -> 28.65132
A11: Bahrain | B11: BHR | F11: 19.940973 | G11: 20.086643 | H11: 19.875603 | I11: 19.157866 | J11: 19.145502 | K11: 18.90955 | L11: 18.748293 | M11: 18.4 | N11: 19.011644 | O11: 19.468067 | P11: 19.422318 | Q11: 19.201565 | R11: 19.174101 | S11: 19.215986 | T11: 19.528322 | U11: 19.209087 | V11: 20.337887 | W11: 20.190607 | X11: 20.581583 | Y11: 20.236902 | Z11: 19.305143 | AA11: 18.840113 | AB11: 18.974283 | AC11: 19.129181 | AD11: 19.348269 | AE11: 19.976244 | AG11: =AVERAGE($R11:$AB11) -> 19.599456
A12: Bangladesh | B12: BGD | F12: 36.670769 | G12: 36.484997 | H12: 36.079762 | I12: 35.634632 | J12: 35.429028 | K12: 35.365761 | L12: 35.496166 | M12: 35.599998 | N12: 35.585888 | O12: 36.180836 | P12: 36.863773 | Q12: 37.21397 | R12: 37.185455 | S12: 36.700558 | T12: 36.212723 | U12: 35.93232 | V12: 36.021946 | W12: 35.543152 | X12: 35.391773 | Y12: 35.197815 | Z12: 35.04422 | AA12: 34.929951 | AB12: 34.645958 | AC12: 34.769283 | AD12: 34.658211 | AE12: 34.653992 | AG12: =AVERAGE($R12:$AB12) -> 35.709625
A13: Belarus | B13: BLR | F13: 48.233044 | G13: 49.061348 | H13: 49.321892 | I13: 48.788235 | J13: 48.625355 | K13: 48.434925 | L13: 48.251743 | M13: 48.099998 | N13: 48.687191 | O13: 48.558594 | P13: 48.426464 | Q13: 47.986183 | R13: 47.696613 | S13: 46.90324 | T13: 46.326855 | U13: 45.295944 | V13: 45.331703 | W13: 44.917881 | X13: 43.83894 | Y13: 43.577366 | Z13: 43.492977 | AA13: 43.092228 | AB13: 42.861843 | AC13: 43.225697 | AD13: 42.924915 | AE13: 42.565437 | AG13: =AVERAGE($R13:$AB13) -> 44.84869
... A48: Equatorial Guinea | B48: GNQ | F48: 34.590435 | G48: 34.000645 | H48: 34.17503 | I48: 33.351429 | J48: 32.908165 | K48: 33.697369 | L48: 33.007206 | M48: 32.799999 | N48: 31.990612 | O48: 31.955618 | P48: 32.098701 | Q48: 31.580488 | R48: 31.401777 | S48: 31.4835 | T48: 31.284048 | U48: 30.827639 | V48: 31.424809 | W48: 31.877401 | X48: 31.736187 | Y48: 31.583359 | Z48: 32.119236 | AA48: 32.62289 | AB48: 33.330757 | AC48: 33.878975 | AD48: 33.865742 | AE48: 33.709209 | AG48: =AVERAGE($R48:$AB48) -> 31.790146
A49: Eritrea | B49: ERI | F49: 39.923378 | G49: 38.655334 | H49: 39.699898 | I49: 38.712605 | J49: 37.859909 | K49: 38.943405 | L49: 39.194004 | M49: 40.299999 | N49: 38.846722 | O49: 38.805672 | P49: 39.829224 | Q49: 39.353527 | R49: 39.285519 | S49: 39.228226 | T49: 39.116776 | U49: 39.824951 | V49: 39.161404 | W49: 39.343468 | X49: 38.654224 | Y49: 40.782795 | Z49: 41.242008 | AA49: 40.801228 | AB49: 41.248825 | AC49: 41.161804 | AG49: =AVERAGE($R49:$AB49) -> 39.880857
A50: Estonia | B50: EST | F50: 32.895302 | G50: 33.649742 | H50: 34.233429 | I50: 33.868534 | J50: 33.120659 | K50: 33.024975 | L50: 33.45097 | M50: 32.700001 | N50: 32.254807 | O50: 31.713985 | P50: 31.299526 | Q50: 30.919613 | R50: 30.257725 | S50: 29.310369 | T50: 29.032091 | U50: 29.806387 | V50: 31.741158 | W50: 31.541521 | X50: 30.62048 | Y50: 30.37085 | Z50: 30.280943 | AA50: 30.061119 | AB50: 30.036377 | AC50: 30.031496 | AD50: 29.569256 | AE50: 29.188324 | AG50: =AVERAGE($R50:$AB50) -> 30.278093
A51: Eswatini | B51: SWZ | F51: 42.588673 | G51: 42.479454 | H51: 41.556015 | I51: 41.910141 | J51: 42.73835 | K51: 42.676102 | L51: 42.442772 | M51: 41.400002 | N51: 41.350368 | O51: 40.688091 | P51: 41.262386 | Q51: 42.08382 | R51: 41.591122 | S51: 40.772919 | T51: 40.707748 | U51: 41.060356 | V51: 41.190441 | W51: 40.480717 | X51: 40.221882 | Y51: 39.281021 | Z51: 38.835026 | AA51: 39.160713 | AB51: 39.274418 | AC51: 39.486187 | AD51: 39.37006 | AE51: 38.931454 | AG51: =AVERAGE($R51:$AB51) -> 40.234215
A52: Ethiopia | B52: ETH | F52: 37.729801 | G52: 38.179462 | H52: 38.496284 | I52: 38.04438 | J52: 38.119766 | K52: 38.71513 | L52: 40.098007 | M52: 40.299999 | N52: 39.361347 | O52: 39.290134 | P52: 38.945591 | Q52: 38.475048 | R52: 38.28656 | S52: 37.797783 | T52: 37.037003 | U52: 36.623104 | V52: 36.339191 | W52: 35.956951 | X52: 35.950001 | Y52: 35.424263 | Z52: 35.271137 | AA52: 34.911129 | AB52: 34.749935 | AC52: 34.824413 | AD52: 34.531898 | AE52: 34.053925 | AG52: =AVERAGE($R52:$AB52) -> 36.213369
A53: Fiji | B53: FJI | F53: 34.703884 | G53: 33.41674 | H53: 33.073414 | I53: 32.798054 | J53: 33.489349 | K53: 34.067001 | L53: 32.840935 | M53: 33.599998 | N53: 33.104153 | O53: 32.430004 | P53: 32.862324 | Q53: 31.82324 | R53: 31.429987 | S53: 32.848927 | T53: 32.947742 | U53: 32.510925 | V53: 33.330368 | W53: 32.144638 | X53: 32.991554 | Y53: 33.59528 | Z53: 33.262768 | AA53: 32.244923 | AB53: 31.867552 | AC53: 31.490891 | AD53: 30.599731 | AE53: 30.081411 | AG53: =AVERAGE($R53:$AB53) -> 32.652242
A54: Finland | B54: FIN | F54: 20.236776 | G54: 19.963459 | H54: 19.690584 | I54: 19.796919 | J54: 19.250158 | K54: 18.768951 | L54: 18.46339 | M54: 18.1 | N54: 17.994543 | O54: 18.04262 | P54: 17.982567 | Q54: 17.896631 | R54: 17.840862 | S54: 17.591902 | T54: 17.364332 | U54: 17.41762 | V54: 18.261625 | W54: 18.076599 | X54: 17.878872 | Y54: 18.113913 | Z54: 18.319569 | AA54: 18.495827 | AB54: 18.629486 | AC54: 18.354671 | AD54: 17.978682 | AE54: 17.786581 | AG54: =AVERAGE($R54:$AB54) -> 17.999146
A55: France | B55: FRA | F55: 16.808504 | G55: 16.706005 | H55: 16.540771 | I55: 16.781889 | J55: 16.571392 | K55: 15.953897 | L55: 15.715094 | M55: 15.2 | N55: 14.967157 | O55: 15.212767 | P55: 15.290254 | Q55: 15.120858 | R55: 15.118074 | S55: 14.899965 | T55: 14.698662 | U55: 14.652357 | V55: 15.673038 | W55: 15.589509 | X55: 15.418811 | Y55: 15.575553 | Z55: 15.578229 | AA55: 15.5667 | AB55: 15.383033 | AC55: 15.304152 | AD55: 15.115433 | AE55: 14.7885 | AG55: =AVERAGE($R55:$AB55) -> 15.286721
A56: Gabon | B56: GAB | F56: 47.780609 | G56: 46.45858 | H56: 46.257202 | I56: 45.503902 | J56: 45.281872 | K56: 47.176167 | L56: 48.071808 | M56: 48 | N56: 50.455395 | O56: 50.916649 | P56: 51.036034 | Q56: 51.42762 | R56: 50.506195 | S56: 51.724369 | T56: 51.44632 | U56: 52.039742 | V56: 53.889885 | W56: 52.029057 | X56: 51.299271 | Y56: 51.704136 | Z56: 51.488358 | AA56: 51.023014 | AB56: 51.035278 | AC56: 51.17149 | AD56: 51.114414 | AE56: 50.099693 | AG56: =AVERAGE($R56:$AB56) -> 51.653238
A57: Gambia, The | B57: GMB | F57: 47.238285 | G57: 46.955162 | H57: 48.152683 | I57: 48.0994 | J57: 47.197857 | K57: 46.309181 | L57: 45.312664 | M57: 45.099998 | N57: 44.37241 | O57: 46.711586 | P57: 44.027744 | Q57: 42.318363 | R57: 45.326889 | S57: 46.405201 | T57: 45.959316 | U57: 45.964386 | V57: 44.171814 | W57: 43.324543 | X57: 47.646778 | Y57: 45.969437 | Z57: 46.631416 | AA57: 48.898102 | AB57: 49.629932 | AC57: 49.335735 | AD57: 48.197247 | AE57: 46.844101 | AG57: =AVERAGE($R57:$AB57) -> 46.357074
A58: Georgia | B58: GEO | F58: 67.899231 | G58: 68.917427 | H58: 69.345604 | I58: 68.211494 | J58: 68.359787 | K58: 68.430298 | L58: 68.566177 | M58: 67.300003 | N58: 67.490028 | O58: 67.712303 | P58: 66.736633 | Q58: 67.760674 | R58: 68.251465 | S58: 67.19072 | T58: 67.574806 | U58: 68.913315 | V58: 68.881569 | W58: 66.38932 | X58: 65.091164 | Y58: 64.537537 | Z58: 64.265884 | AA58: 63.779556 | AB58: 63.28698 | AC58: 63.22044 | AD58: 61.828232 | AE58: 61.235229 | AG58: =AVERAGE($R58:$AB58) -> 66.196574
A59: Germany | B59: DEU | F59: 16.882622 | G59: 16.79953 | H59: 16.780973 | I59: 16.867733 | J59: 16.619757 | K59: 16.32127 | L59: 16.262291 | M59: 16 | N59: 15.945912 | O59: 16.196968 | P59: 16.530506 | Q59: 16.238886 | R59: 16.21093 | S59: 15.66153 | T59: 15.199259 | U59: 15.348127 | V59: 16.420113 | W59: 15.973832 | X59: 15.380827 | Y59: 15.410168 | Z59: 15.597274 | AA59: 15.325316 | AB59: 15.239039 | AC59: 15.236104 | AD59: 15.139071 | AE59: 15.140614 | AG59: =AVERAGE($R59:$AB59) -> 15.615129
A60: Ghana | B60: GHA | F60: 43.884502 | G60: 43.298973 | H60: 42.537716 | I60: 43.054867 | J60: 42.87151 | K60: 42.279804 | L60: 42.320477 | M60: 41.900002 | N60: 41.854 | O60: 41.979088 | P60: 42.418999 | Q60: 42.375874 | R60: 42.843765 | S60: 40.018551 | T60: 39.834785 | U60: 39.923439 | V60: 39.456657 | W60: 39.284843 | X60: 40.576729 | Y60: 39.47414 | Z60: 38.858101 | AA60: 39.123665 | AB60: 38.802185 | AC60: 38.241268 | AD60: 37.591099 | AE60: 37.569698 | AG60: =AVERAGE($R60:$AB60) -> 39.836078
A61: Greece | B61: GRC | F61: 29.465055 | G61: 29.229128 | H61: 29.601931 | I61: 29.172876 | J61: 28.971531 | K61: 28.778118 | L61: 28.817793 | M61: 28.700001 | N61: 28.44533 | O61: 28.23089 | P61: 27.785994 | Q61: 27.440987 | R61: 27.688377 | S61: 27.319141 | T61: 27.19701 | U61: 27.257978 | V61: 28.336081 | W61: 28.691645 | X61: 29.517574 | Y61: 30.380508 | Z61: 30.202448 | AA61: 30.093637 | AB61: 30.167677 | AC61: 30.076464 | AD61: 29.756443 | AE61: 29.349083 | AG61: =AVERAGE($R61:$AB61) -> 28.804734
... A64: Guinea-Bissau | B64: GNB | F64: 36.162037 | G64: 36.03561 | H64: 35.906475 | I64: 34.570152 | J64: 33.924778 | K64: 39.628292 | L64: 38.714622 | M64: 39.599998 | N64: 38.944996 | O64: 39.577351 | P64: 40.260143 | Q64: 40.038914 | R64: 39.540386 | S64: 38.992599 | T64: 38.506336 | U64: 38.071236 | V64: 37.969997 | W64: 37.823467 | X64: 37.135174 | Y64: 38.31971 | Z64: 37.703564 | AA64: 39.502117 | AB64: 38.623943 | AC64: 37.868069 | AD64: 37.314907 | AE64: 36.779396 | AG64: =AVERAGE($R64:$AB64) -> 38.380775
A65: Guyana | B65: GUY | F65: 33.941936 | G65: 33.676575 | H65: 33.394394 | I65: 33.433624 | J65: 32.985542 | K65: 32.791878 | L65: 32.825356 | M65: 33.599998 | N65: 33.706646 | O65: 33.89185 | P65: 34.165852 | Q65: 33.849804 | R65: 34.888435 | S65: 32.282322 | T65: 31.305849 | U65: 32.049911 | V65: 31.747177 | W65: 31.221716 | X65: 30.863459 | Y65: 30.460287 | Z65: 30.450378 | AA65: 30.553844 | AB65: 30.602676 | AC65: 30.41968 | AG65: =AVERAGE($R65:$AB65) -> 31.493278
A66: Haiti | B66: HTI | F66: 54.502056 | G66: 61.113167 | H66: 58.28516 | I66: 56.328419 | J66: 56.63961 | K66: 56.044338 | L66: 54.825565 | M66: 55.400002 | N66: 56.859928 | O66: 58.096386 | P66: 58.456646 | Q66: 60.733856 | R66: 60.784271 | S66: 59.804379 | T66: 58.640224 | U66: 59.822994 | V66: 59.413139 | W66: 61.745842 | X66: 61.000668 | Y66: 60.50005 | Z66: 59.157848 | AA66: 59.244221 | AB66: 59.71003 | AC66: 60.003811 | AD66: 59.705265 | AE66: 59.085697 | AG66: =AVERAGE($R66:$AB66) -> 59.98397
A67: Honduras | B67: HND | F67: 49.333424 | G67: 49.345276 | H67: 48.852615 | I67: 49.993649 | J67: 48.752342 | K67: 49.064716 | L67: 49.76181 | M67: 49.599998 | N67: 50.168167 | O67: 50.136646 | P67: 50.6646 | Q67: 50.559044 | R67: 49.568306 | S67: 48.276863 | T67: 47.80175 | U67: 47.986767 | V67: 49.374966 | W67: 49.515209 | X67: 48.184029 | Y67: 48.257557 | Z67: 48.324944 | AA67: 48.005314 | AB67: 47.750397 | AC67: 47.328854 | AD67: 45.464218 | AE67: 45.554008 | AG67: =AVERAGE($R67:$AB67) -> 48.458736
A68: Hungary | B68: HUN | F68: 27.897995 | G68: 27.198603 | H68: 26.529018 | I68: 26.081352 | J68: 25.753767 | K68: 25.427734 | L68: 25.325394 | M68: 25.1 | N68: 24.835262 | O68: 24.787189 | P68: 24.932533 | Q68: 24.604818 | R68: 24.585865 | S68: 24.302431 | T68: 24.147604 | U68: 24.244118 | V68: 24.905844 | W68: 24.85535 | X68: 24.546848 | Y68: 24.488255 | Z68: 24.245667 | AA68: 24.004814 | AB68: 23.705143 | AC68: 23.537296 | AD68: 23.215511 | AE68: 22.775291 | AG68: =AVERAGE($R68:$AB68) -> 24.36654
A69: Iceland | B69: ISL | F69: 16.523705 | G69: 16.431404 | H69: 16.499861 | I69: 16.240894 | J69: 16.108965 | K69: 15.927001 | L69: 15.91927 | M69: 15.9 | N69: 15.856474 | O69: 16.218407 | P69: 16.270252 | Q69: 15.858902 | R69: 15.663559 | S69: 15.604206 | T69: 15.250415 | U69: 15.382854 | V69: 16.24843 | W69: 16.364605 | X69: 16.272186 | Y69: 16.167814 | Z69: 15.970172 | AA69: 15.865016 | AB69: 15.576094 | AC69: 15.221318 | AD69: 15.202729 | AE69: 15.147697 | AG69: =AVERAGE($R69:$AB69) -> 15.851396
A70: India | B70: IND | F70: 22.902859 | G70: 22.243155 | H70: 22.394056 | I70: 22.282246 | J70: 22.687395 | K70: 23.024748 | L70: 23.253344 | M70: 23.1 | N70: 22.817043 | O70: 22.685339 | P70: 22.151052 | Q70: 21.887848 | R70: 21.939844 | S70: 21.483025 | T70: 20.885742 | U70: 21.547546 | V70: 21.804804 | W70: 21.196896 | X70: 21.172609 | Y70: 21.109091 | Z70: 20.783535 | AA70: 20.740847 | AB70: 20.204659 | AC70: 19.932491 | AD70: 20.066374 | AE70: 19.729753 | AG70: =AVERAGE($R70:$AB70) -> 21.169872
A71: Indonesia | B71: IDN | F71: 20.102558 | G71: 19.805298 | H71: 19.512468 | I71: 19.583506 | J71: 19.31962 | K71: 19.358456 | L71: 19.582167 | M71: 19.4 | N71: 19.6234 | O71: 19.762365 | P71: 19.979429 | Q71: 19.956011 | R71: 19.933475 | S71: 19.834019 | T71: 19.530622 | U71: 19.366785 | V71: 19.588867 | W71: 19.205591 | X71: 19.075899 | Y71: 18.963539 | Z71: 18.881798 | AA71: 18.647932 | AB71: 18.724573 | AC71: 18.38983 | AD71: 18.110592 | AE71: 17.884134 | AG71: =AVERAGE($R71:$AB71) -> 19.250282
A72: Iran, Islamic Rep. | B72: IRN | F72: 19.369518 | G72: 19.460175 | H72: 19.398762 | I72: 19.150526 | J72: 18.80806 | K72: 19.057362 | L72: 18.766125 | M72: 18.9 | N72: 19.017946 | O72: 18.633118 | P72: 18.184938 | Q72: 17.792618 | R72: 18.212799 | S72: 17.994658 | T72: 17.125841 | U72: 17.277395 | V72: 17.586338 | W72: 17.423773 | X72: 17.086449 | Y72: 17.517382 | Z72: 17.642771 | AA72: 17.466387 | AB72: 17.883301 | AC72: 17.626982 | AD72: 17.500916 | AE72: 17.762594 | AG72: =AVERAGE($R72:$AB72) -> 17.56519
A73: Ireland | B73: IRL | F73: 17.520372 | G73: 17.409039 | H73: 17.113577 | I73: 16.838339 | J73: 16.566536 | K73: 16.274158 | L73: 16.060955 | M73: 15.9 | N73: 15.904167 | O73: 15.898274 | P73: 15.955291 | Q73: 15.882673 | R73: 15.659989 | S73: 15.769278 | T73: 15.778559 | U73: 16.2202 | V73: 16.777746 | W73: 16.644983 | X73: 16.543943 | Y73: 16.415398 | Z73: 16.314213 | AA73: 15.936738 | AB73: 14.963449 | AC73: 14.995302 | AD73: 14.743145 | AE73: 14.404099 | AG73: =AVERAGE($R73:$AB73) -> 16.093136
A74: Israel | B74: ISR | F74: 23.195154 | G74: 22.719151 | H74: 22.716702 | I74: 22.995506 | J74: 22.78887 | K74: 22.532972 | L74: 22.430666 | M74: 21.9 | N74: 22.326056 | O74: 22.810287 | P74: 22.627851 | Q74: 22.138081 | R74: 21.994642 | S74: 21.489452 | T74: 20.988714 | U74: 20.73102 | V74: 20.963779 | W74: 20.529436 | X74: 20.250113 | Y74: 20.445072 | Z74: 20.269644 | AA74: 20.151825 | AB74: 19.858934 | AC74: 19.710121 | AD74: 19.569618 | AE74: 19.66255 | AG74: =AVERAGE($R74:$AB74) -> 20.697512
A75: Italy | B75: ITA | F75: 30.580818 | G75: 29.995689 | H75: 28.973577 | I75: 28.638283 | J75: 28.368341 | K75: 27.989559 | L75: 27.721178 | M75: 27.1 | N75: 26.924555 | O75: 26.917469 | P75: 27.143864 | Q75: 27.108978 | R75: 27.308575 | S75: 27.035728 | T75: 26.700823 | U75: 27.255178 | V75: 28.857277 | W75: 28.593012 | X75: 28.205343 | Y75: 28.993444 | Z75: 29.640575 | AA75: 29.772015 | AB75: 29.302025 | AC75: 28.923199 | AD75: 28.481583 | AE75: 28.414623 | AG75: =AVERAGE($R75:$AB75) -> 28.333091
A76: Jamaica | B76: JAM | F76: 33.357243 | G76: 32.751976 | H76: 32.451801 | I76: 33.571476 | J76: 34.930058 | K76: 36.497948 | L76: 36.23716 | M76: 36.400002 | N76: 36.225082 | O76: 35.782207 | P76: 34.073288 | Q76: 33.184425 | R76: 33.756836 | S76: 32.041576 | T76: 31.827669 | U76: 32.923763 | V76: 35.284767 | W76: 36.084236 | X76: 35.534836 | Y76: 36.55547 | Z76: 36.460953 | AA76: 35.815968 | AB76: 35.287888 | AC76: 34.687286 | AD76: 34.089149 | AE76: 33.23048 | AG76: =AVERAGE($R76:$AB76) -> 34.688542
A77: Japan | B77: JPN | F77: 11.151356 | G77: 11.191975 | H77: 11.120049 | I77: 11.105954 | J77: 11.05342 | K77: 11.210633 | L77: 11.323529 | M77: 11.2 | N77: 11.28636 | O77: 11.398765 | P77: 11.274771 | Q77: 11.059145 | R77: 10.952668 | S77: 10.755595 | T77: 10.677129 | U77: 10.791588 | V77: 11.331862 | W77: 11.057933 | X77: 11.084731 | Y77: 10.985762 | Z77: 10.768731 | AA77: 10.660847 | AB77: 10.525887 | AC77: 10.448914 | AD77: 10.317 | AE77: 10.20754 | AG77: =AVERAGE($R77:$AB77) -> 10.872067
... A88: Liberia | B88: LBR | F88: 47.23394 | G88: 47.631592 | H88: 47.788696 | I88: 49.554646 | J88: 48.644272 | K88: 48.380142 | L88: 47.964554 | M88: 43.200001 | N88: 43.002182 | O88: 42.427063 | P88: 44.033146 | Q88: 44.826847 | R88: 45.213387 | S88: 44.148964 | T88: 45.29493 | U88: 45.444813 | V88: 44.716877 | W88: 43.90929 | X88: 43.75856 | Y88: 43.45298 | Z88: 43.819859 | AA88: 43.663349 | AB88: 43.800896 | AC88: 44.471966 | AD88: 44.528214 | AE88: 44.585964 | AG88: =AVERAGE($R88:$AB88) -> 44.293082
A89: Libya | B89: LBY | F89: 32.432827 | G89: 32.466278 | H89: 33.344131 | I89: 33.373886 | J89: 33.544979 | K89: 33.933598 | L89: 35.133305 | M89: 35.099998 | N89: 35.224266 | O89: 35.089931 | P89: 34.447304 | Q89: 34.305416 | R89: 33.869751 | S89: 33.532166 | T89: 33.37854 | U89: 33.019394 | V89: 33.870434 | W89: 33.343464 | X89: 37.162533 | Y89: 35.229233 | Z89: 36.55965 | AA89: 37.24316 | AB89: 36.535477 | AC89: 36.757011 | AG89: =AVERAGE($R89:$AB89) -> 34.8858
A90: Lithuania | B90: LTU | F90: 31.268019 | G90: 32.742653 | H90: 34.193665 | I90: 34.053661 | J90: 33.918125 | K90: 34.120358 | L90: 33.798073 | M90: 33.700001 | N90: 33.253574 | O90: 32.647141 | P90: 32.079708 | Q90: 31.772089 | R90: 31.198669 | S90: 30.926634 | T90: 30.198421 | U90: 30.411993 | V90: 31.736208 | W90: 31.588427 | X90: 30.943632 | Y90: 30.405441 | Z90: 30.02021 | AA90: 29.706821 | AB90: 29.401794 | AC90: 29.210987 | AD90: 28.875042 | AE90: 28.543806 | AG90: =AVERAGE($R90:$AB90) -> 30.594387
A91: Luxembourg | B91: LUX | F91: 10.623055 | G91: 10.537747 | H91: 10.632209 | I91: 10.620887 | J91: 10.517891 | K91: 10.319105 | L91: 10.053813 | M91: 9.8000002 | N91: 9.9440498 | O91: 9.9886456 | P91: 10.193722 | Q91: 10.270028 | R91: 10.273524 | S91: 9.9906168 | T91: 9.6283979 | U91: 9.8661661 | V91: 10.368394 | W91: 10.17101 | X91: 10.103178 | Y91: 10.372834 | Z91: 10.369743 | AA91: 10.198944 | AB91: 10.105746 | AC91: 9.9058084 | AD91: 10.00042 | AE91: 9.9828138 | AG91: =AVERAGE($R91:$AB91) -> 10.131687
A92: Madagascar | B92: MDG | F92: 39.063782 | G92: 40.457661 | H92: 40.766392 | I92: 41.408268 | J92: 40.874386 | K92: 40.676231 | L92: 39.955936 | M92: 39.599998 | N92: 39.032356 | O92: 45.263412 | P92: 43.459438 | Q92: 41.805134 | R92: 40.963585 | S92: 40.914894 | T92: 41.359951 | U92: 39.242451 | V92: 42.108261 | W92: 42.65255 | X92: 43.33712 | Y92: 43.445541 | Z92: 43.754284 | AA92: 43.690598 | AB92: 43.619282 | AC92: 42.980534 | AD92: 42.716354 | AE92: 41.6959 | AG92: =AVERAGE($R92:$AB92) -> 42.280774
A93: Malawi | B93: MWI | F93: 40.572853 | G93: 44.68449 | H93: 41.457256 | I93: 39.835705 | J93: 40.189487 | K93: 39.840107 | L93: 39.852577 | M93: 40.299999 | N93: 41.6292 | O93: 41.056599 | P93: 40.627827 | Q93: 40.653614 | R93: 40.992592 | S93: 40.832115 | T93: 39.354702 | U93: 39.251316 | V93: 39.02924 | W93: 38.325378 | X93: 38.180893 | Y93: 38.488941 | Z93: 38.524658 | AA93: 37.747814 | AB93: 37.923214 | AC93: 37.911606 | AD93: 37.568508 | AE93: 37.59552 | AG93: =AVERAGE($R93:$AB93) -> 38.96826
A94: Malaysia | B94: MYS | F94: 33.753101 | G94: 33.215824 | H94: 32.646103 | I94: 31.979715 | J94: 31.483463 | K94: 31.701399 | L94: 32.066193 | M94: 31.1 | N94: 32.28318 | O94: 32.592503 | P94: 32.351334 | Q94: 32.012661 | R94: 31.368071 | S94: 30.785025 | T94: 30.749216 | U94: 30.77581 | V94: 31.970697 | W94: 31.192619 | X94: 31.271908 | Y94: 31.380199 | Z94: 31.162289 | AA94: 29.994543 | AB94: 30.451864 | AC94: 30.295069 | AD94: 29.877005 | AE94: 29.26174 | AG94: =AVERAGE($R94:$AB94) -> 31.009295
A95: Maldives | B95: MDV | F95: 31.656271 | G95: 31.478552 | H95: 30.590868 | I95: 30.012552 | J95: 29.999184 | K95: 29.850613 | L95: 29.957233 | M95: 30.299999 | N95: 30.731194 | O95: 30.682209 | P95: 30.244871 | Q95: 30.110172 | R95: 31.563244 | S95: 30.43749 | T95: 30.162308 | U95: 30.080999 | V95: 31.078297 | W95: 30.253239 | X95: 29.601522 | Y95: 29.789331 | Z95: 29.701809 | AA95: 29.86199 | AB95: 29.628012 | AC95: 29.600433 | AD95: 29.501484 | AE95: 29.322233 | AG95: =AVERAGE($R95:$AB95) -> 30.196204
A96: Mali | B96: MLI | F96: 42.682346 | G96: 41.982742 | H96: 42.049831 | I96: 41.977531 | J96: 41.601692 | K96: 43.379642 | L96: 41.642551 | M96: 42.299999 | N96: 40.662304 | O96: 40.638176 | P96: 40.306778 | Q96: 40.748821 | R96: 39.830776 | S96: 39.43259 | T96: 39.787422 | U96: 40.039268 | V96: 39.751926 | W96: 39.602962 | X96: 40.357227 | Y96: 40.167179 | Z96: 40.40295 | AA96: 40.183144 | AB96: 40.697899 | AC96: 40.432056 | AD96: 39.955402 | AE96: 39.582741 | AG96: =AVERAGE($R96:$AB96) -> 40.023031
A97: Malta | B97: MLT | F97: 28.743198 | G97: 28.71096 | H97: 28.274448 | I97: 28.642193 | J97: 28.216244 | K97: 27.881441 | L97: 27.602285 | M97: 27.1 | N97: 27.708279 | O97: 27.519833 | P97: 27.752123 | Q97: 27.975349 | R97: 27.465027 | S97: 27.273613 | T97: 26.590393 | U97: 26.920229 | V97: 27.38113 | W97: 27.122484 | X97: 27.067314 | Y97: 27.084105 | Z97: 26.636377 | AA97: 26.281742 | AB97: 25.468523 | AC97: 24.540222 | AD97: 23.862156 | AE97: 23.959713 | AG97: =AVERAGE($R97:$AB97) -> 26.844631
A98: Mauritania | B98: MRT | F98: 35.268791 | G98: 35.746677 | H98: 35.095699 | I98: 34.646152 | J98: 35.208397 | K98: 35.946476 | L98: 35.621262 | M98: 36.099998 | N98: 36.102852 | O98: 36.86557 | P98: 36.925846 | Q98: 36.707012 | R98: 35.820786 | S98: 34.187344 | T98: 34.43536 | U98: 34.265915 | V98: 34.533943 | W98: 34.218124 | X98: 33.850887 | Y98: 33.725849 | Z98: 33.394962 | AA98: 33.300507 | AB98: 33.701214 | AC98: 33.48481 | AD98: 33.373264 | AE98: 33.372982 | AG98: =AVERAGE($R98:$AB98) -> 34.130445
A99: Mauritius | B99: MUS | F99: 23.70767 | G99: 23.926769 | H99: 23.692289 | I99: 23.799074 | J99: 23.449844 | K99: 23.204096 | L99: 23.470846 | M99: 23.1 | N99: 22.707066 | O99: 22.875879 | P99: 22.648674 | Q99: 22.815281 | R99: 23.152876 | S99: 22.718786 | T99: 21.638351 | U99: 21.256456 | V99: 21.875315 | W99: 21.729771 | X99: 21.473198 | Y99: 21.41119 | Z99: 21.818558 | AA99: 21.657354 | AB99: 21.569998 | AC99: 21.612017 | AD99: 21.356384 | AE99: 21.257339 | AG99: =AVERAGE($R99:$AB99) -> 21.845623
A100: Mexico | B100: MEX | F100: 31.830097 | G100: 31.813284 | H100: 33.121132 | I100: 31.889715 | J100: 30.979132 | K100: 30.412363 | L100: 30.332367 | M100: 30.1 | N100: 30.432213 | O100: 30.854355 | P100: 31.187431 | Q100: 30.93471 | R100: 30.868692 | S100: 30.297483 | T100: 30.130899 | U100: 30.286228 | V100: 32.01799 | W100: 31.503332 | X100: 30.997442 | Y100: 30.602995 | Z100: 30.678698 | AA100: 30.69039 | AB100: 30.295362 | AC100: 29.959562 | AD100: 29.83744 | AE100: 29.855869 | AG100: =AVERAGE($R100:$AB100) -> 30.760865
A101: Moldova | B101: MDA | F101: 42.625019 | G101: 45.657047 | H101: 46.199734 | I101: 45.783714 | J101: 45.704151 | K101: 45.895317 | L101: 45.671013 | M101: 45.099998 | N101: 44.647591 | O101: 45.185368 | P101: 45.19949 | Q101: 44.503376 | R101: 44.042522 | S101: 44.408913 | T101: 43.864388 | U101: 43.227871 | V101: 44.182182 | W101: 43.288368 | X101: 42.49231 | Y101: 42.266907 | Z101: 41.152096 | AA101: 40.371208 | AB101: 41.082245 | AC101: 40.868496 | AD101: 40.367893 | AE101: 39.752228 | AG101: =AVERAGE($R101:$AB101) -> 42.761728
... A117: Panama | B117: PAN | F117: 65.386559 | G117: 65.244247 | H117: 65.429726 | I117: 65.006409 | J117: 63.879978 | K117: 63.599876 | L117: 63.667995 | M117: 64.099998 | N117: 65.00219 | O117: 65.800179 | P117: 65.36882 | Q117: 64.78669 | R117: 63.630165 | S117: 62.674164 | T117: 61.293129 | U117: 60.529549 | V117: 60.543972 | W117: 60.666786 | X117: 59.514343 | Y117: 57.702728 | Z117: 57.201725 | AA117: 56.628391 | AB117: 56.360111 | AC117: 56.789619 | AD117: 57.031055 | AE117: 58.259449 | AG117: =AVERAGE($R117:$AB117) -> 59.704097
A118: Papua New Guinea | B118: PNG | F118: 35.949032 | G118: 35.073257 | H118: 35.702065 | I118: 34.888317 | J118: 35.811409 | K118: 35.817421 | L118: 35.750576 | M118: 36.099998 | N118: 36.098042 | O118: 36.126331 | P118: 36.191486 | Q118: 36.357021 | R118: 36.453018 | S118: 36.154579 | T118: 35.479443 | U118: 35.577168 | V118: 35.514816 | W118: 34.515312 | X118: 34.747215 | Y118: 35.038136 | Z118: 36.006199 | AA118: 34.881317 | AB118: 32.963402 | AC118: 32.999271 | AG118: =AVERAGE($R118:$AB118) -> 35.211873
A119: Paraguay | B119: PRY | F119: 38.463051 | G119: 38.204418 | H119: 37.351269 | I119: 37.892437 | J119: 38.248154 | K119: 38.591854 | L119: 38.997547 | M119: 39.799999 | N119: 39.54282 | O119: 39.664463 | P119: 38.570164 | Q119: 38.218933 | R119: 37.885319 | S119: 38.145149 | T119: 37.235729 | U119: 36.667183 | V119: 37.73262 | W119: 36.774544 | X119: 36.563828 | Y119: 37.612053 | Z119: 36.776337 | AA119: 36.554691 | AB119: 36.465343 | AC119: 35.834114 | AD119: 35.258816 | AE119: 34.655487 | AG119: =AVERAGE($R119:$AB119) -> 37.128436
A120: Peru | B120: PER | F120: 58.909142 | G120: 58.379559 | H120: 58.962688 | I120: 59.181248 | J120: 58.308487 | K120: 58.674892 | L120: 59.806412 | M120: 59.900002 | N120: 59.829681 | O120: 59.679298 | P120: 60.074299 | Q120: 59.445057 | R120: 59.439953 | S120: 58.542522 | T120: 57.480793 | U120: 56.620575 | V120: 57.424454 | W120: 55.723663 | X120: 55.095642 | Y120: 54.889374 | Z120: 55.020412 | AA120: 55.849621 | AB120: 56.935768 | AC120: 56.905064 | AD120: 56.755207 | AE120: 56.624565 | AG120: =AVERAGE($R120:$AB120) -> 56.638434
A121: Philippines | B121: PHL | F121: 42.508522 | G121: 42.708443 | H121: 42.920429 | I121: 43.37598 | J121: 43.638729 | K121: 43.726425 | L121: 43.331322 | M121: 43.299999 | N121: 43.00906 | O121: 42.707901 | P121: 42.277645 | Q121: 41.993046 | R121: 40.61367 | S121: 40.731625 | T121: 40.024094 | U121: 39.741131 | V121: 40.4245 | W121: 39.919193 | X121: 39.566719 | Y121: 39.816765 | Z121: 39.459068 | AA121: 38.85659 | AB121: 38.754868 | AC121: 38.666138 | AD121: 38.331348 | AE121: 38.056637 | AG121: =AVERAGE($R121:$AB121) -> 39.809838
A122: Poland | B122: POL | F122: 30.312187 | G122: 28.662645 | H122: 28.481907 | I122: 27.980301 | J122: 27.586706 | K122: 27.275154 | L122: 27.403481 | M122: 27.6 | N122: 28.030491 | O122: 28.11652 | P122: 28.092957 | Q122: 27.727673 | R122: 27.560995 | S122: 27.428564 | T122: 26.812393 | U122: 26.687344 | V122: 26.623095 | W122: 26.616747 | X122: 25.93494 | Y122: 25.764542 | Z122: 25.761786 | AA122: 25.4562 | AB122: 25.33321 | AC122: 25.194817 | AD122: 24.903894 | AE122: 24.655708 | AG122: =AVERAGE($R122:$AB122) -> 26.361801
A123: Portugal | B123: PRT | F123: 24.153496 | G123: 24.172083 | H123: 23.858767 | I123: 23.474882 | J123: 23.177158 | K123: 22.880545 | L123: 22.69899 | M123: 22.700001 | N123: 22.58971 | O123: 22.592564 | P123: 22.967682 | Q123: 23.043921 | R123: 23.187883 | S123: 23.084957 | T123: 22.656179 | U123: 22.453768 | V123: 23.189003 | W123: 23.063097 | X123: 23.136272 | Y123: 23.155579 | Z123: 23.146378 | AA123: 23.072483 | AB123: 22.374617 | AC123: 22.02993 | AD123: 21.315744 | AE123: 21.044056 | AG123: =AVERAGE($R123:$AB123) -> 22.956383
A124: Qatar | B124: QAT | F124: 20.667341 | G124: 20.62973 | H124: 20.497766 | I124: 20.511396 | J124: 19.606863 | K124: 19.284544 | L124: 19.14397 | M124: 19 | N124: 18.866476 | O124: 18.614985 | P124: 18.846958 | Q124: 18.544333 | R124: 18.814949 | S124: 18.337811 | T124: 18.21623 | U124: 17.981064 | V124: 18.114246 | W124: 17.845104 | X124: 17.698847 | Y124: 17.757019 | Z124: 17.787897 | AA124: 17.942461 | AB124: 18.125803 | AC124: 18.276369 | AD124: 18.230398 | AE124: 18.26619 | AG124: =AVERAGE($R124:$AB124) -> 18.056494
A125: Romania | B125: ROU | F125: 33.422596 | G125: 33.740662 | H125: 33.045982 | I125: 32.453815 | J125: 32.819447 | K125: 32.847511 | L125: 34.374577 | M125: 34.400002 | N125: 33.677265 | O125: 33.39883 | P125: 33.527142 | Q125: 32.882355 | R125: 33.228138 | S125: 32.717308 | T125: 32.18129 | U125: 31.764217 | V125: 32.356365 | W125: 32.247791 | X125: 31.881767 | Y125: 31.740858 | Z125: 31.144192 | AA125: 30.884062 | AB125: 30.577679 | AC125: 30.701508 | AD125: 30.283464 | AE125: 30.269316 | AG125: =AVERAGE($R125:$AB125) -> 31.88397
A126: Russian Federation | B126: RUS | F126: 46.985279 | G126: 47.454952 | H126: 47.803608 | I126: 48.135853 | J126: 49.288383 | K126: 48.790905 | L126: 46.579628 | M126: 46.099998 | N126: 45.988022 | O126: 46.018284 | P126: 45.823448 | Q126: 45.010529 | R126: 44.594124 | S126: 44.259132 | T126: 43.461937 | U126: 43.349033 | V126: 45.629448 | W126: 44.327236 | X126: 43.350136 | Y126: 43.066765 | Z126: 43.180664 | AA126: 42.575554 | AB126: 42.841816 | AC126: 43.104988 | AD126: 42.678352 | AE126: 42.117359 | AG126: =AVERAGE($R126:$AB126) -> 43.694168
A127: Rwanda | B127: RWA | F127: 38.862274 | G127: 39.664005 | H127: 38.870049 | I127: 39.315556 | J127: 38.726467 | K127: 38.735935 | L127: 40.458736 | M127: 40.299999 | N127: 40.264038 | O127: 40.235031 | P127: 40.036041 | Q127: 39.633224 | R127: 39.561611 | S127: 38.762535 | T127: 38.19632 | U127: 37.478127 | V127: 37.424374 | W127: 37.271675 | X127: 36.736328 | Y127: 36.707142 | Z127: 36.53957 | AA127: 36.686344 | AB127: 36.114624 | AC127: 35.726616 | AD127: 35.111095 | AE127: 34.413574 | AG127: =AVERAGE($R127:$AB127) -> 37.40715
A128: Saudi Arabia | B128: SAU | F128: 18.155952 | G128: 17.880186 | H128: 18.131104 | I128: 18.348881 | J128: 18.63316 | K128: 18.803562 | L128: 18.556423 | M128: 18.4 | N128: 18.884684 | O128: 19.390903 | P128: 18.782869 | Q128: 18.241438 | R128: 17.878593 | S128: 17.94602 | T128: 17.733212 | U128: 16.987715 | V128: 17.936907 | W128: 17.525928 | X128: 17.074327 | Y128: 16.694296 | Z128: 16.966776 | AA128: 17.135273 | AB128: 17.323929 | AC128: 16.982016 | AD128: 17.190176 | AE128: 17.150269 | AG128: =AVERAGE($R128:$AB128) -> 17.382089
A129: Senegal | B129: SEN | F129: 48.391602 | G129: 47.411018 | H129: 46.310322 | I129: 46.619335 | J129: 46.311474 | K129: 45.143684 | L129: 45.108631 | M129: 45.099998 | N129: 44.399864 | O129: 43.705597 | P129: 44.414795 | Q129: 44.394951 | R129: 44.031345 | S129: 44.683064 | T129: 44.4818 | U129: 43.499863 | V129: 44.885181 | W129: 45.034786 | X129: 46.084042 | Y129: 45.521358 | Z129: 45.512741 | AA129: 44.658882 | AB129: 43.603119 | AC129: 42.938549 | AD129: 42.136494 | AE129: 41.104961 | AG129: =AVERAGE($R129:$AB129) -> 44.726926
A130: Sierra Leone | B130: SLE | F130: 46.00285 | G130: 46.363731 | H130: 46.074306 | I130: 47.169468 | J130: 46.757156 | K130: 46.655277 | L130: 47.941509 | M130: 48.599998 | N130: 48.69252 | O130: 48.044304 | P130: 46.51231 | Q130: 45.604183 | R130: 45.967194 | S130: 45.454044 | T130: 44.595684 | U130: 44.797764 | V130: 45.210793 | W130: 44.968811 | X130: 44.475857 | Y130: 43.596832 | Z130: 41.347038 | AA130: 40.162979 | AB130: 43.757156 | AC130: 43.995605 | AD130: 42.697021 | AE130: 41.743336 | AG130: =AVERAGE($R130:$AB130) -> 44.030377
... A133: Slovenia | B133: SVN | F133: 28.836803 | G133: 28.191984 | H133: 27.372505 | I133: 27.271509 | J133: 27.050983 | K133: 27.056652 | L133: 26.953182 | M133: 27.1 | N133: 26.867487 | O133: 26.614838 | P133: 26.38064 | Q133: 26.348568 | R133: 26.271372 | S133: 25.726627 | T133: 24.728077 | U133: 24.477728 | V133: 26.098568 | W133: 26.499781 | X133: 26.706371 | Y133: 26.796591 | Z133: 26.750141 | AA133: 26.193329 | AB133: 26.024403 | AC133: 25.658232 | AD133: 24.841688 | AE133: 24.425432 | AG133: =AVERAGE($R133:$AB133) -> 26.024817
A134: Solomon Islands | B134: SLB | F134: 32.450333 | G134: 30.971777 | H134: 30.866493 | I134: 31.146828 | J134: 31.172483 | K134: 30.687529 | L134: 31.165668 | M134: 33.400002 | N134: 34.230568 | O134: 34.464588 | P134: 33.998814 | Q134: 33.789886 | R134: 33.649052 | S134: 33.911316 | T134: 33.48045 | U134: 32.858067 | V134: 33.935703 | W134: 33.708805 | X134: 31.553896 | Y134: 31.421627 | Z134: 31.546904 | AA134: 31.774366 | AB134: 31.875137 | AC134: 31.793097 | AG134: =AVERAGE($R134:$AB134) -> 32.701393
A135: South Africa | B135: ZAF | F135: 29.567928 | G135: 29.111025 | H135: 28.009424 | I135: 28.240095 | J135: 28.560904 | K135: 28.79694 | L135: 28.594652 | M135: 28.4 | N135: 28.288116 | O135: 28.409792 | P135: 28.372868 | Q135: 28.021168 | R135: 27.784208 | S135: 26.935677 | T135: 26.410719 | U135: 26.6231 | V135: 27.51264 | W135: 27.69915 | X135: 27.378632 | Y135: 27.575691 | Z135: 27.526598 | AA135: 27.725803 | AB135: 27.669252 | AC135: 28.01376 | AD135: 28.075172 | AE135: 28.280643 | AG135: =AVERAGE($R135:$AB135) -> 27.349225
A136: Spain | B136: ESP | F136: 25.053364 | G136: 24.826555 | H136: 24.608465 | I136: 24.26166 | J136: 23.886709 | K136: 23.524792 | L136: 23.12566 | M136: 22.700001 | N136: 22.308287 | O136: 22.240376 | P136: 22.176018 | Q136: 22.373041 | R136: 22.148415 | S136: 22.214155 | T136: 22.095076 | U136: 22.557337 | V136: 23.580841 | W136: 23.643591 | X136: 23.775286 | Y136: 23.89621 | Z136: 23.973497 | AA136: 23.737595 | AB136: 23.320303 | AC136: 22.934916 | AD136: 22.571915 | AE136: 22.355961 | AG136: =AVERAGE($R136:$AB136) -> 23.176573
A137: Sri Lanka | B137: LKA | F137: 45.532261 | G137: 45.48785 | H137: 45.742123 | I137: 45.259804 | J137: 45.193691 | K137: 44.993351 | L137: 44.607937 | M137: 44.599998 | N137: 44.349876 | O137: 44.6483 | P137: 44.653305 | Q137: 45.118473 | R137: 44.727501 | S137: 44.560349 | T137: 44.086662 | U137: 44.090839 | V137: 44.436176 | W137: 41.946609 | X137: 41.350933 | Y137: 40.860054 | Z137: 40.710297 | AA137: 40.156052 | AB137: 40.20237 | AC137: 39.878101 | AD137: 39.986912 | AE137: 40.168221 | AG137: =AVERAGE($R137:$AB137) -> 42.466167
A138: Suriname | B138: SUR | F138: 41.098763 | G138: 39.730549 | H138: 41.17614 | I138: 40.541412 | J138: 40.680645 | K138: 40.9305 | L138: 39.131809 | M138: 39.799999 | N138: 39.140984 | O138: 39.181747 | P138: 39.550064 | Q138: 38.19677 | R138: 37.454765 | S138: 37.805271 | T138: 36.772774 | U138: 36.435436 | V138: 36.832333 | W138: 36.445023 | X138: 35.88615 | Y138: 35.659229 | Z138: 35.370434 | AA138: 35.664547 | AB138: 36.618484 | AC138: 37.14854 | AD138: 37.410568 | AE138: 37.380516 | AG138: =AVERAGE($R138:$AB138) -> 36.449495
A139: Sweden | B139: SWE | F139: 21.730503 | G139: 21.218548 | H139: 20.650862 | I139: 20.803724 | J139: 20.466722 | K139: 20.161205 | L139: 19.886864 | M139: 19.200001 | N139: 19.119335 | O139: 19.315529 | P139: 19.336308 | Q139: 18.903498 | R139: 19.137175 | S139: 18.890261 | T139: 18.202194 | U139: 18.526814 | V139: 19.410194 | W139: 18.824812 | X139: 18.651821 | Y139: 19.097034 | Z139: 19.338577 | AA139: 19.319408 | AB139: 18.938587 | AC139: 19.123175 | AD139: 18.834776 | AE139: 18.737398 | AG139: =AVERAGE($R139:$AB139) -> 18.939716
A140: Switzerland | B140: CHE | F140: 9.344286 | G140: 9.3301353 | H140: 9.2390938 | I140: 9.4004488 | J140: 9.2015209 | K140: 8.9247799 | L140: 8.8300724 | M140: 8.6000004 | N140: 8.6058254 | O140: 8.8239679 | P140: 9.1280727 | Q140: 8.8084955 | R140: 8.8243494 | S140: 8.3598442 | T140: 8.0653944 | U140: 8.0664148 | V140: 8.5917797 | W140: 8.5294733 | X140: 8.4923811 | Y140: 8.5707436 | Z140: 8.6257677 | AA140: 8.4641323 | AB140: 8.5084343 | AC140: 8.516037 | AD140: 8.4596682 | AE140: 8.2989779 | AG140: =AVERAGE($R140:$AB140) -> 8.4635195
A141: Syrian Arab Republic | B141: SYR | F141: 19.421669 | G141: 19.237274 | H141: 19.065912 | I141: 18.756756 | J141: 18.700981 | K141: 18.40678 | L141: 18.681322 | M141: 19.299999 | N141: 19.448767 | O141: 19.236429 | P141: 19.714516 | Q141: 20.014725 | R141: 19.371078 | S141: 18.513624 | T141: 18.541891 | U141: 18.344099 | V141: 18.06254 | W141: 18.076979 | X141: 18.689697 | Y141: 20.077383 | Z141: 21.146355 | AA141: 20.961504 | AB141: 19.759985 | AC141: 19.873941 | AD141: 19.82172 | AE141: 19.742767 | AG141: =AVERAGE($R141:$AB141) -> 19.231376
A142: Tajikistan | B142: TJK | F142: 43.826 | G142: 43.73296 | H142: 44.157463 | I142: 44.923576 | J142: 44.926933 | K142: 43.83979 | L142: 43.818573 | M142: 43.200001 | N142: 43.143494 | O142: 43.140987 | P142: 42.496895 | Q142: 42.580345 | R142: 42.989471 | S142: 42.035275 | T142: 41.433556 | U142: 40.968384 | V142: 41.616661 | W142: 41.001122 | X142: 41.096252 | Y142: 40.489788 | Z142: 40.556065 | AA142: 39.864971 | AB142: 39.887173 | AC142: 39.682575 | AD142: 40.07761 | AE142: 38.740318 | AG142: =AVERAGE($R142:$AB142) -> 41.085338
A143: Tanzania | B143: TZA | F143: 62.293701 | G143: 61.704395 | H143: 60.263157 | I143: 60.5989 | J143: 58.99091 | K143: 58.650795 | L143: 58.241604 | M143: 58.299999 | N143: 58.116589 | O143: 57.421387 | P143: 57.588634 | Q143: 57.577164 | R143: 57.02219 | S143: 57.468735 | T143: 56.557217 | U143: 56.258709 | V143: 56.685768 | W143: 55.995575 | X143: 55.753754 | Y143: 55.827415 | Z143: 55.278378 | AA143: 54.805252 | AB143: 54.356365 | AC143: 53.523624 | AD143: 53.175873 | AE143: 54.100403 | AG143: =AVERAGE($R143:$AB143) -> 56.000851
A144: Thailand | B144: THA | F144: 51.533199 | G144: 51.098671 | H144: 50.744904 | I144: 50.876331 | J144: 51.347076 | K144: 53.669437 | L144: 53.285019 | M144: 52.599998 | N144: 52.362919 | O144: 51.366203 | P144: 50.538952 | Q144: 50.407223 | R144: 50.008247 | S144: 49.408352 | T144: 49.495392 | U144: 50.012512 | V144: 50.743435 | W144: 50.11985 | X144: 50.00877 | Y144: 49.458748 | Z144: 49.187191 | AA144: 49.164574 | AB144: 48.94437 | AC144: 48.661877 | AD144: 48.02042 | AE144: 47.630985 | AG144: =AVERAGE($R144:$AB144) -> 49.686495
A145: Togo | B145: TGO | F145: 38.783356 | G145: 36.46944 | H145: 36.04567 | I145: 34.982548 | J145: 33.733692 | K145: 34.688526 | L145: 34.703087 | M145: 35.099998 | N145: 35.573677 | O145: 35.705345 | P145: 35.565147 | Q145: 35.823742 | R145: 36.127541 | S145: 36.096893 | T145: 35.890022 | U145: 36.393517 | V145: 35.395977 | W145: 34.773762 | X145: 34.534901 | Y145: 34.643661 | Z145: 34.341831 | AA145: 34.234619 | AB145: 34.135216 | AC145: 33.494282 | AD145: 33.505566 | AE145: 33.01001 | AG145: =AVERAGE($R145:$AB145) -> 35.14254
A146: Trinidad and Tobago | B146: TTO | F146: 37.526268 | G146: 36.830032 | H146: 36.921284 | I146: 37.225098 | J146: 36.572735 | K146: 35.762066 | L146: 35.486431 | M146: 34.400002 | N146: 34.779915 | O146: 34.573887 | P146: 33.74855 | Q146: 33.379364 | R146: 33.297676 | S146: 32.640305 | T146: 32.110622 | U146: 31.705086 | V146: 33.1423 | W146: 32.836792 | X146: 32.341019 | Y146: 32.391277 | Z146: 32.315311 | AA146: 32.607681 | AB146: 32.70578 | AC146: 33.109573 | AD146: 33.135544 | AE146: 33.279602 | AG146: =AVERAGE($R146:$AB146) -> 32.553986
... A159: Zimbabwe | B159: ZWE | F159: 59.386307 | G159: 58.190407 | H159: 58.909702 | I159: 57.311012 | J159: 57.598072 | K159: 56.975769 | L159: 57.400249 | M159: 59.400002 | N159: 57.381802 | O159: 58.442608 | P159: 60.338001 | Q159: 61.249111 | R159: 61.399235 | S159: 60.381172 | T159: 60.31741 | U159: 62.220551 | V159: 63.295959 | W159: 62.394997 | X159: 61.752216 | Y159: 60.489265 | Z159: 60.143707 | AA159: 60.275253 | AB159: 60.070038 | AC159: 59.994133 | AD159: 60.103474 | AE159: 58.677006 | AG159: =AVERAGE($R159:$AB159) -> 61.158164

Sheet Sheet1
B4: Economy | C4: Bangladesh | D4: Bangladesh
B5: Code | C5: BGD | D5: BGD
B6: 1990 | D6: 42.95211
B7: 1991 | D7: 42.664642
B8: 1992 | D8: 42.45015
B9: 1993 | C9: 36.670769 | D9: 42.107204
B10: 1994 | C10: 36.484997 | D10: 41.800095
B11: 1995 | C11: 36.079762 | D11: 41.484585
B12: 1996 | C12: 35.634632 | D12: 41.130989
B13: 1997 | C13: 35.429028 | D13: 40.773449
B14: 1998 | C14: 35.365761 | D14: 40.172474
B15: 1999 | C15: 35.496166 | D15: 39.560257
B16: 2000 | C16: 35.599998 | D16: 38.955914
B17: 2001 | C17: 35.585888 | D17: 38.389839
B18: 2002 | C18: 36.180836 | D18: 37.765057
B19: 2003 | C19: 36.863773 | D19: 37.09893
B20: 2004 | C20: 37.21397 | D20: 36.318214
... B34: 2018 | C34: 34.653992 | D34: 26.998659

Sheet SEMP_p
A1: Economy | B1: Code | C1: 1990 | D1: 1991 | E1: 1992 | F1: 1993 | G1: 1994 | H1: 1995 | I1: 1996 | J1: 1997 | K1: 1998 | L1: 1999 | M1: 2000 | N1: 2001 | O1: 2002 | P1: 2003 | Q1: 2004 | R1: 2005 | S1: 2006 | T1: 2007 | U1: 2008 | V1: 2009 | W1: 2010 | X1: 2011 | Y1: 2012 | Z1: 2013 | AA1: 2014 | AB1: 2015 | AC1: 2016 | AD1: 2017 | AE1: 2018 | AG1: avg 2005-2015
A2: Albania | B2: ALB | O2: 65.301247 | P2: 66.666664 | Q2: 66.136833 | R2: 57.190403 | T2: 65.400002 | U2: 59.599998 | V2: 58.599998 | W2: 56.200001 | X2: 60.099998 | Y2: 62.900002 | Z2: 59.799999 | AA2: 58.400002 | AB2: 59 | AC2: 58.799999 | AD2: 55.900002 | AE2: 55.5 | AG2: =AVERAGE($R2:$AB2) -> 59.71904
A3: Algeria | B3: DZA | P3: 34.999977 | Q3: 39.897957 | R3: 34.374931 | S3: 39.900307 | T3: 34.969978 | U3: 34.248222 | V3: 34.153294 | W3: 33.394966 | X3: 32.972183 | Y3: 30.471977 | Z3: 31.034483 | AA3: 29.065338 | AB3: 30.17746 | AG3: =AVERAGE($R3:$AB3) -> 33.160285
A4: Angola | B4: AGO | V4: 79.199997 | AA4: 56.996838 | AG4: =AVERAGE($R4:$AB4) -> 68.098417
A5: Antigua and Barbuda | B5: ATG | D5: 18.6 | N5: 11.7 | AG5: =AVERAGE($R5:$AB5) -> #DIV/0!
A6: Argentina | B6: ARG | C6: 31 | D6: 29.700001 | E6: 29.799999 | F6: 31.200001 | G6: 29.799999 | H6: 29.4 | I6: 29.200001 | J6: 28.200001 | K6: 27.799999 | L6: 27.6 | M6: 27.6 | N6: 28.200001 | O6: 28.299999 | P6: 26.299999 | Q6: 25.9 | R6: 25.5 | S6: 24.200001 | T6: 23.6 | U6: 23.700001 | V6: 24 | W6: 23.6 | X6: 23.1 | Y6: 23 | Z6: 24.700001 | AA6: 21.241369 | AB6: 21.651369 | AC6: 22.297369 | AD6: 21.905371 | AG6: =AVERAGE($R6:$AB6) -> 23.481158
A7: Armenia | B7: ARM | J7: 42.603119 | K7: 44.948776 | L7: 46.156216 | M7: 47.178524 | N7: 35.099922 | O7: 49.963848 | P7: 51.119537 | Q7: 52.371269 | R7: 51.785389 | S7: 51.162579 | T7: 41.799999 | U7: 29.799999 | V7: 25.700001 | W7: 28 | X7: 30.4 | Y7: 29 | Z7: 42.799999 | AA7: 44.200001 | AB7: 42.799999 | AC7: 42 | AD7: 40.400002 | AE7: 37.400002 | AG7: =AVERAGE($R7:$AB7) -> 37.949815
A8: Aruba | B8: ABW | D8: 7.6999998 | J8: 0.48192772 | M8: 10 | T8: 8.8999996 | W8: 9.8000002 | AG8: =AVERAGE($R8:$AB8) -> 9.3499999
A9: Australia | B9: AUS | C9: 14.43366 | D9: 14.94005 | E9: 15.03843 | F9: 15.35481 | G9: 14.87992 | H9: 14.55846 | I9: 14.23104 | J9: 14.17805 | K9: 13.68025 | L9: 13.66896 | M9: 13.52428 | N9: 13.36004 | O9: 13.49648 | P9: 13.12908 | Q9: 12.79167 | R9: 12.59697 | S9: 12.08922 | T9: 11.68755 | U9: 11.47017 | V9: 11.52073 | W9: 11.51698 | X9: 11.07515 | Y9: 10.3881 | Z9: 10.11097 | AA9: 10.20161 | AB9: 10.31022 | AC9: 10.07958 | AD9: 9.9490805 | AE9: 9.6467228 | AG9: =AVERAGE($R9:$AB9) -> 11.178879
A10: Austria | B10: AUT | C10: 14.2 | D10: 13.9 | E10: 13.4 | F10: 13.1 | G10: 13.8 | H10: 14.3 | I10: 14.4 | J10: 13.9 | K10: 13.8 | L10: 13.7 | M10: 13.5 | N10: 13.4 | O10: 13.5 | P10: 13 | Q10: 12.5 | R10: 13 | S10: 13 | T10: 13.7 | U10: 13.5 | V10: 13.6 | W10: 13.8 | X10: 13.3 | Y10: 13.1 | Z10: 13.2 | AA10: 13.3 | AB10: 12.997783 | AC10: 12.721543 | AD10: 12.37736 | AE10: 12.0056 | AG10: =AVERAGE($R10:$AB10) -> 13.31798
A11: Azerbaijan | B11: AZE | P11: 67.300003 | Q11: 66.800003 | R11: 66.199997 | S11: 59 | T11: 58.200001 | U11: 57.599998 | V11: 67.599998 | W11: 68.099998 | X11: 66.800003 | Y11: 66.699997 | Z11: 66.5 | AA11: 56.990158 | AG11: =AVERAGE($R11:$AB11) -> 63.369015
A12: Bahamas, The | B12: BHS | D12: 12.3 | E12: 13.1 | F12: 13 | G12: 14.3 | H12: 14.3 | I12: 16.5 | J12: 14.9 | K12: 14.8 | L12: 15.9 | N12: 13.9 | O12: 15.4 | P12: 14.3 | Q12: 15 | U12: 13.4 | V12: 13.371356 | X12: 14.2 | AG12: =AVERAGE($R12:$AB12) -> 13.657118
A13: Bahrain | B13: BHR | D13: 6.6963005 | N13: 1.5785861 | O13: 4.1999998 | P13: 4.0999999 | Q13: 4.3000002 | R13: 4 | S13: 4.0999999 | T13: 3.9000001 | U13: 3.8 | V13: 3.7 | W13: 3.8 | X13: 4.2427092 | Y13: 4.5940161 | Z13: 5.179399 | AA13: 5.6747518 | AB13: 5.3443127 | AC13: 4.3859625 | AD13: 2.8388834 | AE13: 2.1909134 | AG13: =AVERAGE($R13:$AB13) -> 4.3941081
A14: Bangladesh | B14: BGD | I14: 69.699997 | M14: 69 | P14: 83.5 | R14: 63.924049 | V14: 60.784313 | W14: 62.700001 | X14: 60.400002 | AD14: 55.799999 | AG14: =AVERAGE($R14:$AB14) -> 61.952091
A15: Barbados | B15: BRB | C15: 12.5 | D15: 12.7 | E15: 13 | F15: 14.2 | G15: 13 | H15: 12.7 | I15: 12.7 | J15: 12 | K15: 12.5 | L15: 14 | M15: 12.7 | N15: 14.1 | O15: 14.1 | P15: 14.4 | Q15: 15.2 | Z15: 16.700001 | AG15: =AVERAGE($R15:$AB15) -> 16.700001
A16: Belarus | B16: BLR | V16: 3.0999999 | X16: 0 | Y16: 0 | Z16: 0 | AC16: 4.0999999 | AD16: 4.4000001 | AE16: 4.1999998 | AG16: =AVERAGE($R16:$AB16) -> 0.77499998
A17: Belgium | B17: BEL | C17: 18.11594 | D17: 18.31325 | E17: 18.422541 | F17: 18.8967 | G17: 18.85001 | H17: 18.81023 | I17: 18.825069 | J17: 18.603479 | K17: 18.176571 | L17: 16.48303 | M17: 15.81127 | N17: 15.15241 | O17: 15.39378 | P17: 14.98019 | Q17: 14.93555 | R17: 15.22929 | S17: 15.07455 | T17: 14.82498 | U17: 14.22555 | V17: 14.79969 | W17: 14.36098 | X17: 14.30108 | Y17: 14.34548 | Z17: 15.07902 | AA17: 14.61302 | AB17: 15.1781 | AC17: 14.83583 | AD17: 14.29295 | AE17: 14.029 | AG17: =AVERAGE($R17:$AB17) -> 14.730158
A18: Belize | B18: BLZ | F18: 29.4 | G18: 30.4 | H18: 31.6 | I18: 34 | J18: 35.400002 | K18: 33.200001 | L18: 34.900002 | R18: 30.6 | Z18: 30.509377 | AA18: 27.213051 | AB18: 29.25996 | AG18: =AVERAGE($R18:$AB18) -> 29.395597
A19: Benin | B19: BEN | P19: 89.900002 | W19: 88.900002 | AG19: =AVERAGE($R19:$AB19) -> 88.900002
A20: Bermuda | B20: BMU | V20: 13.2 | W20: 9.6999998 | Y20: 17.5 | AG20: =AVERAGE($R20:$AB20) -> 13.466667
A21: Bhutan | B21: BTN | Q21: 72.800003 | R21: 60.503956 | V21: 74.448357 | W21: 69.305077 | X21: 71.763977 | Y21: 72.099998 | Z21: 71.900002 | AA21: 73.300003 | AB21: 74.264359 | AC21: 74.300003 | AE21: 69.900002 | AG21: =AVERAGE($R21:$AB21) -> 70.948216
A22: Bolivia | B22: BOL | C22: 43.099998 | D22: 43.5 | E22: 44.599998 | F22: 43.799999 | G22: 45.799999 | H22: 48.299999 | I22: 50.599998 | J22: 52.900002 | L22: 69.199997 | M22: 68.400002 | N22: 67.5 | O22: 68.5 | P22: 64 | Q22: 64 | R22: 65.199997 | S22: 65.400002 | T22: 62.700001 | U22: 62.900002 | V22: 59.799999 | X22: 64.699997 | Y22: 63.200001 | Z22: 64.599998 | AA22: 67 | AB22: 64.099998 | AG22: =AVERAGE($R22:$AB22) -> 63.959999
A23: Bosnia and Herzegovina | B23: BIH | N23: 15.726637 | O23: 26.391825 | P23: 27.518427 | Q23: 29.700001 | S23: 27.5 | T23: 26.9 | U23: 27.5 | V23: 27.200001 | W23: 26.6 | X23: 25.200001 | Y23: 27.4 | Z23: 25.299999 | AA23: 23 | AB23: 24.200001 | AC23: 24.4 | AD23: 24.6 | AE23: 21.4 | AG23: =AVERAGE($R23:$AB23) -> 26.08
A24: Botswana | B24: BWA | G24: 33.799999 | K24: 15.797824 | M24: 17.107985 | N24: 13.601959 | P24: 2.249135 | S24: 39.5 | T24: 27.471766 | U24: 32.316368 | V24: 28.920336 | W24: 15.6 | X24: 35.256618 | Z24: 13.008469 | AG24: =AVERAGE($R24:$AB24) -> 27.43908
A25: Brazil | B25: BRA | C25: 34.200001 | E25: 39.400002 | F25: 39.200001 | H25: 39.900002 | I25: 38.299999 | J25: 29.104298 | M25: 30.299999 | N25: 37.117882 | O25: 37.198978 | P25: 37.204441 | Q25: 36.554951 | R25: 36.585732 | S25: 35.810989 | T25: 34.741001 | U25: 33.787849 | V25: 33.279839 | X25: 31.616249 | Y25: 31.223169 | Z25: 31.15304 | AA25: 32.27552 | AB25: 32.941029 | AC25: 31.717039 | AD25: 32.290241 | AE25: 32.49297 | AG25: =AVERAGE($R25:$AB25) -> 33.341442
A26: Brunei Darussalam | B26: BRN | D26: 5.0999999 | AG26: =AVERAGE($R26:$AB26) -> #DIV/0!
A27: Bulgaria | B27: BGR | H27: 21.326649 | J27: 17.323557 | M27: 16.299999 | N27: 15.1 | O27: 15.1 | P27: 15.9 | Q27: 15.8 | R27: 14 | S27: 13.1 | T27: 12.4 | U27: 12.4 | V27: 12.5 | W27: 12.8 | X27: 12.1 | Y27: 11.6 | Z27: 12.1 | AA27: 12.5 | AB27: 12.040087 | AC27: 11.097196 | AD27: 12.168286 | AE27: 11.47952 | AG27: =AVERAGE($R27:$AB27) -> 12.503644
A28: Burkina Faso | B28: BFA | G28: 95.5 | P28: 94.300003 | S28: 90.400002 | AG28: =AVERAGE($R28:$AB28) -> 90.400002
A29: Burundi | B29: BDI | K29: 94.199997 | P29: 93.864555 | Q29: 94.699997 | R29: 93.900002 | S29: 93.900002 | T29: 93.900002 | U29: 90.300003 | V29: 93.900002 | W29: 93.900002 | AG29: =AVERAGE($R29:$AB29) -> 93.300002
A30: Cabo Verde | B30: CPV | M30: 42.099998 | AG30: =AVERAGE($R30:$AB30) -> #DIV/0!
A31: Cambodia | B31: KHM | M31: 84.699997 | N31: 83.699997 | Q31: 80.099998 | T31: 77 | U31: 82.699997 | V31: 73 | W31: 70 | X31: 68.5 | Y31: 64.099998 | Z31: 59.400002 | AA31: 55.400002 | AB31: 51.099998 | AC31: 49.700001 | AD31: 48.900002 | AG31: =AVERAGE($R31:$AB31) -> 66.8
A32: Cameroon | B32: CMR | I32: 83.599998 | N32: 77.5 | R32: 84 | W32: 76.900002 | AG32: =AVERAGE($R32:$AB32) -> 80.450001
A33: Canada | B33: CAN | C33: 9.4739637 | D33: 9.816947 | E33: 10.12966 | F33: 10.66151 | G33: 10.74376 | H33: 10.5766 | I33: 11.10198 | J33: 11.39686 | K33: 11.76336 | L33: 11.304 | M33: 10.6117 | N33: 9.8939886 | O33: 9.8140612 | P33: 9.8296118 | Q33: 9.4841194 | R33: 9.4383879 | S33: 9.187006 | T33: 9.3074942 | U33: 9.2056484 | V33: 9.5345325 | W33: 9.2812824 | X33: 9.0313978 | Y33: 8.8897896 | Z33: 8.8304243 | AA33: 8.7567873 | AB33: 8.6244707 | AC33: 8.5796938 | AD33: 8.3447361 | AE33: 8.2760134 | AG33: =AVERAGE($R33:$AB33) -> 9.0988383
A34: Cayman Islands | B34: CYM | S34: 10.2 | T34: 7.5999999 | U34: 8.6999998 | W34: 3.2163742 | X34: 8.1999998 | Y34: 8.1000004 | Z34: 8.5 | AA34: 5.570292 | AG34: =AVERAGE($R34:$AB34) -> 7.5108332
A35: Chad | B35: TCD | F35: 93.900002 | AG35: =AVERAGE($R35:$AB35) -> #DIV/0!
A36: Chile | B36: CHL | C36: 25.200001 | D36: 27.5 | E36: 25 | F36: 27.1 | G36: 24.799999 | H36: 27.6 | I36: 28.90737 | J36: 29.141701 | K36: 29.447001 | L36: 30.447769 | M36: 29.835291 | N36: 30.22267 | O36: 30.284309 | P36: 31.490471 | Q36: 30.98666 | R36: 30.37952 | S36: 29.012671 | T36: 28.052191 | U36: 26.84841 | V36: 27.674379 | W36: 26.490061 | X36: 26.377819 | Y36: 25.07678 | Z36: 25.42318 | AA36: 25.87232 | AB36: 25.64893 | AC36: 26.474001 | AD36: 27.43214 | AE36: 27.113911 | AG36: =AVERAGE($R36:$AB36) -> 26.986933
A37: China | B37: CHN | C37: 3.2510154 | H37: 6.7788143 | I37: 7.2762871 | J37: 7.7941852 | K37: 8.6560869 | L37: 8.7414913 | M37: 7.0333633 | N37: 6.5391431 | O37: 6.4722981 | P37: 6.2879734 | Q37: 6.1767478 | R37: 6.564899 | S37: 6.8816185 | T37: 7.2970352 | U37: 7.644381 | V37: 8.6846552 | W37: 9.2078047 | X37: 10.396886 | Y37: 11.248827 | Z37: 12.127909 | AA37: 13.701216 | AB37: 15.083343 | AC37: 16.574102 | AD37: 18.322128 | AE37: 20.67074 | AG37: =AVERAGE($R37:$AB37) -> 9.8944158
A38: Colombia | B38: COL | E38: 32.299999 | F38: 31.6 | G38: 30.4 | H38: 33.799999 | I38: 33.5 | J38: 35.099998 | K38: 35.900002 | L38: 38.599998 | M38: 47.799999 | N38: 52 | O38: 51.599998 | P38: 49.700001 | Q38: 50.900002 | R38: 50.700001 | S38: 49.200001 | T38: 46.54213 | U38: 51.146381 | V38: 53.475632 | W38: 54.391281 | X38: 54.976589 | Y38: 54.24123 | Z38: 53.255989 | AA38: 52.376659 | AB38: 51.837662 | AC38: 51.793968 | AD38: 51.923931 | AE38: 52.088181 | AG38: =AVERAGE($R38:$AB38) -> 52.01305
A39: Congo, Rep. | B39: COG | R39: 76.199997 | AG39: =AVERAGE($R39:$AB39) -> 76.199997
A40: Costa Rica | B40: CRI | C40: 30 | D40: 30.4 | E40: 28.1 | F40: 28.1 | G40: 28.1 | H40: 28.6 | I40: 28.799999 | J40: 30.1 | K40: 29.1 | L40: 29 | M40: 29.200001 | N40: 31.200001 | O40: 31.700001 | P40: 30.5 | Q40: 31.200001 | R40: 28.6 | S40: 29.299999 | T40: 27 | U40: 27.1 | V40: 27.299999 | W40: 23.6329 | X40: 22.164709 | Y40: 22.742689 | Z40: 25.501419 | AA40: 24.4006 | AB40: 24.31303 | AC40: 23.440559 | AD40: 24.31155 | AE40: 25.128981 | AG40: =AVERAGE($R40:$AB40) -> 25.641395
A41: Cote d'Ivoire | B41: CIV | O41: 76.300003 | Y41: 80.5 | AG41: =AVERAGE($R41:$AB41) -> 80.5
A42: Croatia | B42: HRV | I42: 28.6 | J42: 25.9 | K42: 24.700001 | L42: 24.799999 | M42: 23.9 | N42: 24.299999 | O42: 24.1 | P42: 24.4 | Q42: 24.1 | R42: 24.9 | S42: 23 | T42: 20.799999 | U42: 20.9 | V42: 20.9 | W42: 21.799999 | X42: 21.799999 | Y42: 19.700001 | Z42: 18.1 | AA42: 15.6 | AB42: 13.823098 | AC42: 11.78348 | AD42: 10.455396 | AE42: 10.158263 | AG42: =AVERAGE($R42:$AB42) -> 20.120281
A43: Cuba | B43: CUB | H43: 16 | I43: 15.7 | J43: 16.4 | K43: 17.299999 | L43: 18.5 | M43: 19 | N43: 19.9 | O43: 19.799999 | P43: 20.299999 | Q43: 20.200001 | R43: 19.6 | S43: 18 | T43: 16.9 | U43: 16.700001 | V43: 16.200001 | W43: 16.200001 | X43: 22.700001 | AG43: =AVERAGE($R43:$AB43) -> 18.042858
A44: Cyprus | B44: CYP | L44: 23.5 | M44: 24.200001 | N44: 23.700001 | O44: 23 | P44: 23.700001 | Q44: 23.700001 | R44: 23.200001 | S44: 21.5 | T44: 20.299999 | U44: 19.9 | V44: 19.799999 | W44: 18.6 | X44: 17.9 | Y44: 16.6 | Z44: 17.6 | AA44: 17.9 | AB44: 15.636289 | AC44: 14.815185 | AD44: 14.049392 | AE44: 14.366168 | AG44: =AVERAGE($R44:$AB44) -> 18.994208
A45: Czech Republic | B45: CZE | F45: 9.4352245 | G45: 10.59902 | H45: 11.9835 | I45: 12.25639 | J45: 12.42822 | K45: 13.75398 | L45: 14.52693 | M45: 15.14261 | N45: 15.22873 | O45: 16.105579 | P45: 17.252689 | Q45: 16.87862 | R45: 16.020069 | S45: 16.137899 | T45: 16.172291 | U45: 16.121941 | V45: 16.766899 | W45: 17.724779 | X45: 18.050051 | Y45: 18.414721 | Z45: 17.862301 | AA45: 17.99239 | AB45: 17.339199 | AC45: 17.15943 | AD45: 17.11919 | AE45: 16.94207 | AG45: =AVERAGE($R45:$AB45) -> 17.145685
A46: Denmark | B46: DNK | C46: 11.4048 | D46: 10.83071 | E46: 10.73731 | F46: 10.75227 | G46: 9.8265667 | H46: 9.5388165 | I46: 9.3148079 | J46: 9.4143972 | K46: 9.6435204 | L46: 8.9323978 | M46: 8.6076412 | N46: 9.1559629 | O46: 9.2799263 | P46: 9.0889673 | Q46: 9.0330887 | R46: 8.9485722 | S46: 9.1146393 | T46: 9.0113068 | U46: 8.8448963 | V46: 9.3468571 | W46: 9.1042624 | X46: 9.1130247 | Y46: 9.1244678 | Z46: 9.0227842 | AA46: 8.8767099 | AB46: 8.6500731 | AC46: 9.0625772 | AD46: 8.2364225 | AE46: 8.0763264 | AG46: =AVERAGE($R46:$AB46) -> 9.0143267
A47: Djibouti | B47: DJI | I47: 42.400002 | AG47: =AVERAGE($R47:$AB47) -> #DIV/0!
A48: Dominica | B48: DMA | D48: 36.400002 | J48: 33.799999 | L48: 40.5 | N48: 30.9 | AG48: =AVERAGE($R48:$AB48) -> #DIV/0!
A49: Dominican Republic | B49: DOM | D49: 42.599998 | E49: 44.299999 | F49: 42.299999 | G49: 39.799999 | H49: 41.700001 | I49: 44.900002 | J49: 46.099998 | K49: 46.799999 | L49: 48 | M49: 43.700001 | N49: 45.099998 | O49: 46.099998 | P49: 45.900002 | Q49: 44.900002 | R49: 47.299999 | S49: 46.900002 | T49: 46.400002 | U49: 48.299999 | V49: 48.700001 | W49: 40.299999 | X49: 48.599998 | Y49: 47.900002 | Z49: 45.5 | AA49: 43.273033 | AB49: 42.35503 | AC49: 38.476028 | AD49: 36.92403 | AG49: =AVERAGE($R49:$AB49) -> 45.957097
A50: Ecuador | B50: ECU | C50: 41.099998 | D50: 40.700001 | E50: 44 | F50: 43.299999 | G50: 42 | H50: 41.900002 | I50: 42.700001 | J50: 40.799999 | K50: 41.400002 | L50: 40.700001 | M50: 46.700001 | N50: 49.5 | P50: 46 | Q50: 50.200001 | R50: 47.700001 | S50: 48.200001 | T50: 46.900002 | U50: 45.099998 | V50: 46.599998 | W50: 45.200001 | X50: 47.400002 | Y50: 54.900002 | Z50: 43.200001 | AA50: 43.641998 | AB50: 44.488998 | AC50: 46.380001 | AD50: 46.026001 | AG50: =AVERAGE($R50:$AB50) -> 46.666455
A51: Egypt, Arab Rep. | B51: EGY | F51: 44.200001 | G51: 43.599998 | H51: 42.900002 | J51: 40 | K51: 40.200001 | L51: 38.900002 | M51: 40.099998 | N51: 38.5 | O51: 39.799999 | P51: 42.099998 | Q51: 43.5 | R51: 40 | S51: 38.200001 | T51: 41.5 | V51: 39.400002 | W51: 37.799999 | X51: 38.799999 | Y51: 37.5 | Z51: 38.900002 | AG51: =AVERAGE($R51:$AB51) -> 39.0125
A52: El Salvador | B52: SLV | F52: 41.799999 | G52: 44.5 | H52: 43.099998 | I52: 43.099998 | J52: 42.599998 | K52: 41.099998 | L52: 39.700001 | M52: 43.099998 | N52: 43 | O52: 43.900002 | P52: 41.400002 | Q52: 40 | R52: 43.200001 | S52: 39.799999 | T52: 39.599998 | U52: 40.5 | V52: 50.200001 | W52: 41.799999 | X52: 41.700001 | Y52: 41.799999 | Z52: 41.900002 | AA52: 41.216 | AB52: 41.014999 | AC52: 41.25 | AD52: 41.678001 | AG52: =AVERAGE($R52:$AB52) -> 42.066454
A53: Estonia | B53: EST | G53: 8.065403 | H53: 6.8654022 | I53: 7.4659905 | J53: 7.901721 | K53: 8.5395384 | L53: 8.541399 | M53: 8.6917715 | N53: 8.1204338 | O53: 7.8109159 | P53: 8.749897 | Q53: 9.6020193 | R53: 7.8863206 | S53: 8.122488 | T53: 9.1305666 | U53: 7.8331561 | V53: 8.3120155 | W53: 8.4316216 | X53: 8.6915236 | Y53: 8.8047523 | Z53: 9.096735 | AA53: 9.0731668 | AB53: 9.3445234 | AC53: 9.4230328 | AD53: 10.160711 | AE53: 10.6201 | AG53: =AVERAGE($R53:$AB53) -> 8.6115336
A54: Ethiopia | B54: ETH | G54: 93.300003 | L54: 91.300003 | Q54: 48.509266 | R54: 91.800003 | S54: 52.799999 | V54: 47.599998 | W54: 48.099998 | X54: 48.900002 | Y54: 48.900002 | Z54: 89.5 | AA54: 48.880707 | AG54: =AVERAGE($R54:$AB54) -> 59.560089
A55: Fiji | B55: FJI | O55: 41.799999 | Q55: 39.5 | R55: 40.099998 | T55: 27.700001 | U55: 41.900002 | W55: 22.079489 | AG55: =AVERAGE($R55:$AB55) -> 32.944872
A56: Finland | B56: FIN | C56: 15.56358 | D56: 15.34884 | E56: 15.66485 | F56: 16.011641 | G56: 16.283621 | H56: 15.55024 | I56: 15.29023 | J56: 14.87049 | K56: 14.40128 | L56: 13.99109 | M56: 13.67096 | N56: 13.00366 | O56: 12.85961 | P56: 12.88519 | Q56: 12.74396 | R56: 12.64878 | S56: 12.87408 | T56: 12.58014 | U56: 12.80486 | V56: 13.61366 | W56: 13.39748 | X56: 13.36877 | Y56: 13.5771 | Z56: 13.4376 | AA56: 14.00041 | AB56: 14.21844 | AC56: 14.03231 | AD56: 13.17625 | AE56: 13.2061 | AG56: =AVERAGE($R56:$AB56) -> 13.32012
A57: France | B57: FRA | C57: 15.7 | D57: 15.3 | E57: 15.1 | F57: 14.2 | G57: 14.1 | H57: 13.6 | I57: 13.2 | J57: 13 | K57: 12.5 | L57: 12.2 | M57: 11.4 | N57: 10.9 | O57: 10.8 | P57: 11.41063 | Q57: 10.83319 | R57: 10.88149 | S57: 11.36335 | T57: 10.98404 | U57: 10.56143 | V57: 10.94749 | W57: 11.49214 | X57: 11.62862 | Y57: 11.44414 | Z57: 11.27241 | AA57: 11.60987 | AB57: 11.58949 | AC57: 11.8132 | AD57: 11.64117 | AE57: 11.68076 | AG57: =AVERAGE($R57:$AB57) -> 11.252225
A58: French Polynesia | B58: PYF | I58: 24 | O58: 19.4 | T58: 15.9 | AG58: =AVERAGE($R58:$AB58) -> 15.9
A59: Gabon | B59: GAB | F59: 49.299999 | R59: 54 | W59: 33.799999 | AG59: =AVERAGE($R59:$AB59) -> 43.9
A60: Gambia, The | B60: GMB | Y60: 74.599998 | AG60: =AVERAGE($R60:$AB60) -> 74.599998
A61: Georgia | B61: GEO | K61: 56 | L61: 56.700001 | M61: 62 | N61: 64.300003 | O61: 64.424751 | P61: 65.869385 | Q61: 66.214325 | R61: 65.533646 | S61: 65.335091 | T61: 63.298714 | U61: 64.205009 | V61: 63.945415 | W61: 61.85738 | X61: 57.955582 | Y61: 56.387852 | Z61: 57.222832 | AA61: 55.736546 | AB61: 53.524052 | AC61: 52.961044 | AD61: 51.658268 | AE61: 49.19136 | AG61: =AVERAGE($R61:$AB61) -> 60.454738
A62: Germany | B62: DEU | C62: 9.5900164 | D62: 9.7936716 | E62: 10.05228 | F62: 10.36998 | G62: 10.6136 | H62: 10.7071 | I62: 10.75575 | J62: 10.88487 | K62: 10.98686 | L62: 10.83724 | M62: 10.95611 | N62: 11.14835 | O62: 11.1643 | P62: 11.39746 | Q62: 12.03601 | R62: 12.36462 | S62: 12.13881 | T62: 11.99213 | U62: 11.65491 | V62: 11.59071 | W62: 11.57143 | X62: 11.66584 | Y62: 11.57279 | Z62: 11.19611 | AA62: 10.95593 | AB62: 10.75318 | AC62: 10.4246 | AD62: 10.19992 | AE62: 9.9004459 | AG62: =AVERAGE($R62:$AB62) -> 11.586951
A63: Ghana | B63: GHA | S63: 79.900002 | W63: 81.699997 | Z63: 68.700218 | AG63: =AVERAGE($R63:$AB63) -> 76.766739
A64: Greece | B64: GRC | C64: 47.636662 | D64: 46.831329 | E64: 47.393421 | F64: 46.718479 | G64: 46.735069 | H64: 46.11219 | I64: 45.718361 | J64: 45.206631 | K64: 43.7038 | L64: 42.64674 | M64: 41.815102 | N64: 39.555111 | O64: 39.02742 | P64: 38.828239 | Q64: 36.338211 | R64: 36.00238 | S64: 36.038448 | T64: 35.338131 | U64: 35.013199 | V64: 35.27346 | W64: 35.602261 | X64: 36.206169 | Y64: 36.643009 | Z64: 36.98978 | AA64: 35.96677 | AB64: 34.95676 | AC64: 34.091 | AD64: 34.069698 | AE64: 33.48267 | AG64: =AVERAGE($R64:$AB64) -> 35.820943
A65: Grenada | B65: GRD | D65: 17.799999 | I65: 27 | K65: 24 | AG65: =AVERAGE($R65:$AB65) -> #DIV/0!
A66: Guatemala | B66: GTM | G66: 49.799999 | K66: 48.799999 | M66: 49.900002 | O66: 60.700001 | P66: 55.400002 | Q66: 54.299999 | W66: 32.400002 | X66: 43 | Y66: 47.200001 | Z66: 33.400002 | AA66: 29.091999 | AB66: 29.027 | AC66: 30.216999 | AD66: 29.844999 | AE66: 30.518 | AG66: =AVERAGE($R66:$AB66) -> 35.686501
A67: Guinea | B67: GIN | V67: 90.300003 | W67: 90.300003 | X67: 90.300003 | Y67: 90.300003 | AG67: =AVERAGE($R67:$AB67) -> 90.300003
A68: Guyana | B68: GUY | E68: 47.599998 | L68: 13.364 | AG68: =AVERAGE($R68:$AB68) -> #DIV/0!
A69: Haiti | B69: HTI | C69: 79.5 | P69: 84.829483 | AG69: =AVERAGE($R69:$AB69) -> #DIV/0!
A70: Honduras | B70: HND | C70: 49.900002 | D70: 52.099998 | E70: 48.900002 | F70: 41.681 | G70: 49.299999 | H70: 50.200001 | I70: 53.900002 | J70: 53.200001 | K70: 52 | L70: 53.200001 | N70: 51.099998 | O70: 53.400002 | P70: 54 | Q70: 51.799999 | R70: 50 | S70: 52.599998 | T70: 52.400002 | U70: 51.700001 | V70: 54.200001 | W70: 55.700001 | X70: 55.433998 | Y70: 59.16 | Z70: 56.880001 | AA70: 58.367001 | AB70: 57.530998 | AC70: 54.587002 | AD70: 57.108002 | AE70: 56.870998 | AG70: =AVERAGE($R70:$AB70) -> 54.906545
A71: Hungary | B71: HUN | E71: 20.41729 | F71: 18.116711 | G71: 17.755211 | H71: 17.98601 | I71: 18.105141 | J71: 17.40959 | K71: 16.14411 | L71: 15.5665 | M71: 14.98198 | N71: 14.33843 | O71: 13.78128 | P71: 13.32645 | Q71: 14.16732 | R71: 13.69354 | S71: 12.71455 | T71: 12.46484 | U71: 12.21051 | V71: 12.61899 | W71: 12.3158 | X71: 12.14469 | Y71: 11.73443 | Z71: 11.27616 | AA71: 10.94414 | AB71: 10.84729 | AC71: 10.73788 | AD71: 10.33553 | AE71: 10.41621 | AG71: =AVERAGE($R71:$AB71) -> 12.087722
A72: Iceland | B72: ISL | D72: 20.299999 | E72: 19.299999 | F72: 18 | G72: 18.4 | H72: 18.9 | I72: 18.5 | J72: 17.5 | K72: 18.700001 | L72: 18.1 | M72: 17.700001 | N72: 17.1 | O72: 17.200001 | P72: 13.1 | Q72: 13.2 | R72: 14 | S72: 14.5 | T72: 13.6 | U72: 12.5 | V72: 11.8 | W72: 12.5 | X72: 12.4 | Y72: 12.2 | Z72: 12.4 | AA72: 12.3 | AB72: 12.017036 | AC72: 11.699627 | AD72: 11.260633 | AE72: 11.599395 | AG72: =AVERAGE($R72:$AB72) -> 12.747003
A73: India | B73: IND | C73: 85.033119 | D73: 84.869965 | E73: 85.063499 | F73: 85.199722 | G73: 85 | H73: 86.545189 | I73: 87.806908 | J73: 86.216362 | K73: 87.720528 | L73: 87.839233 | M73: 84.300003 | N73: 81.134872 | O73: 82.793938 | P73: 82.734879 | Q73: 80.604248 | R73: 84.400002 | S73: 83.842819 | T73: 83.885567 | U73: 84.145081 | V73: 83.500679 | W73: 81.900002 | X73: 78.224533 | Y73: 76.199341 | Z73: 76.626976 | AA73: 77.124687 | AB73: 75.281876 | AC73: 75.755341 | AG73: =AVERAGE($R73:$AB73) -> 80.466506
A74: Indonesia | B74: IDN | C74: 64.75013 | D74: 64.424347 | E74: 64.654312 | F74: 64.694855 | G74: 64.36702 | H74: 64.647301 | I74: 67.090515 | J74: 64.5 | K74: 67.099998 | L74: 66.900002 | M74: 67.199997 | N74: 66.699997 | O74: 67.699997 | P74: 69 | Q74: 68.099998 | R74: 66.400002 | S74: 66.099998 | T74: 66 | U74: 67.400002 | V74: 66.599998 | W74: 64.599998 | X74: 60.599998 | Y74: 53.5 | Z74: 53.5 | AA74: 49.349724 | AB74: 47.506905 | AC74: 47.980373 | AD74: 48.674656 | AE74: 49.467194 | AG74: =AVERAGE($R74:$AB74) -> 60.141511
A75: Iran, Islamic Rep. | B75: IRN | I75: 45.200001 | N75: 49.900002 | S75: 49 | T75: 48.200001 | U75: 46.799999 | V75: 46.099998 | W75: 44.599998 | X75: 43.599998 | Y75: 44.299999 | Z75: 45.299999 | AA75: 39 | AB75: 44 | AG75: =AVERAGE($R75:$AB75) -> 45.089999
A76: Iraq | B76: IRQ | S76: 34.299999 | AG76: =AVERAGE($R76:$AB76) -> 34.299999
A77: Ireland | B77: IRL | C77: 24.86529 | D77: 23.325781 | E77: 23.87879 | F77: 23.44722 | G77: 22.72053 | H77: 22.16633 | I77: 20.86113 | J77: 20.79323 | K77: 19.8389 | L77: 19.195391 | M77: 18.724421 | N77: 18.13768 | O77: 17.94035 | P77: 17.65461 | Q77: 17.664249 | R77: 17.040211 | S77: 16.23119 | T77: 16.26376 | U77: 16.765579 | V77: 17.501181 | W77: 17.21434 | X77: 16.817801 | Y77: 16.82975 | Z77: 17.01952 | AA77: 16.806829 | AB77: 16.48237 | AC77: 16.23168 | AD77: 15.4479 | AE77: 15.02403 | AG77: =AVERAGE($R77:$AB77) -> 16.815685
A78: Israel | B78: ISR | H78: 15.36068 | I78: 15.79399 | J78: 15.32535 | K78: 14.95643 | L78: 15.06398 | M78: 14.17172 | N78: 13.48002 | O78: 13.49262 | P78: 13.78676 | Q78: 13.14059 | R78: 13.10297 | S78: 13.14297 | T78: 12.67283 | U78: 12.66415 | V78: 12.87047 | W78: 12.75237 | X78: 12.64952 | Y78: 12.7 | Z78: 12.6 | AA78: 12.5 | AB78: 12.6 | AC78: 12.8 | AD78: 12.4 | AE78: 12.4 | AG78: =AVERAGE($R78:$AB78) -> 12.75048
A79: Italy | B79: ITA | C79: 28.66839 | D79: 28.55208 | E79: 28.570761 | F79: 28.92366 | G79: 29.03211 | H79: 29.32398 | I79: 29.33791 | J79: 29.13533 | K79: 28.804951 | L79: 28.36223 | M79: 28.219351 | N79: 27.877569 | O79: 27.39418 | P79: 27.24225 | Q79: 27.97183 | R79: 26.690741 | S79: 26.40744 | T79: 26.126341 | U79: 25.452299 | V79: 24.97167 | W79: 25.277719 | X79: 25.039249 | Y79: 24.908211 | Z79: 24.82163 | AA79: 24.68129 | AB79: 24.38097 | AC79: 23.936359 | AD79: 23.203039 | AE79: 22.913361 | AG79: =AVERAGE($R79:$AB79) -> 25.341596
A80: Jamaica | B80: JAM | C80: 45.459 | D80: 43.400002 | E80: 43.099998 | F80: 41.099998 | G80: 41 | H80: 39.799999 | I80: 39.900002 | J80: 39.799999 | K80: 40.400002 | L80: 40.599998 | M80: 40.599998 | N80: 40.099998 | O80: 38.299999 | P80: 38.599998 | Q80: 38.700001 | R80: 37.599998 | S80: 38.5 | T80: 36.599998 | U80: 39.599998 | V80: 41.644997 | W80: 42.288998 | X80: 39.900002 | Y80: 40.599998 | AA80: 38.348 | AG80: =AVERAGE($R80:$AB80) -> 39.453554
A81: Japan | B81: JPN | C81: 22.321779 | D81: 21.16585 | E81: 20.182819 | F81: 19.101761 | G81: 18.64249 | H81: 18.29141 | I81: 17.684469 | J81: 17.508671 | K81: 17.316111 | L81: 17.17646 | M81: 16.6141 | N81: 15.87628 | O81: 15.40203 | P81: 15.13576 | Q81: 14.94805 | R81: 14.66293 | S81: 13.77421 | T81: 13.34889 | U81: 12.9658 | V81: 12.60591 | W81: 12.19403 | X81: 11.26574 | Y81: 11.76814 | Z81: 11.507 | AA81: 11.3637 | AB81: 11.01304 | AC81: 10.51831 | AD81: 10.39723 | AE81: 10.29476 | AG81: =AVERAGE($R81:$AB81) -> 12.406308
A82: Jordan | B82: JOR | W82: 16.475 | X82: 15.725 | Y82: 15.9 | Z82: 15.15 | AA82: 14.05 | AB82: 12.625 | AC82: 13.125 | AD82: 14.8 | AE82: 12.7 | AG82: =AVERAGE($R82:$AB82) -> 14.9875
A83: Kazakhstan | B83: KAZ | N83: 42.328983 | O83: 39.927402 | P83: 39.44912 | Q83: 37.760727 | R83: 36.088692 | S83: 35.481865 | T83: 34.825909 | U83: 33.826298 | V83: 33.714603 | W83: 33.334156 | X83: 32.767178 | Y83: 31.660612 | Z83: 30.580709 | AA83: 28.206484 | AB83: 25.35688 | AC83: 25.843525 | AD83: 24.451382 | AE83: 23.95083 | AG83: =AVERAGE($R83:$AB83) -> 32.349399
A84: Kenya | B84: KEN | C84: 39.139874 | D84: 41.57835 | E84: 44.944431 | F84: 24.449001 | G84: 53.405636 | H84: 58.065102 | I84: 61.11702 | J84: 63.572704 | K84: 65.797478 | L84: 68.069763 | M84: 70.417351 | N84: 72.820999 | O84: 74.318764 | P84: 76.126434 | Q84: 77.108208 | R84: 77.914169 | S84: 78.597641 | T84: 79.139984 | U84: 80.294632 | V84: 81.066231 | W84: 81.792946 | X84: 82.189964 | Y84: 82.503998 | Z84: 82.489456 | AA84: 82.728088 | AB84: 82.845764 | AC84: 83.207985 | AG84: =AVERAGE($R84:$AB84) -> 81.05117
A85: Kiribati | B85: KIR | M85: 3.5 | R85: 7.5 | W85: 57.400002 | AG85: =AVERAGE($R85:$AB85) -> 32.450001
A86: Korea, Rep. | B86: KOR | C86: 39.451752 | D86: 37.26836 | E86: 37.343941 | F86: 37.902809 | G86: 37.130581 | H86: 36.813042 | I86: 36.700008 | J86: 36.814281 | K86: 38.32618 | L86: 37.591888 | M86: 36.920319 | N86: 36.80423 | O86: 36.101238 | P86: 34.97805 | Q86: 34.149521 | R86: 33.48394 | S86: 32.687901 | T86: 31.69054 | U86: 31.200871 | V86: 29.980511 | W86: 28.80205 | X86: 28.256849 | Y86: 28.18751 | Z86: 27.40946 | AA86: 26.79311 | AB86: 25.883011 | AC86: 25.52087 | AD86: 25.410761 | AE86: 25.12322 | AG86: =AVERAGE($R86:$AB86) -> 29.488705
A87: Kosovo | B87: XKX | Y87: 25.5 | Z87: 30.799999 | AA87: 31.799999 | AB87: 28.9 | AC87: 30 | AD87: 31.200001 | AE87: 27.4 | AG87: =AVERAGE($R87:$AB87) -> 29.25
A88: Kuwait | B88: KWT | H88: 1.8086622 | R88: 2.7 | U88: 0.7244119 | X88: 3.2 | AA88: 1.7 | AB88: 0.9733485 | AG88: =AVERAGE($R88:$AB88) -> 1.8595521
A89: Kyrgyz Republic | B89: KGZ | I89: 23.313717 | J89: 34.546917 | K89: 42.544041 | O89: 57.299999 | P89: 53.299999 | Q89: 51.5 | R89: 51.200001 | S89: 49.200001 | V89: 38.299999 | W89: 36.299999 | X89: 36.299999 | Y89: 36.700001 | Z89: 43.299999 | AA89: 40.474224 | AG89: =AVERAGE($R89:$AB89) -> 41.471778
A90: Lao PDR | B90: LAO | H90: 90.300003 | R90: 88.300003 | W90: 84.400002 | AG90: =AVERAGE($R90:$AB90) -> 86.350002
A91: Latvia | B91: LVA | I91: 14.6 | J91: 19.4 | K91: 17.3309 | L91: 16.906771 | M91: 14.85769 | N91: 15.21739 | O91: 14.06405 | P91: 12.90473 | Q91: 12.87545 | R91: 11.47221 | S91: 11.65943 | T91: 10.96979 | U91: 10.24954 | V91: 11.52449 | W91: 11.49088 | X91: 11.3397 | Y91: 11.36902 | Z91: 11.55363 | AA91: 11.54129 | AB91: 12.66914 | AC91: 12.87397 | AD91: 12.6589 | AE91: 11.51065 | AG91: =AVERAGE($R91:$AB91) -> 11.43992
A92: Lebanon | B92: LBN | Q92: 50.900002 | T92: 48.200001 | V92: 39.357624 | AE92: 40.599998 | AG92: =AVERAGE($R92:$AB92) -> 43.778812
A93: Lesotho | B93: LSO | J93: 59.626274 | L93: 69.5 | U93: 18.1 | AG93: =AVERAGE($R93:$AB93) -> 18.1
A94: Liberia | B94: LBR | T94: 82.199997 | W94: 81.699997 | AG94: =AVERAGE($R94:$AB94) -> 81.949997
A95: Lithuania | B95: LTU | K95: 19.6 | L95: 20.5 | M95: 19.700001 | N95: 20.200001 | O95: 20.799999 | P95: 20.9 | Q95: 18.799999 | R95: 17.159889 | S95: 16.991501 | T95: 14.56694 | U95: 11.67928 | V95: 11.97814 | W95: 10.87444 | X95: 10.58929 | Y95: 11.05254 | Z95: 11.77312 | AA95: 12.10174 | AB95: 12.27035 | AC95: 12.33473 | AD95: 12.00915 | AE95: 11.66597 | AG95: =AVERAGE($R95:$AB95) -> 12.821566
A96: Luxembourg | B96: LUX | C96: 11 | D96: 10.8 | E96: 10.2 | F96: 11.1 | G96: 10.9 | H96: 11.3 | I96: 9.6999998 | J96: 9.1999998 | K96: 9.3999996 | L96: 9.1000004 | M96: 9.3999996 | N96: 7.3000002 | O96: 7.9000001 | P96: 7.9000001 | Q96: 8.1999998 | R96: 8 | S96: 7.9000001 | T96: 7.1999998 | U96: 6.5 | V96: 8.6999998 | W96: 8.1999998 | X96: 8.6000004 | Y96: 8.8999996 | Z96: 8.8000002 | AA96: 8.6999998 | AB96: 9.4561338 | AC96: 9.8954458 | AD96: 9.7297602 | AE96: 8.5834227 | AG96: =AVERAGE($R96:$AB96) -> 8.2687394
A97: Madagascar | B97: MDG | F97: 85.099998 | P97: 84.300003 | R97: 86.400002 | W97: 90.5 | Y97: 88.800003 | AG97: =AVERAGE($R97:$AB97) -> 88.566668
A98: Malawi | B98: MWI | O98: 9.8566313 | Q98: 56.688965 | R98: 81 | T98: 81 | U98: 40 | V98: 45 | W98: 44.66156 | X98: 22.897196 | Z98: 61.900002 | AG98: =AVERAGE($R98:$AB98) -> 53.779822
A99: Malaysia | B99: MYS | D99: 31.9 | H99: 27.4 | I99: 27.700001 | J99: 25.5 | K99: 26.6 | L99: 25.299999 | M99: 25.700001 | N99: 24.6 | O99: 23.299999 | P99: 23.799999 | Q99: 25.4 | R99: 24.5 | S99: 25.700001 | T99: 25.799999 | U99: 25.4 | V99: 25.200001 | W99: 25.700001 | X99: 23.4 | Y99: 25.1 | Z99: 26.1 | AA99: 24.9 | AC99: 25.6 | AG99: =AVERAGE($R99:$AB99) -> 25.18
A100: Maldives | B100: MDV | C100: 49.099998 | H100: 58.700001 | M100: 60.700001 | S100: 38.299999 | W100: 22.700001 | AG100: =AVERAGE($R100:$AB100) -> 30.5
...

Sheet Pension_p
A1: Economy | B1: Code | C1: 1990 | D1: 1991 | E1: 1992 | F1: 1993 | G1: 1994 | H1: 1995 | I1: 1996 | J1: 1997 | K1: 1998 | L1: 1999 | M1: 2000 | N1: 2001 | O1: 2002 | P1: 2003 | Q1: 2004 | R1: 2005 | S1: 2006 | T1: 2007 | U1: 2008 | V1: 2009 | W1: 2010 | X1: 2011 | Y1: 2012 | Z1: 2013 | AA1: 2014 | AB1: 2015 | AC1: 2016 | AD1: 2017 | AE1: 2018
A2: Afghanistan | B2: AFG | S2: 3.7
A3: Albania | B3: ALB | H3: 32 | Q3: 48.900002 | T3: 37.900002
A4: Algeria | B4: DZA | J4: 31 | O4: 36.700001
A5: Argentina | B5: ARG | H5: 53 | Q5: 35 | T5: 42.5 | U5: 42.299999
A6: Armenia | B6: ARM | H6: 66.599998 | O6: 64.400002 | T6: 88 | U6: 32.099998
A7: Australia | B7: AUS | P7: 92.599998 | R7: 90.699997
A8: Austria | B8: AUT | F8: 95.800003 | Q8: 80.800003 | R8: 93.699997
A9: Azerbaijan | B9: AZE | I9: 52 | T9: 35.400002
A10: Bahrain | B10: BHR | T10: 20.200001
A11: Bangladesh | B11: BGD | F11: 3.5 | Q11: 2.5
A12: Belarus | B12: BLR | E12: 97 | U12: 93.5
A13: Belgium | B13: BEL | H13: 86.199997 | R13: 91.400002
A14: Benin | B14: BEN | I14: 4.8000002 | R14: 5.5
A15: Bolivia | B15: BOL | L15: 14.8 | O15: 10.1 | T15: 11.5 | U15: 12.2
A16: Bosnia and Herzegovina | B16: BIH | Q16: 36 | R16: 35.5 | V16: 24.5
A17: Botswana | B17: BWA | S17: 9
A18: Brazil | B18: BRA | I18: 36 | Q18: 52.599998 | T18: 51 | U18: 55.200001
A19: Bulgaria | B19: BGR | G19: 64 | T19: 83.5 | U19: 78.699997
A20: Burkina Faso | B20: BFA | F20: 3.0999999 | Q20: 1.2
A21: Burundi | B21: BDI | F21: 3.3 | S21: 3.5
A22: Cameroon | B22: CMR | F22: 13.7 | S22: 16.200001
A23: Canada | B23: CAN | E23: 91.900002 | P23: 57 | R23: 90.5 | T23: 66.900002
A24: Central African Republic | B24: CAF | Q24: 1.5
A25: Chad | B25: TCD | C25: 1.1 | R25: 2.7
A26: Chile | B26: CHL | H26: 70 | N26: 54.799999 | P26: 58 | T26: 57.299999 | U26: 59.599998
A27: China | B27: CHN | G27: 17.6 | R27: 20.5 | T27: 26.9
A28: Colombia | B28: COL | L28: 20.700001 | M28: 19 | S28: 24.5 | T28: 24.9 | U28: 31.5
A29: Congo, Dem. Rep. | B29: COD | U29: 14.2
A30: Congo, Rep. | B30: COG | E30: 5.8000002 | U30: 9.6999998
A31: Costa Rica | B31: CRI | K31: 50.599998 | Q31: 55.5
A32: Cote d'Ivoire | B32: CIV | J32: 9.3000002 | Q32: 12.8
A33: Croatia | B33: HRV | J33: 66 | N33: 67 | Q33: 71 | R33: 77 | T33: 75.199997 | W33: 82.900002
A34: Czech Republic | B34: CZE | H34: 85 | P34: 86.300003 | T34: 95.400002 | U34: 93
A35: Denmark | B35: DNK | F35: 89.599998 | P35: 92 | R35: 94.599998 | T35: 92.900002
A36: Dominican Republic | B36: DOM | L36: 14.4 | M36: 31 | N36: 26.799999 | R36: 27.200001 | T36: 21.4 | U36: 25.6
A37: Ecuador | B37: ECU | L37: 43.099998 | O37: 23.200001 | Q37: 26.4
A38: Egypt, Arab Rep. | B38: EGY | G38: 50 | Q38: 55.5 | V38: 55.099998
A39: El Salvador | B39: SLV | I39: 26.200001 | P39: 18 | R39: 29.799999 | T39: 24 | U39: 22.9
A40: Estonia | B40: EST | H40: 76 | M40: 91 | Q40: 94.5 | R40: 95.199997
A41: Eswatini | B41: SWZ | V41: 15.4
A42: Finland | B42: FIN | F42: 90.300003 | P42: 90.300003 | R42: 89.699997
A43: France | B43: FRA | F43: 88.400002 | P43: 90 | R43: 87.300003
A44: Gabon | B44: GAB | D44: 7.3000002 | H44: 15
A45: Gambia, The | B45: GMB | P45: 3.8 | S45: 2.7
A46: Georgia | B46: GEO | I46: 77 | M46: 41.700001 | Q46: 29.200001
A47: Germany | B47: DEU | H47: 94.199997 | P47: 88 | R47: 86.900002
A48: Ghana | B48: GHA | F48: 7.1999998 | P48: 9.1000004 | Q48: 8.1000004
A49: Greece | B49: GRC | I49: 88 | O49: 79 | R49: 86
A50: Guatemala | B50: GTM | L50: 22.799999 | M50: 19 | R50: 24 | U50: 20.299999
A51: Guinea | B51: GIN | F51: 12.1
A52: Guinea-Bissau | B52: GNB | Q52: 2
A53: Honduras | B53: HND | L53: 20.6 | S53: 16.1 | U53: 17.299999
A54: Hungary | B54: HUN | I54: 77 | O54: 56.299999 | T54: 93 | U54: 92
A55: India | B55: IND | E55: 10.6 | Q55: 9 | S55: 10.3
A56: Indonesia | B56: IDN | H56: 8 | O56: 15.5 | U56: 7.0999999
A57: Iran, Islamic Rep. | B57: IRN | G57: 29.799999 | M57: 35.099998 | N57: 34.200001
A58: Iraq | B58: IRQ | Q58: 18.4 | V58: 35.599998
A59: Ireland | B59: IRL | E59: 79.300003 | O59: 93 | R59: 88.900002
A60: Israel | B60: ISR | E60: 82
A61: Italy | B61: ITA | J61: 87 | P61: 90 | R61: 90.099998
A62: Jamaica | B62: JAM | L62: 44.400002 | Q62: 17.200001
A63: Japan | B63: JPN | G63: 97.5 | P63: 94 | R63: 95.400002
A64: Jordan | B64: JOR | H64: 40 | N64: 36 | P64: 30.299999 | Q64: 32.200001 | S64: 38.400002
A65: Kazakhstan | B65: KAZ | J65: 51 | N65: 38.299999 | Q65: 62.5
A66: Kenya | B66: KEN | H66: 18 | R66: 8 | S66: 7.5
A67: Korea, Rep. | B67: KOR | I67: 58 | P67: 88.699997 | R67: 49.5
A68: Kosovo | B68: XKX | R68: 23
A69: Kyrgyz Republic | B69: KGZ | J69: 44 | Q69: 28.299999 | S69: 40.400002
A70: Latvia | B70: LVA | H70: 60.5 | P70: 91.699997
A71: Lebanon | B71: LBN | P71: 34.5
A72: Lesotho | B72: LSO | R72: 4.4000001
A73: Libya | B73: LBY | P73: 65.5 | Q73: 68.5
A74: Lithuania | B74: LTU | O74: 77 | Q74: 79.699997 | T74: 82.900002
A75: Madagascar | B75: MDG | F75: 5.4000001 | V75: 5.3000002
A76: Malaysia | B76: MYS | F76: 48.700001 | M76: 65 | U76: 49
A77: Mali | B77: MLI | C77: 2.5 | W77: 7.3000002
A78: Mauritania | B78: MRT | H78: 5 | M78: 13.1
A79: Mauritius | B79: MUS | H79: 60 | M79: 53.400002
A80: Mexico | B80: MEX | J80: 30 | O80: 34.5 | S80: 36.200001 | U80: 27.4
A81: Moldova | B81: MDA | M81: 60.599998 | T81: 42 | V81: 56.700001
A82: Mongolia | B82: MNG | O82: 61.400002 | R82: 33.5
A83: Morocco | B83: MAR | G83: 20.9 | M83: 17.299999 | P83: 22.4 | T83: 23.799999
A84: Mozambique | B84: MOZ | H84: 2 | S84: 1.9
A85: Namibia | B85: NAM | U85: 9.6000004
A86: Nepal | B86: NPL | P86: 2.0999999 | S86: 3.5 | U86: 3.4000001
A87: Netherlands | B87: NLD | F87: 91.699997 | O87: 94 | R87: 90.699997
A88: New Zealand | B88: NZL | P88: 92.699997
A89: Nicaragua | B89: NIC | L89: 14.3 | N89: 14.9 | R89: 17.9 | U89: 21.700001
A90: Niger | B90: NER | E90: 1.3 | S90: 1.9
A91: Nigeria | B91: NGA | F91: 1.3 | M91: 1.9 | Q91: 8.1000004 | R91: 1.7
A92: North Macedonia | B92: MKD | H92: 49 | M92: 63.799999 | U92: 52.299999
A93: Norway | B93: NOR | F93: 94 | P93: 92 | R93: 93.199997
A94: Pakistan | B94: PAK | F94: 3.5 | Q94: 6.4000001 | U94: 3.9000001
A95: Panama | B95: PAN | K95: 51.599998
A96: Papua New Guinea | B96: PNG | V96: 4.4000001
A97: Paraguay | B97: PRY | J97: 31 | N97: 18 | Q97: 12.4
A98: Peru | B98: PER | J98: 20 | N98: 31 | P98: 16.299999 | T98: 16.5 | U98: 21.700001
A99: Philippines | B99: PHL | I99: 28.299999 | M99: 27.1 | T99: 25
A100: Poland | B100: POL | I100: 68 | R100: 81.400002
...

Sheet Infemp_p
A1: Economy | B1: Code | C1: 1990 | D1: 1991 | E1: 1992 | F1: 1993 | G1: 1994 | H1: 1995 | I1: 1996 | J1: 1997 | K1: 1998 | L1: 1999 | M1: 2000 | N1: 2001 | O1: 2002 | P1: 2003 | Q1: 2004 | R1: 2005 | S1: 2006 | T1: 2007 | U1: 2008 | V1: 2009 | W1: 2010 | X1: 2011 | Y1: 2012 | Z1: 2013 | AA1: 2014 | AB1: 2015 | AC1: 2016 | AD1: 2017 | AE1: 2018 | AG1: avg 2005-2015
A2: Albania | B2: ALB | Y2: 66.59 | Z2: 60.98 | AG2: =AVERAGE($R2:$AB2) -> 63.785
A3: Angola | B3: AGO | Q3: 79.16 | X3: 84.32 | AG3: =AVERAGE($R3:$AB3) -> 84.32
A4: Argentina | B4: ARG | Q4: 59.57 | R4: 58.02 | S4: 55.26 | U4: 50.25 | V4: 49.69 | W4: 48.54 | X4: 47.69 | Y4: 47.79 | Z4: 47.43 | AA4: 46.84 | AD4: 47.91 | AE4: 48.11 | AG4: =AVERAGE($R4:$AB4) -> 50.167778
A5: Armenia | B5: ARM | U5: 51.17 | V5: 55.03 | X5: 62.36 | Y5: 61.54 | Z5: 60.36 | AA5: 59.12 | AB5: 52.13 | AC5: 49.91 | AD5: 47.88 | AE5: 50.33 | AG5: =AVERAGE($R5:$AB5) -> 57.387143
A6: Bangladesh | B6: BGD | W6: 87.85 | Z6: 89.42 | AD6: 94.7 | AG6: =AVERAGE($R6:$AB6) -> 88.635
A7: Benin | B7: BEN | X7: 96.82 | AG7: =AVERAGE($R7:$AB7) -> 96.82
A8: Bolivia | B8: BOL | R8: 95.82 | S8: 96.15 | T8: 84.26 | U8: 85.94 | V8: 84.16 | X8: 83.36 | Y8: 82.13 | Z8: 80.43 | AA8: 85.21 | AB8: 84.1 | AC8: 76.26 | AD8: 79.12 | AE8: 80.7 | AG8: =AVERAGE($R8:$AB8) -> 86.156
A9: Bosnia and Herzegovina | B9: BIH | S9: 37.97 | T9: 37.06 | U9: 35.58 | V9: 33.79 | W9: 32.36 | X9: 30.88 | Y9: 33.69 | Z9: 31.51 | AA9: 29.28 | AB9: 30.13 | AC9: 30.48 | AD9: 24.82 | AE9: 22.14 | AG9: =AVERAGE($R9:$AB9) -> 33.225
A10: Brazil | B10: BRA | V10: 49.7 | X10: 46.03 | Y10: 45.1 | Z10: 44.09 | AA10: 44.78 | AB10: 44.98 | AG10: =AVERAGE($R10:$AB10) -> 45.78
A11: Brunei Darussalam | B11: BRN | AA11: 33.02 | AD11: 37.7 | AE11: 37.49 | AG11: =AVERAGE($R11:$AB11) -> 33.02
A12: Burkina Faso | B12: BFA | AE12: 95.39 | AG12: =AVERAGE($R12:$AB12) -> #DIV/0!
A13: Burundi | B13: BDI | AA13: 98.31 | AG13: =AVERAGE($R13:$AB13) -> 98.31
A14: Cabo Verde | B14: CPV | AB14: 63.82 | AG14: =AVERAGE($R14:$AB14) -> 63.82
A15: Cambodia | B15: KHM | Y15: 93.57 | AG15: =AVERAGE($R15:$AB15) -> 93.57
A16: Cameroon | B16: CMR | T16: 90.98 | AA16: 90.23 | AG16: =AVERAGE($R16:$AB16) -> 90.605
A17: Chile | B17: CHL | AD17: 64.69 | AE17: 29.28 | AG17: =AVERAGE($R17:$AB17) -> #DIV/0!
A18: Colombia | B18: COL | W18: 67.86 | X18: 67.04 | Y18: 66.55 | Z18: 64.93 | AA18: 63.24 | AB18: 63.07 | AC18: 62.38 | AD18: 61.92 | AE18: 62.36 | AG18: =AVERAGE($R18:$AB18) -> 65.448333
A19: Comoros | B19: COM | AA19: 94.71 | AG19: =AVERAGE($R19:$AB19) -> 94.71
A20: Congo, Dem. Rep. | B20: COD | R20: 98.62 | AG20: =AVERAGE($R20:$AB20) -> 98.62
A21: Costa Rica | B21: CRI | W21: 37.85 | X21: 34.72 | Y21: 36.82 | Z21: 38.76 | AA21: 38.84 | AB21: 39.74 | AC21: 37.87 | AD21: 38.2 | AE21: 37.85 | AG21: =AVERAGE($R21:$AB21) -> 37.788333
A22: Cote d'Ivoire | B22: CIV | Y22: 94.77 | Z22: 97.71 | AC22: 92.77 | AD22: 86.66 | AG22: =AVERAGE($R22:$AB22) -> 96.24
A23: Dominican Republic | B23: DOM | M23: 90.4 | N23: 88.42 | O23: 91.01 | P23: 89.8 | Q23: 89.41 | R23: 70.46 | S23: 65.38 | T23: 57.7 | U23: 57.99 | V23: 55.01 | W23: 53.94 | X23: 56.17 | Y23: 56.26 | Z23: 55.9 | AA23: 54.24 | AB23: 56.28 | AC23: 56.34 | AD23: 57.17 | AE23: 56.79 | AG23: =AVERAGE($R23:$AB23) -> 58.120909
A24: Ecuador | B24: ECU | N24: 83.19 | P24: 81.83 | Q24: 82.42 | R24: 82.3 | S24: 82.22 | T24: 81.59 | U24: 80.16 | V24: 78.37 | W24: 75.54 | X24: 72.57 | Y24: 71.1 | Z24: 69.73 | AA24: 67.57 | AB24: 68.15 | AC24: 70.79 | AD24: 72.41 | AE24: 72.67 | AG24: =AVERAGE($R24:$AB24) -> 75.390909
A25: Egypt, Arab Rep. | B25: EGY | U25: 55.75 | V25: 55.41 | W25: 57.64 | X25: 58.73 | Y25: 55.92 | Z25: 57.61 | AB25: 59.83 | AC25: 61.93 | AD25: 63.78 | AE25: 63.35 | AG25: =AVERAGE($R25:$AB25) -> 57.27
A26: El Salvador | B26: SLV | W26: 72.45 | X26: 72.55 | Y26: 72.57 | Z26: 71.38 | AA26: 69.34 | AB26: 69.1 | AC26: 69.47 | AD26: 70.16 | AE26: 68.51 | AG26: =AVERAGE($R26:$AB26) -> 71.231667
A27: Gambia, The | B27: GMB | Y27: 76.49 | AE27: 77.63 | AG27: =AVERAGE($R27:$AB27) -> 76.49
A28: Ghana | B28: GHA | S28: 93.78 | Z28: 92.12 | AB28: 88.76 | AG28: =AVERAGE($R28:$AB28) -> 91.553333
A29: Guatemala | B29: GTM | P29: 81.11 | Q29: 81.21 | S29: 80.13 | W29: 80.93 | X29: 81.21 | Y29: 82.66 | Z29: 80.53 | AA29: 78.06 | AB29: 79.18 | AC29: 79.21 | AD29: 80.11 | AG29: =AVERAGE($R29:$AB29) -> 80.385714
A30: Guyana | B30: GUY | AE30: 58.07 | AG30: =AVERAGE($R30:$AB30) -> #DIV/0!
A31: Haiti | B31: HTI | Y31: 91.51 | AG31: =AVERAGE($R31:$AB31) -> 91.51
A32: Honduras | B32: HND | S32: 74.34 | T32: 72.18 | U32: 79.35 | V32: 78.77 | W32: 80.35 | X32: 81.91 | Y32: 83.73 | Z32: 93.03 | AA32: 91.71 | AB32: 88.79 | AC32: 90.18 | AD32: 82.61 | AG32: =AVERAGE($R32:$AB32) -> 82.416
A33: India | B33: IND | W33: 87.89 | Y33: 86.53 | AE33: 88.63 | AG33: =AVERAGE($R33:$AB33) -> 87.21
A34: Indonesia | B34: IDN | AC34: 84.31 | AD34: 84.24 | AE34: 82.38 | AG34: =AVERAGE($R34:$AB34) -> #DIV/0!
A35: Kyrgyz Republic | B35: KGZ | AE35: 73.83 | AG35: =AVERAGE($R35:$AB35) -> #DIV/0!
A36: Lao PDR | B36: LAO | AD36: 82.88 | AG36: =AVERAGE($R36:$AB36) -> #DIV/0!
A37: Liberia | B37: LBR | W37: 86.71 | Y37: 92.23 | AA37: 93.37 | AG37: =AVERAGE($R37:$AB37) -> 90.77
A38: Madagascar | B38: MDG | AB38: 95.2 | AG38: =AVERAGE($R38:$AB38) -> 95.2
A39: Maldives | B39: MDV | AC39: 51.7 | AG39: =AVERAGE($R39:$AB39) -> #DIV/0!
A40: Mali | B40: MLI | Z40: 89.89 | AA40: 95.3 | AB40: 96.13 | AC40: 94.91 | AD40: 94.72 | AE40: 93.37 | AG40: =AVERAGE($R40:$AB40) -> 93.773333
A41: Mauritania | B41: MRT | AD41: 91.24 | AG41: =AVERAGE($R41:$AB41) -> #DIV/0!
A42: Mauritius | B42: MUS | Y42: 51.3 | Z42: 51.52 | AA42: 54.72 | AB42: 53.33 | AC42: 52.87 | AD42: 52.17 | AE42: 53.53 | AG42: =AVERAGE($R42:$AB42) -> 52.7175
A43: Mexico | B43: MEX | O43: 65.96 | P43: 66.18 | Q43: 65.92 | AG43: =AVERAGE($R43:$AB43) -> #DIV/0!
A44: Mongolia | B44: MNG | U44: 49.56 | V44: 45.74 | W44: 52.14 | X44: 56.27 | Y44: 58.57 | Z44: 56.3 | AA44: 49.8 | AB44: 49.99 | AC44: 50.66 | AD44: 51.3 | AE44: 48.8 | AG44: =AVERAGE($R44:$AB44) -> 52.29625
A45: Mozambique | B45: MOZ | AB45: 95.67 | AG45: =AVERAGE($R45:$AB45) -> 95.67
A46: Myanmar | B46: MMR | AB46: 82.56 | AD46: 80.14 | AE46: 79.49 | AG46: =AVERAGE($R46:$AB46) -> 82.56
A47: Namibia | B47: NAM | Y47: 54.18 | Z47: 59.37 | AA47: 56.51 | AC47: 66.95 | AE47: 55.76 | AG47: =AVERAGE($R47:$AB47) -> 56.686667
A48: Nepal | B48: NPL | U48: 99.65 | AD48: 80.81 | AG48: =AVERAGE($R48:$AB48) -> 99.65
A49: Nicaragua | B49: NIC | Y49: 81.79 | AG49: =AVERAGE($R49:$AB49) -> 81.79
A50: Niger | B50: NER | X50: 95.38 | AD50: 78.2 | AG50: =AVERAGE($R50:$AB50) -> 95.38
A51: Pakistan | B51: PAK | V51: 80.9 | W51: 81.2 | X51: 82.32 | Z51: 81.69 | AA51: 83.52 | AB51: 82.71 | AE51: 81.73 | AG51: =AVERAGE($R51:$AB51) -> 82.056667
A52: Panama | B52: PAN | X52: 46.55 | Y52: 46.97 | Z52: 47.86 | AA52: 48.02 | AB52: 47.85 | AC52: 48.52 | AD52: 49.4 | AE52: 51.36 | AG52: =AVERAGE($R52:$AB52) -> 47.45
A53: Paraguay | B53: PRY | U53: 77.69 | V53: 77.56 | W53: 76.75 | X53: 73.9 | Y53: 74.24 | Z53: 71.48 | AA53: 70.13 | AB53: 70.7 | AC53: 72.16 | AD53: 71.3 | AE53: 70.29 | AG53: =AVERAGE($R53:$AB53) -> 74.05625
A54: Peru | B54: PER | Q54: 91.05 | R54: 84.09 | S54: 82.19 | T54: 79.4 | U54: 79.25 | V54: 77.58 | W54: 77.46 | X54: 76.42 | Y54: 71.38 | Z54: 70.59 | AA54: 69.67 | AB54: 69.98 | AC54: 68.84 | AD54: 68.96 | AE54: 69.4 | AG54: =AVERAGE($R54:$AB54) -> 76.182727
A55: Rwanda | B55: RWA | AD55: 80.45 | AE55: 80.42 | AG55: =AVERAGE($R55:$AB55) -> #DIV/0!
A56: Samoa | B56: WSM | Y56: 50.75 | AD56: 37.29 | AG56: =AVERAGE($R56:$AB56) -> 50.75
A57: Senegal | B57: SEN | AB57: 93.43 | AG57: =AVERAGE($R57:$AB57) -> 93.43
A58: Serbia | B58: SRB | U58: 57.11 | V58: 24 | W58: 22.64 | X58: 20.6 | Y58: 18.91 | Z58: 22.8 | AA58: 24.58 | AB58: 23.51 | AC58: 24.18 | AD58: 21.65 | AE58: 19.81 | AG58: =AVERAGE($R58:$AB58) -> 26.76875
A59: South Africa | B59: ZAF | M59: 56.69 | N59: 55.92 | O59: 51.65 | P59: 51.28 | Q59: 51.12 | R59: 53.04 | S59: 54.11 | T59: 53.68 | U59: 35.48 | V59: 33.72 | W59: 34.06 | X59: 32.95 | Y59: 32.06 | Z59: 32.6 | AA59: 32.48 | AB59: 34.77 | AC59: 34.32 | AD59: 34.69 | AE59: 35.32 | AG59: =AVERAGE($R59:$AB59) -> 38.995455
A60: Sri Lanka | B60: LKA | W60: 70.99 | X60: 70.84 | Z60: 70.75 | AA60: 69.9 | AB60: 69.57 | AC60: 69.74 | AD60: 68.19 | AG60: =AVERAGE($R60:$AB60) -> 70.41
A61: Sudan | B61: SDN | X61: 86.97 | AG61: =AVERAGE($R61:$AB61) -> 86.97
A62: Tanzania | B62: TZA | AA62: 90.84 | AG62: =AVERAGE($R62:$AB62) -> 90.84
A63: Thailand | B63: THA | AA63: 62.83 | AB63: 62.25 | AC63: 74.24 | AD63: 66.83 | AE63: 64.05 | AG63: =AVERAGE($R63:$AB63) -> 62.54
A64: Timor-Leste | B64: TLS | W64: 71.39 | Z64: 71.59 | AG64: =AVERAGE($R64:$AB64) -> 71.49
A65: Togo | B65: TGO | AA65: 95.08 | AD65: 90.09 | AG65: =AVERAGE($R65:$AB65) -> 95.08
A66: Tonga | B66: TON | AE66: 77.89 | AG66: =AVERAGE($R66:$AB66) -> #DIV/0!
A67: Uganda | B67: UGA | Y67: 91.7 | AD67: 89.35 | AG67: =AVERAGE($R67:$AB67) -> 91.7
A68: Uruguay | B68: URY | S68: 44.36 | T68: 44.04 | U68: 42.77 | V68: 41.92 | W68: 40.9 | X68: 38.35 | Y68: 36.2 | Z68: 35.35 | AA68: 23.64 | AB68: 23.88 | AC68: 24.54 | AD68: 24.11 | AE68: 23.95 | AG68: =AVERAGE($R68:$AB68) -> 37.141
A69: Vietnam | B69: VNM | T69: 81.94 | V69: 81.56 | Z69: 79.53 | AA69: 76.87 | AB69: 75.5 | AC69: 74.1 | AD69: 73.32 | AE69: 71.44 | AG69: =AVERAGE($R69:$AB69) -> 79.08
A70: West Bank and Gaza | B70: PSE | W70: 56.75 | X70: 55.71 | Y70: 56.23 | Z70: 56.74 | AA70: 55.44 | AB70: 55.83 | AC70: 54.32 | AD70: 54.64 | AE70: 53.57 | AG70: =AVERAGE($R70:$AB70) -> 56.116667
A71: Yemen, Rep. | B71: YEM | AA71: 77.41 | AG71: =AVERAGE($R71:$AB71) -> 77.41
A72: Zambia | B72: ZMB | AD72: 70.5 | AE72: 69.17 | AG72: =AVERAGE($R72:$AB72) -> #DIV/0!
A73: Zimbabwe | B73: ZWE | X73: 85.62 | AA73: 87.35 | AG73: =AVERAGE($R73:$AB73) -> 86.485

Sheet Infsize_p
A1: Economy | B1: Code | C1: 1990 | D1: 1991 | E1: 1992 | F1: 1993 | G1: 1994 | H1: 1995 | I1: 1996 | J1: 1997 | K1: 1998 | L1: 1999 | M1: 2000 | N1: 2001 | O1: 2002 | P1: 2003 | Q1: 2004 | R1: 2005 | S1: 2006 | T1: 2007 | U1: 2008 | V1: 2009 | W1: 2010 | X1: 2011 | Y1: 2012 | Z1: 2013 | AA1: 2014 | AB1: 2015 | AC1: 2016 | AD1: 2017 | AE1: 2018 | AG1: avg 2005-2015
A2: Albania | B2: ALB | Y2: 69.77 | Z2: 63.47 | AG2: =AVERAGE($R2:$AB2) -> 66.62
A3: Angola | B3: AGO | Q3: 75.29 | X3: 76.19 | AG3: =AVERAGE($R3:$AB3) -> 76.19
A4: Argentina | B4: ARG | Q4: 47.12 | R4: 46.49 | S4: 45.54 | U4: 43.64 | V4: 43.78 | W4: 42.66 | X4: 41.91 | Y4: 42.23 | Z4: 42.76 | AA4: 42.62 | AD4: 43.81 | AE4: 44.06 | AG4: =AVERAGE($R4:$AB4) -> 43.514444
A5: Armenia | B5: ARM | V5: 53.76 | X5: 45.03 | Y5: 43.41 | Z5: 42.65 | AA5: 56.06 | AB5: 50.78 | AC5: 48.95 | AD5: 47.11 | AE5: 49.86 | AG5: =AVERAGE($R5:$AB5) -> 48.615
A6: Bangladesh | B6: BGD | W6: 82.1 | Z6: 76.59 | AD6: 81.82 | AG6: =AVERAGE($R6:$AB6) -> 79.345
A7: Benin | B7: BEN | X7: 92.93 | AG7: =AVERAGE($R7:$AB7) -> 92.93
A8: Bolivia | B8: BOL | R8: 73.58 | S8: 71.1 | T8: 70.48 | U8: 70.94 | V8: 69.62 | X8: 71.76 | Y8: 70.03 | Z8: 65.43 | AA8: 70.79 | AB8: 69.45 | AC8: 64.74 | AD8: 67.5 | AE8: 69.69 | AG8: =AVERAGE($R8:$AB8) -> 70.318
A9: Bosnia and Herzegovina | B9: BIH | S9: 31.61 | T9: 32.04 | U9: 31.62 | V9: 30.61 | W9: 29.24 | X9: 27.54 | Y9: 30.38 | Z9: 28.16 | AA9: 25.73 | AB9: 27.22 | AC9: 27.93 | AD9: 17.28 | AE9: 14.77 | AG9: =AVERAGE($R9:$AB9) -> 29.415
A10: Botswana | B10: BWA | S10: 43.6 | AG10: =AVERAGE($R10:$AB10) -> 43.6
A11: Brazil | B11: BRA | V11: 46.77 | X11: 38.18 | Y11: 36.77 | Z11: 35.73 | AA11: 35.91 | AB11: 35.95 | AG11: =AVERAGE($R11:$AB11) -> 38.218333
A12: Brunei Darussalam | B12: BRN | AA12: 11.2 | AD12: 10.16 | AE12: 9.82 | AG12: =AVERAGE($R12:$AB12) -> 11.2
A13: Burkina Faso | B13: BFA | AE13: 87.5 | AG13: =AVERAGE($R13:$AB13) -> #DIV/0!
A14: Burundi | B14: BDI | AA14: 95.72 | AG14: =AVERAGE($R14:$AB14) -> 95.72
A15: Cabo Verde | B15: CPV | AB15: 54.23 | AG15: =AVERAGE($R15:$AB15) -> 54.23
A16: Cambodia | B16: KHM | Y16: 81.29 | AG16: =AVERAGE($R16:$AB16) -> 81.29
A17: Cameroon | B17: CMR | T17: 84.8 | AA17: 80.78 | AG17: =AVERAGE($R17:$AB17) -> 82.79
A18: Chile | B18: CHL | AD18: 55.61 | AE18: 22.19 | AG18: =AVERAGE($R18:$AB18) -> #DIV/0!
A19: Colombia | B19: COL | W19: 64.03 | X19: 63.22 | Y19: 62.92 | Z19: 61.24 | AA19: 59.62 | AB19: 59.55 | AC19: 58.8 | AD19: 58.71 | AE19: 59.11 | AG19: =AVERAGE($R19:$AB19) -> 61.763333
A20: Comoros | B20: COM | AA20: 74.38 | AG20: =AVERAGE($R20:$AB20) -> 74.38
A21: Congo, Dem. Rep. | B21: COD | R21: 91.86 | AG21: =AVERAGE($R21:$AB21) -> 91.86
A22: Costa Rica | B22: CRI | W22: 32.32 | X22: 31.32 | Y22: 33.78 | Z22: 35.45 | AA22: 35.91 | AB22: 37.25 | AC22: 34.81 | AD22: 35.31 | AE22: 35.5 | AG22: =AVERAGE($R22:$AB22) -> 34.338333
A23: Cote d'Ivoire | B23: CIV | Y23: 88.8 | Z23: 91.97 | AC23: 87.82 | AD23: 88.83 | AG23: =AVERAGE($R23:$AB23) -> 90.385
A24: Dominican Republic | B24: DOM | M24: 43.65 | N24: 40.98 | O24: 45.47 | P24: 44.25 | Q24: 43.9 | R24: 47.36 | S24: 46.17 | T24: 43.24 | U24: 45.19 | V24: 42.36 | W24: 43.24 | X24: 44.46 | Y24: 45.94 | Z24: 45.57 | AA24: 45.1 | AB24: 51.25 | AC24: 49.95 | AD24: 50.87 | AE24: 50.88 | AG24: =AVERAGE($R24:$AB24) -> 45.443636
A25: Ecuador | B25: ECU | N25: 67.96 | P25: 58.35 | Q25: 58.97 | R25: 57.96 | S25: 57.69 | T25: 57.36 | U25: 55.43 | V25: 54.9 | W25: 52.51 | X25: 51.93 | Y25: 50.12 | Z25: 49.84 | AA25: 48.24 | AB25: 48.11 | AC25: 50.82 | AD25: 51.42 | AE25: 52.37 | AG25: =AVERAGE($R25:$AB25) -> 53.099091
A26: Egypt, Arab Rep. | B26: EGY | U26: 54.77 | V26: 54.13 | W26: 56.19 | X26: 57.41 | Y26: 54.93 | Z26: 56.64 | AB26: 59.01 | AC26: 61.54 | AD26: 62.9 | AE26: 62.52 | AG26: =AVERAGE($R26:$AB26) -> 56.154286
A27: El Salvador | B27: SLV | W27: 72.11 | X27: 71.97 | Y27: 72 | Z27: 70.8 | AA27: 68.84 | AB27: 66.51 | AC27: 68.12 | AD27: 68.22 | AE27: 64.36 | AG27: =AVERAGE($R27:$AB27) -> 70.371667
A28: Ethiopia | B28: ETH | L28: 89.7 | R28: 15.5 | Z28: 38.2 | AG28: =AVERAGE($R28:$AB28) -> 26.85
A29: Fiji | B29: FJI | AC29: 37.08 | AG29: =AVERAGE($R29:$AB29) -> #DIV/0!
A30: Gambia, The | B30: GMB | Y30: 69.3 | AE30: 60.82 | AG30: =AVERAGE($R30:$AB30) -> 69.3
A31: Ghana | B31: GHA | S31: 90.04 | Z31: 89.98 | AB31: 83.26 | AG31: =AVERAGE($R31:$AB31) -> 87.76
A32: Guatemala | B32: GTM | P32: 76.31 | Q32: 75.7 | S32: 79.19 | W32: 73.32 | X32: 72.64 | Y32: 76.66 | Z32: 72.3 | AA32: 69.35 | AB32: 70.51 | AC32: 70.85 | AD32: 72.3 | AG32: =AVERAGE($R32:$AB32) -> 73.424286
A33: Guyana | B33: GUY | AE33: 35.62 | AG33: =AVERAGE($R33:$AB33) -> #DIV/0!
A34: Haiti | B34: HTI | Y34: 84.2 | AG34: =AVERAGE($R34:$AB34) -> 84.2
A35: Honduras | B35: HND | S35: 73.06 | T35: 70.67 | U35: 77.27 | V35: 77.47 | W35: 79.03 | X35: 79.95 | Y35: 81.77 | Z35: 87.97 | AA35: 86.08 | AB35: 82.81 | AC35: 83.88 | AD35: 80.2 | AG35: =AVERAGE($R35:$AB35) -> 79.608
A36: India | B36: IND | R36: 86.89 | W36: 84.41 | Y36: 81.87 | AE36: 81.34 | AG36: =AVERAGE($R36:$AB36) -> 84.39
A37: Indonesia | B37: IDN | AC37: 78.68 | AD37: 84.25 | AE37: 59.19 | AG37: =AVERAGE($R37:$AB37) -> #DIV/0!
A38: Kyrgyz Republic | B38: KGZ | AE38: 71.87 | AG38: =AVERAGE($R38:$AB38) -> #DIV/0!
A39: Lao PDR | B39: LAO | AD39: 75.67 | AG39: =AVERAGE($R39:$AB39) -> #DIV/0!
A40: Liberia | B40: LBR | W40: 79.88 | Y40: 82.56 | AA40: 86.13 | AG40: =AVERAGE($R40:$AB40) -> 82.856667
A41: Madagascar | B41: MDG | Y41: 91.15 | AB41: 89.52 | AG41: =AVERAGE($R41:$AB41) -> 90.335
A42: Maldives | B42: MDV | AC42: 46.69 | AG42: =AVERAGE($R42:$AB42) -> #DIV/0!
A43: Mali | B43: MLI | Z43: 72.95 | AA43: 89.99 | AB43: 91.75 | AC43: 89.9 | AD43: 90.68 | AE43: 83.43 | AG43: =AVERAGE($R43:$AB43) -> 84.896667
A44: Mauritania | B44: MRT | AD44: 83.43 | AG44: =AVERAGE($R44:$AB44) -> #DIV/0!
A45: Mauritius | B45: MUS | Y45: 38.37 | Z45: 38.81 | AA45: 41.78 | AB45: 40.55 | AC45: 40.82 | AD45: 39 | AE45: 38.21 | AG45: =AVERAGE($R45:$AB45) -> 39.8775
A46: Mexico | B46: MEX | O46: 57 | P46: 57.01 | Q46: 56.14 | AG46: =AVERAGE($R46:$AB46) -> #DIV/0!
A47: Mongolia | B47: MNG | U47: 42.17 | V47: 37.53 | W47: 48.68 | X47: 53.48 | Y47: 56.05 | Z47: 53.93 | AA47: 47.04 | AB47: 47.22 | AC47: 47.41 | AD47: 47.77 | AE47: 44.38 | AG47: =AVERAGE($R47:$AB47) -> 48.2625
A48: Mozambique | B48: MOZ | AB48: 92.07 | AG48: =AVERAGE($R48:$AB48) -> 92.07
A49: Myanmar | B49: MMR | AB49: 70.35 | AD49: 60.98 | AE49: 59.7 | AG49: =AVERAGE($R49:$AB49) -> 70.35
A50: Namibia | B50: NAM | Y50: 56.65 | Z50: 59.66 | AA50: 56.97 | AC50: 62.12 | AE50: 56.52 | AG50: =AVERAGE($R50:$AB50) -> 57.76
A51: Nepal | B51: NPL | U51: 90.94 | AD51: 57.46 | AG51: =AVERAGE($R51:$AB51) -> 90.94
A52: Nicaragua | B52: NIC | Y52: 74.88 | AG52: =AVERAGE($R52:$AB52) -> 74.88
A53: Niger | B53: NER | X53: 93.88 | Y53: 92.62 | AD53: 85.61 | AG53: =AVERAGE($R53:$AB53) -> 93.25
A54: Pakistan | B54: PAK | V54: 81.41 | W54: 82.92 | X54: 82.49 | Z54: 82.65 | AA54: 83.71 | AB54: 83.42 | AE54: 80.01 | AG54: =AVERAGE($R54:$AB54) -> 82.766667
A55: Panama | B55: PAN | X55: 39.55 | Y55: 40.51 | Z55: 40.65 | AA55: 40.95 | AB55: 39.19 | AC55: 41.14 | AD55: 40.43 | AE55: 42.57 | AG55: =AVERAGE($R55:$AB55) -> 40.17
A56: Paraguay | B56: PRY | U56: 62.11 | V56: 60.84 | W56: 60.23 | X56: 59.11 | Y56: 58.59 | Z56: 57.08 | AA56: 53.75 | AB56: 54.12 | AC56: 55.06 | AD56: 54.02 | AE56: 50.89 | AG56: =AVERAGE($R56:$AB56) -> 58.22875
A57: Peru | B57: PER | O57: 73.76 | P57: 76.66 | Q57: 76.45 | R57: 76.21 | S57: 75.36 | T57: 73 | U57: 72.36 | V57: 72.17 | W57: 72.07 | X57: 71.67 | Y57: 60.74 | Z57: 59.96 | AA57: 59.68 | AB57: 59.51 | AC57: 58.9 | AD57: 59.96 | AE57: 60.63 | AG57: =AVERAGE($R57:$AB57) -> 68.43
A58: Russian Federation | B58: RUS | W58: 14.6 | X58: 16.34 | Y58: 17.21 | Z58: 18.05 | AA58: 18.33 | AB58: 18.76 | AC58: 19.15 | AD58: 18.51 | AE58: 18.86 | AG58: =AVERAGE($R58:$AB58) -> 17.215
A59: Rwanda | B59: RWA | AD59: 69.19 | AE59: 69.65 | AG59: =AVERAGE($R59:$AB59) -> #DIV/0!
A60: Samoa | B60: WSM | Y60: 44.25 | AD60: 32.75 | AG60: =AVERAGE($R60:$AB60) -> 44.25
A61: Senegal | B61: SEN | AB61: 84.04 | AG61: =AVERAGE($R61:$AB61) -> 84.04
A62: Serbia | B62: SRB | U62: 20.55 | V62: 19.33 | X62: 13.83 | Y62: 11.49 | Z62: 15.8 | AA62: 16.31 | AB62: 13.38 | AC62: 13.75 | AD62: 11.94 | AE62: 10.69 | AG62: =AVERAGE($R62:$AB62) -> 15.812857
A63: South Africa | B63: ZAF | M63: 27.19 | N63: 27.94 | O63: 21.47 | P63: 20.52 | Q63: 19.85 | R63: 22.1 | S63: 21.39 | T63: 20.46 | U63: 46.84 | V63: 45.91 | W63: 47.68 | X63: 45.31 | Y63: 45.05 | Z63: 44.24 | AA63: 43.64 | AB63: 45.74 | AC63: 45.23 | AD63: 45 | AE63: 45.18 | AG63: =AVERAGE($R63:$AB63) -> 38.941818
A64: Sri Lanka | B64: LKA | W64: 64.17 | X64: 64.02 | Z64: 63.35 | AA64: 62.06 | AB64: 62.02 | AC64: 61.67 | AD64: 60.08 | AG64: =AVERAGE($R64:$AB64) -> 63.124
A65: Sudan | B65: SDN | X65: 87.03 | AG65: =AVERAGE($R65:$AB65) -> 87.03
A66: Tanzania | B66: TZA | AA66: 87.08 | AG66: =AVERAGE($R66:$AB66) -> 87.08
A67: Thailand | B67: THA | AA67: 57.58 | AB67: 55.86 | AC67: 55.71 | AD67: 52.04 | AE67: 47.6 | AG67: =AVERAGE($R67:$AB67) -> 56.72
A68: Timor-Leste | B68: TLS | W68: 64.63 | Z68: 62.45 | AG68: =AVERAGE($R68:$AB68) -> 63.54
A69: Togo | B69: TGO | AA69: 91.47 | AD69: 87.74 | AG69: =AVERAGE($R69:$AB69) -> 91.47
A70: Tonga | B70: TON | AE70: 60.4 | AG70: =AVERAGE($R70:$AB70) -> #DIV/0!
A71: Uganda | B71: UGA | Y71: 84.86 | AD71: 77.97 | AG71: =AVERAGE($R71:$AB71) -> 84.86
A72: Uruguay | B72: URY | S72: 44.31 | T72: 44.09 | U72: 43.07 | V72: 42.7 | W72: 41.78 | X72: 39.29 | Y72: 37.69 | Z72: 37.21 | AA72: 25.77 | AB72: 26.03 | AC72: 26.75 | AD72: 26.58 | AE72: 26.67 | AG72: =AVERAGE($R72:$AB72) -> 38.194
A73: Vietnam | B73: VNM | T73: 74.35 | V73: 73.22 | Z73: 71.34 | AA73: 66.82 | AB73: 64.23 | AC73: 62.64 | AD73: 62.08 | AE73: 60.05 | AG73: =AVERAGE($R73:$AB73) -> 69.992
A74: West Bank and Gaza | B74: PSE | W74: 32.97 | X74: 32.76 | Y74: 32.88 | Z74: 31.71 | AA74: 28.92 | AB74: 33.89 | AC74: 34.61 | AD74: 34.62 | AE74: 33.79 | AG74: =AVERAGE($R74:$AB74) -> 32.188333
A75: Yemen, Rep. | B75: YEM | AA75: 70.24 | AG75: =AVERAGE($R75:$AB75) -> 70.24
A76: Zambia | B76: ZMB | AD76: 60.11 | AE76: 58.65 | AG76: =AVERAGE($R76:$AB76) -> #DIV/0!
A77: Zimbabwe | B77: ZWE | X77: 77.42 | AA77: 79.22 | AG77: =AVERAGE($R77:$AB77) -> 78.32

Sheet WBentp1
A1: Economy | B1: Code | C1: 1990 | D1: 1991 | E1: 1992 | F1: 1993 | G1: 1994 | H1: 1995 | I1: 1996 | J1: 1997 | K1: 1998 | L1: 1999 | M1: 2000 | N1: 2001 | O1: 2002 | P1: 2003 | Q1: 2004 | R1: 2005 | S1: 2006 | T1: 2007 | U1: 2008 | V1: 2009 | W1: 2010 | X1: 2011 | Y1: 2012 | Z1: 2013 | AA1: 2014 | AB1: 2015 | AC1: 2016 | AD1: 2017 | AE1: 2018
A2: Afghanistan | B2: AFG | U2: 45.9 | AA2: 41.5
A3: Albania | B3: ALB | T3: 52.6 | Z3: 46.3
A4: Angola | B4: AGO | S4: 77.7 | W4: 41.2
A5: Antigua and Barbuda | B5: ATG | W5: 78.1
A6: Argentina | B6: ARG | S6: 56.1 | W6: 68.2 | AD6: 72.5
A7: Armenia | B7: ARM | V7: 44.6 | Z7: 12.8
A8: Azerbaijan | B8: AZE | V8: 40.7 | Z8: 19.1
A9: Bahamas, The | B9: BHS | W9: 67.5
A10: Bangladesh | B10: BGD | T10: 46.6 | Z10: 39.4
A11: Barbados | B11: BRB | W11: 49.4
A12: Belarus | B12: BLR | U12: 50.4 | Z12: 44.7 | AE12: 20.3
A13: Belize | B13: BLZ | W13: 58.5
A14: Benin | B14: BEN | V14: 79.3 | AC14: 66.8
A15: Bhutan | B15: BTN | V15: 19.9 | AB15: 7.2
A16: Bolivia | B16: BOL | S16: 90.1 | W16: 80.5 | AD16: 78.9
A17: Bosnia and Herzegovina | B17: BIH | V17: 46.5 | Z17: 47
A18: Botswana | B18: BWA | S18: 49.7 | W18: 54.6
A19: Brazil | B19: BRA | V19: 69.7
A20: Bulgaria | B20: BGR | T20: 60.2 | V20: 54.1 | Z20: 58.5
A21: Burkina Faso | B21: BFA | V21: 75
A22: Burundi | B22: BDI | S22: 60.3 | AA22: 51.3
A23: Cabo Verde | B23: CPV | V23: 44.5
A24: Cambodia | B24: KHM | AC24: 77.8
A25: Cameroon | B25: CMR | V25: 90.1 | AC25: 80.3
A26: Central African Republic | B26: CAF | X26: 66.7
A27: Chad | B27: TCD | V27: 89.8 | AE27: 80
A28: Chile | B28: CHL | S28: 49.6 | W28: 55.8
A29: China | B29: CHN | Y29: 57.7
A30: Colombia | B30: COL | S30: 55.1 | W30: 70.9 | AD30: 66.1
A31: Congo, Dem. Rep. | B31: COD | S31: 82.4 | W31: 90 | Z31: 78.4
A32: Congo, Rep. | B32: COG | V32: 69.7
A33: Costa Rica | B33: CRI | W33: 70.4
A34: Cote d'Ivoire | B34: CIV | V34: 73.6 | AC34: 75.6
A35: Croatia | B35: HRV | T35: 31.7 | Z35: 47
A36: Czech Republic | B36: CZE | V36: 42.9 | Z36: 35
A37: Djibouti | B37: DJI | Z37: 22.2
A38: Dominica | B38: DMA | W38: 10.7
A39: Dominican Republic | B39: DOM | W39: 75.8 | AC39: 61.1
A40: Ecuador | B40: ECU | S40: 65.4 | W40: 65.7 | AD40: 67.1
A41: Egypt, Arab Rep. | B41: EGY | Z41: 47.9 | AC41: 43
A42: El Salvador | B42: SLV | S42: 73.8 | W42: 65.2 | AC42: 67.7
A43: Eritrea | B43: ERI | V43: 28.2
A44: Estonia | B44: EST | V44: 26.3 | Z44: 32.1
A45: Eswatini | B45: SWZ | S45: 39.7 | AC45: 73.5
A46: Ethiopia | B46: ETH | X46: 37.3 | AB46: 23.1
A47: Fiji | B47: FJI | V47: 39.6
A48: Gabon | B48: GAB | V48: 76
A49: Gambia, The | B49: GMB | S49: 60.3 | AE49: 71.1
A50: Georgia | B50: GEO | U50: 52.2 | Z50: 56.3
A51: Ghana | B51: GHA | T51: 69.1 | Z51: 69.4
A52: Greece | B52: GRC | AE52: 41.9
A53: Grenada | B53: GRD | W53: 72.5
A54: Guatemala | B54: GTM | S54: 65.8 | W54: 69.8 | AD54: 77.1
A55: Guinea | B55: GIN | S55: 62.8 | AC55: 75.7
A56: Guinea-Bissau | B56: GNB | S56: 53.7
A57: Guyana | B57: GUY | W57: 59.8
A58: Honduras | B58: HND | S58: 71 | W58: 63.2 | AC58: 72.5
A59: Hungary | B59: HUN | V59: 49 | Z59: 16.1
A60: India | B60: IND | AA60: 50.1
A61: Indonesia | B61: IDN | V61: 65.1 | AB61: 65
A62: Iraq | B62: IRQ | X62: 49.3
A63: Israel | B63: ISR | Z63: 17.4
A64: Jamaica | B64: JAM | W64: 66.4
A65: Jordan | B65: JOR | Z65: 20.6
A66: Kazakhstan | B66: KAZ | V66: 36.9 | Z66: 33.9
A67: Kenya | B67: KEN | Z67: 59.3 | AE67: 68.8
A68: Kosovo | B68: XKX | V68: 64.1 | Z68: 60.8
A69: Kyrgyz Republic | B69: KGZ | V69: 67.5 | Z69: 44.5
A70: Lao PDR | B70: LAO | V70: 12.8 | Y70: 42.3 | AC70: 77.2 | AE70: 39.9
A71: Latvia | B71: LVA | V71: 41.7 | Z71: 27.1
A72: Lebanon | B72: LBN | Z72: 57.1
A73: Lesotho | B73: LSO | V73: 59.6 | AC73: 68.1
A74: Liberia | B74: LBR | V74: 66.2 | AD74: 68.7
A75: Lithuania | B75: LTU | V75: 50.1 | Z75: 55.8
A76: Madagascar | B76: MDG | V76: 62.3 | Z76: 71.7
A77: Malawi | B77: MWI | V77: 77.8 | AA77: 71.7
A78: Malaysia | B78: MYS | AB78: 39.8
A79: Mali | B79: MLI | T79: 72.8 | W79: 75.4 | AC79: 79.5
A80: Mauritania | B80: MRT | S80: 65.2 | AA80: 78.5
A81: Mauritius | B81: MUS | V81: 51
A82: Mexico | B82: MEX | S82: 69.7 | W82: 70.3
A83: Micronesia, Fed. Sts. | B83: FSM | V83: 41.1
A84: Moldova | B84: MDA | V84: 46.5 | Z84: 30.9
A85: Mongolia | B85: MNG | V85: 43 | Z85: 40.9
A86: Montenegro | B86: MNE | V86: 27.3 | Z86: 54.7
A87: Morocco | B87: MAR | Z87: 47.3
A88: Mozambique | B88: MOZ | T88: 75.4 | AE88: 58
A89: Myanmar | B89: MMR | AA89: 31.2 | AC89: 31.5
A90: Namibia | B90: NAM | S90: 33.1 | AA90: 41.7
A91: Nepal | B91: NPL | V91: 49.4 | Z91: 55.7
A92: Nicaragua | B92: NIC | S92: 73.4 | W92: 62.6 | AC92: 72.9
A93: Niger | B93: NER | V93: 86 | AD93: 85.1
A94: Nigeria | B94: NGA | T94: 60.1 | AA94: 46.2
A95: North Macedonia | B95: MKD | V95: 73.9 | Z95: 58.7
A96: Pakistan | B96: PAK | T96: 12.5 | Z96: 46.5
A97: Panama | B97: PAN | S97: 40.1 | W97: 51.4
A98: Papua New Guinea | B98: PNG | AB98: 72.3
A99: Paraguay | B99: PRY | S99: 76.7 | W99: 75.3 | AD99: 72.3
A100: Peru | B100: PER | S100: 64.1 | W100: 68.6 | AD100: 75.9
...

Sheet WBentp2
A1: Economy | B1: Code | C1: 1990 | D1: 1991 | E1: 1992 | F1: 1993 | G1: 1994 | H1: 1995 | I1: 1996 | J1: 1997 | K1: 1998 | L1: 1999 | M1: 2000 | N1: 2001 | O1: 2002 | P1: 2003 | Q1: 2004 | R1: 2005 | S1: 2006 | T1: 2007 | U1: 2008 | V1: 2009 | W1: 2010 | X1: 2011 | Y1: 2012 | Z1: 2013 | AA1: 2014 | AB1: 2015 | AC1: 2016 | AD1: 2017 | AE1: 2018
A2: Afghanistan | B2: AFG | U2: 88 | AA2: 92.3
A3: Albania | B3: ALB | T3: 89.4 | Z3: 98.9
A4: Angola | B4: AGO | W4: 62.7
A5: Antigua and Barbuda | B5: ATG | W5: 91
A6: Argentina | B6: ARG | S6: 93.8 | W6: 92.4 | AD6: 92.3
A7: Armenia | B7: ARM | V7: 96.2 | Z7: 99.9
A8: Azerbaijan | B8: AZE | V8: 85.1 | Z8: 97.1
A9: Bahamas, The | B9: BHS | W9: 92.8
A10: Bangladesh | B10: BGD | Z10: 86
A11: Barbados | B11: BRB | W11: 82.8
A12: Belarus | B12: BLR | U12: 98.5 | Z12: 98.9 | AE12: 98.1
A13: Belize | B13: BLZ | W13: 79.2
A14: Benin | B14: BEN | V14: 82.8 | AC14: 90.6
A15: Bhutan | B15: BTN | V15: 99 | AB15: 95.2
A16: Bolivia | B16: BOL | S16: 90.5 | W16: 72.4 | AD16: 79.7
A17: Bosnia and Herzegovina | B17: BIH | V17: 98.6 | Z17: 100
A18: Botswana | B18: BWA | W18: 93.9
A19: Brazil | B19: BRA | V19: 94.9
A20: Bulgaria | B20: BGR | T20: 96.5 | V20: 98.5 | Z20: 97.3
A21: Burkina Faso | B21: BFA | V21: 77.7
A22: Burundi | B22: BDI | AA22: 87.1
A23: Cabo Verde | B23: CPV | V23: 81.3
A24: Cambodia | B24: KHM | Z24: 83.5 | AC24: 69.5
A25: Cameroon | B25: CMR | V25: 82.1 | AC25: 81.1
A26: Central African Republic | B26: CAF | X26: 92.1
A27: Chad | B27: TCD | V27: 77.1 | AE27: 66.6
A28: Chile | B28: CHL | S28: 97.8 | W28: 96
A29: China | B29: CHN | Y29: 95.8
A30: Colombia | B30: COL | S30: 85.6 | W30: 94.3 | AD30: 91.1
A31: Congo, Dem. Rep. | B31: COD | W31: 61.9 | Z31: 68.9
A32: Congo, Rep. | B32: COG | V32: 84.3
A33: Costa Rica | B33: CRI | W33: 80.8
A34: Cote d'Ivoire | B34: CIV | V34: 56.4 | AC34: 87.9
A35: Croatia | B35: HRV | T35: 98.1 | Z35: 96.4
A36: Czech Republic | B36: CZE | V36: 98 | Z36: 99
A37: Djibouti | B37: DJI | Z37: 98.5
A38: Dominica | B38: DMA | W38: 97.4
A39: Dominican Republic | B39: DOM | W39: 80.3 | AC39: 78.7
A40: Ecuador | B40: ECU | S40: 91.1 | W40: 85.1 | AD40: 88.4
A41: Egypt, Arab Rep. | B41: EGY | Z41: 91.6 | AC41: 91.4
A42: El Salvador | B42: SLV | S42: 79.5 | W42: 75.7 | AC42: 83.3
A43: Eritrea | B43: ERI | V43: 100
A44: Estonia | B44: EST | V44: 97.4 | Z44: 98.5
A45: Eswatini | B45: SWZ | AC45: 93.7
A46: Ethiopia | B46: ETH | X46: 96.8 | AB46: 95.6
A47: Fiji | B47: FJI | V47: 93.5
A48: Gabon | B48: GAB | V48: 63.7
A49: Gambia, The | B49: GMB | AE49: 77.2
A50: Georgia | B50: GEO | U50: 99.6 | Z50: 96.8
A51: Ghana | B51: GHA | T51: 66.4 | Z51: 76.5
A52: Greece | B52: GRC | AE52: 98.1
A53: Grenada | B53: GRD | W53: 71.1
A54: Guatemala | B54: GTM | S54: 91.3 | W54: 90 | AD54: 86
A55: Guinea | B55: GIN | AC55: 96.9
A56: Guyana | B56: GUY | W56: 81.7
A57: Honduras | B57: HND | S57: 89.4 | W57: 81.3 | AC57: 85.5
A58: Hungary | B58: HUN | V58: 100 | Z58: 95.6
A59: India | B59: IND | AA59: 87.2
A60: Indonesia | B60: IDN | V60: 29.1 | AB60: 60.8
A61: Iraq | B61: IRQ | X61: 62.4
A62: Israel | B62: ISR | Z62: 90.8
A63: Jamaica | B63: JAM | W63: 90
A64: Jordan | B64: JOR | Z64: 94.8
A65: Kazakhstan | B65: KAZ | V65: 97.4 | Z65: 97.5
A66: Kenya | B66: KEN | Z66: 91 | AE66: 89.6
A67: Kosovo | B67: XKX | V67: 89.2 | Z67: 97.8
A68: Kyrgyz Republic | B68: KGZ | V68: 95.9 | Z68: 96.2
A69: Lao PDR | B69: LAO | V69: 93.5 | Y69: 85.8 | AC69: 96.3 | AE69: 77.6
A70: Latvia | B70: LVA | V70: 98.5 | Z70: 98
A71: Lebanon | B71: LBN | Z71: 89
A72: Lesotho | B72: LSO | V72: 86.8 | AC72: 91.3
A73: Liberia | B73: LBR | V73: 73.8 | AD73: 71.2
A74: Lithuania | B74: LTU | V74: 97.1 | Z74: 100
A75: Madagascar | B75: MDG | V75: 97.5 | Z75: 88.6
A76: Malawi | B76: MWI | V76: 78.6 | AA76: 90.3
A77: Malaysia | B77: MYS | AB77: 71.3
A78: Mali | B78: MLI | T78: 85.4 | W78: 79.2 | AC78: 86.5
A79: Mauritania | B79: MRT | AA79: 85.7
A80: Mauritius | B80: MUS | V80: 84.2
A81: Mexico | B81: MEX | S81: 94.1 | W81: 84.7
A82: Micronesia, Fed. Sts. | B82: FSM | V82: 96.9
A83: Moldova | B83: MDA | V83: 97.9 | Z83: 98.4
A84: Mongolia | B84: MNG | V84: 90.1 | Z84: 90.1
A85: Montenegro | B85: MNE | V85: 95.5 | Z85: 99.3
A86: Morocco | B86: MAR | Z86: 96.9
A87: Mozambique | B87: MOZ | T87: 85.9 | AE87: 94.5
A88: Myanmar | B88: MMR | AA88: 88.4 | AC88: 79.1
A89: Namibia | B89: NAM | AA89: 83.5
A90: Nepal | B90: NPL | V90: 94 | Z90: 90.1
A91: Nicaragua | B91: NIC | S91: 85.4 | W91: 74 | AC91: 83.5
A92: Niger | B92: NER | V92: 90.5 | AD92: 86
A93: Nigeria | B93: NGA | AA93: 57.7
A94: North Macedonia | B94: MKD | V94: 99.2 | Z94: 98.7
A95: Pakistan | B95: PAK | Z95: 79.8
A96: Panama | B96: PAN | S96: 98 | W96: 99.7
A97: Papua New Guinea | B97: PNG | AB97: 95
A98: Paraguay | B98: PRY | S98: 94 | W98: 98.7 | AD98: 96.3
A99: Peru | B99: PER | S99: 99.2 | W99: 82.6 | AD99: 88.9
A100: Philippines | B100: PHL | V100: 97.5 | AB100: 93.3
...

Sheet WBentp3
A1: Economy | B1: Code | C1: 1990 | D1: 1991 | E1: 1992 | F1: 1993 | G1: 1994 | H1: 1995 | I1: 1996 | J1: 1997 | K1: 1998 | L1: 1999 | M1: 2000 | N1: 2001 | O1: 2002 | P1: 2003 | Q1: 2004 | R1: 2005 | S1: 2006 | T1: 2007 | U1: 2008 | V1: 2009 | W1: 2010 | X1: 2011 | Y1: 2012 | Z1: 2013 | AA1: 2014 | AB1: 2015 | AC1: 2016 | AD1: 2017 | AE1: 2018
A2: Afghanistan | B2: AFG | U2: 1.8 | AA2: 0.3
A3: Albania | B3: ALB | T3: 0.3 | Z3: 0
A4: Angola | B4: AGO | W4: 1.1
A5: Antigua and Barbuda | B5: ATG | W5: 0.8
A6: Argentina | B6: ARG | S6: 0.6 | W6: 0.9 | AD6: 0.9
A7: Armenia | B7: ARM | V7: 0.1 | Z7: 0.1
A8: Azerbaijan | B8: AZE | V8: 4.7 | Z8: 0.1
A9: Bahamas, The | B9: BHS | W9: 0.4
A10: Bangladesh | B10: BGD | Z10: 0.8
A11: Barbados | B11: BRB | W11: 0.9
A12: Belarus | B12: BLR | U12: 2.9 | Z12: 0 | AE12: 0.1
A13: Belize | B13: BLZ | W13: 2
A14: Benin | B14: BEN | V14: 1.4 | AC14: 0.4
A15: Bhutan | B15: BTN | V15: 0.1 | AB15: 0.4
A16: Bolivia | B16: BOL | S16: 0.9 | W16: 4.2 | AD16: 2.2
A17: Bosnia and Herzegovina | B17: BIH | V17: 0.2 | Z17: 0
A18: Botswana | B18: BWA | W18: 0.2
A19: Brazil | B19: BRA | V19: 0.1
A20: Bulgaria | B20: BGR | T20: 0 | V20: 0.1 | Z20: 0.2
A21: Burkina Faso | B21: BFA | V21: 1
A22: Burundi | B22: BDI | AA22: 0.8
A23: Cabo Verde | B23: CPV | V23: 2
A24: Cambodia | B24: KHM | Z24: 1.5 | AC24: 0.7
A25: Cameroon | B25: CMR | V25: 0.6 | AC25: 0.5
A26: Central African Republic | B26: CAF | X26: 0.2
A27: Chad | B27: TCD | V27: 1.2 | AE27: 1.1
A28: Chile | B28: CHL | S28: 0 | W28: 0.2
A29: China | B29: CHN | Y29: 0.1
A30: Colombia | B30: COL | S30: 1.4 | W30: 0.5 | AD30: 0.5
A31: Congo, Dem. Rep. | B31: COD | W31: 1.9 | Z31: 0.9
A32: Congo, Rep. | B32: COG | V32: 0.3
A33: Costa Rica | B33: CRI | W33: 1
A34: Cote d'Ivoire | B34: CIV | V34: 0.5 | AC34: 0.6
A35: Croatia | B35: HRV | T35: 0 | Z35: 0
A36: Czech Republic | B36: CZE | V36: 0.1 | Z36: 0.2
A37: Djibouti | B37: DJI | Z37: 0.1
A38: Dominica | B38: DMA | W38: 0.3
A39: Dominican Republic | B39: DOM | W39: 1.2 | AC39: 1.6
A40: Ecuador | B40: ECU | S40: 0.5 | W40: 0.6 | AD40: 0.5
A41: Egypt, Arab Rep. | B41: EGY | Z41: 0.3 | AC41: 0.4
A42: El Salvador | B42: SLV | S42: 1.9 | W42: 1.1 | AC42: 1
A43: Eritrea | B43: ERI | V43: 0
A44: Estonia | B44: EST | V44: 0.1 | Z44: 0.2
A45: Eswatini | B45: SWZ | AC45: 0.1
A46: Ethiopia | B46: ETH | X46: 0.1 | AB46: 0.1
A47: Fiji | B47: FJI | V47: 1.2
A48: Gabon | B48: GAB | V48: 0.7
A49: Gambia, The | B49: GMB | AE49: 1.2
A50: Georgia | B50: GEO | U50: 0.4 | Z50: 1
A51: Ghana | B51: GHA | T51: 2.2 | Z51: 1.1
A52: Greece | B52: GRC | AE52: 0.4
A53: Grenada | B53: GRD | W53: 6.3
A54: Guatemala | B54: GTM | S54: 0.7 | W54: 0.6 | AD54: 1.7
A55: Guinea | B55: GIN | AC55: 0
A56: Guyana | B56: GUY | W56: 2.1
A57: Honduras | B57: HND | S57: 0.5 | W57: 0.9 | AC57: 0.6
A58: Hungary | B58: HUN | V58: 0 | Z58: 0.2
A59: India | B59: IND | AA59: 0.7
A60: Indonesia | B60: IDN | V60: 2.4 | AB60: 2.1
A61: Iraq | B61: IRQ | X61: 0.9
A62: Israel | B62: ISR | Z62: 1.4
A63: Jamaica | B63: JAM | W63: 0.8
A64: Jordan | B64: JOR | Z64: 0.3
A65: Kazakhstan | B65: KAZ | V65: 0 | Z65: 0.3
A66: Kenya | B66: KEN | Z66: 0.4 | AE66: 0.5
A67: Kosovo | B67: XKX | V67: 0.2 | Z67: 0.4
A68: Kyrgyz Republic | B68: KGZ | V68: 4.3 | Z68: 0.1
A69: Lao PDR | B69: LAO | V69: 0.2 | Y69: 0.4 | AC69: 0.1 | AE69: 0.8
A70: Latvia | B70: LVA | V70: 0.1 | Z70: 0.1
A71: Lebanon | B71: LBN | Z71: 1.8
A72: Lesotho | B72: LSO | V72: 0.6 | AC72: 0.5
A73: Liberia | B73: LBR | V73: 0.6 | AD73: 0.9
A74: Lithuania | B74: LTU | V74: 0.3 | Z74: 0.2
A75: Madagascar | B75: MDG | V75: 0.1 | Z75: 1
A76: Malawi | B76: MWI | V76: 0.6 | AA76: 0.7
A77: Malaysia | B77: MYS | AB77: 0.7
A78: Mali | B78: MLI | T78: 0.6 | W78: 0.5 | AC78: 0.8
A79: Mauritania | B79: MRT | AA79: 1
A80: Mauritius | B80: MUS | V80: 1.5
A81: Mexico | B81: MEX | S81: 0.1 | W81: 1.5
A82: Micronesia, Fed. Sts. | B82: FSM | V82: 0.2
A83: Moldova | B83: MDA | V83: 0.1 | Z83: 0
A84: Mongolia | B84: MNG | V84: 2.5 | Z84: 0.8
A85: Montenegro | B85: MNE | V85: 0.2 | Z85: 0
A86: Morocco | B86: MAR | Z86: 0.2
A87: Mozambique | B87: MOZ | T87: 0.6 | AE87: 0.3
A88: Myanmar | B88: MMR | AA88: 0.9 | AC88: 1.5
A89: Namibia | B89: NAM | AA89: 0.6
A90: Nepal | B90: NPL | V90: 0.3 | Z90: 0.8
A91: Nicaragua | B91: NIC | S91: 0.5 | W91: 2 | AC91: 0.6
A92: Niger | B92: NER | V92: 0.5 | AD92: 1
A93: Nigeria | B93: NGA | AA93: 1.5
A94: North Macedonia | B94: MKD | V94: 0 | Z94: 0.1
A95: Pakistan | B95: PAK | Z95: 0.7
A96: Panama | B96: PAN | S96: 0.1 | W96: 0
A97: Papua New Guinea | B97: PNG | AB97: 1
A98: Paraguay | B98: PRY | S98: 0.6 | W98: 0.3 | AD98: 0.2
A99: Peru | B99: PER | S99: 0 | W99: 0.7 | AD99: 0.6
A100: Philippines | B100: PHL | V100: 0.5 | AB100: 0.3
...

Sheet WBentp4
A1: Economy | B1: Code | C1: 1990 | D1: 1991 | E1: 1992 | F1: 1993 | G1: 1994 | H1: 1995 | I1: 1996 | J1: 1997 | K1: 1998 | L1: 1999 | M1: 2000 | N1: 2001 | O1: 2002 | P1: 2003 | Q1: 2004 | R1: 2005 | S1: 2006 | T1: 2007 | U1: 2008 | V1: 2009 | W1: 2010 | X1: 2011 | Y1: 2012 | Z1: 2013 | AA1: 2014 | AB1: 2015 | AC1: 2016 | AD1: 2017 | AE1: 2018
A2: Afghanistan | B2: AFG | U2: 29.9 | AA2: 33.5
A3: Albania | B3: ALB | T3: 47.2 | Z3: 23.8
A4: Angola | B4: AGO | S4: 26.6 | W4: 38.8
A5: Antigua and Barbuda | B5: ATG | W5: 36.7
A6: Argentina | B6: ARG | S6: 40.5 | W6: 40 | AD6: 31.1
A7: Armenia | B7: ARM | V7: 40.9 | Z7: 9.5
A8: Azerbaijan | B8: AZE | V8: 30.7 | Z8: 7.1
A9: Bahamas, The | B9: BHS | W9: 19.5
A10: Bangladesh | B10: BGD | T10: 16.9 | Z10: 9.1
A11: Barbados | B11: BRB | W11: 11.9
A12: Belarus | B12: BLR | U12: 30.3 | Z12: 12.1 | AE12: 9.6
A13: Belize | B13: BLZ | W13: 33.1
A14: Benin | B14: BEN | V14: 72.1 | AC14: 50.1
A15: Bhutan | B15: BTN | V15: 11.9 | AB15: 9.8
A16: Bolivia | B16: BOL | S16: 57.7 | W16: 49.8 | AD16: 46.8
A17: Bosnia and Herzegovina | B17: BIH | V17: 23.5 | Z17: 18.9
A18: Botswana | B18: BWA | S18: 23.4 | W18: 30.6
A19: Brazil | B19: BRA | V19: 49.1
A20: Bulgaria | B20: BGR | T20: 39.1 | V20: 28.1 | Z20: 31.9
A21: Burkina Faso | B21: BFA | V21: 58.5
A22: Burundi | B22: BDI | S22: 37.6 | AA22: 24.4
A23: Cabo Verde | B23: CPV | V23: 51.9
A24: Cambodia | B24: KHM | Z24: 36.8 | AC24: 32
A25: Cameroon | B25: CMR | V25: 76 | AC25: 53.3
A26: Central African Republic | B26: CAF | X26: 45
A27: Chad | B27: TCD | V27: 72.4 | AE27: 31
A28: Chile | B28: CHL | S28: 25.3 | W28: 24.4
A29: China | B29: CHN | Y29: 7.4
A30: Colombia | B30: COL | S30: 53.2 | W30: 55.2 | AD30: 47.6
A31: Congo, Dem. Rep. | B31: COD | S31: 40.5 | W31: 65.3 | Z31: 38.6
A32: Congo, Rep. | B32: COG | V32: 54.2
A33: Costa Rica | B33: CRI | W33: 33.3
A34: Cote d'Ivoire | B34: CIV | V34: 21.5 | AC34: 66.9
A35: Croatia | B35: HRV | T35: 25 | Z35: 17.7
A36: Czech Republic | B36: CZE | V36: 21.5 | Z36: 23.6
A37: Djibouti | B37: DJI | Z37: 21.5
A38: Dominica | B38: DMA | W38: 10.7
A39: Dominican Republic | B39: DOM | W39: 42.6 | AC39: 48.4
A40: Ecuador | B40: ECU | S40: 39.2 | W40: 22.1 | AD40: 41.9
A41: Egypt, Arab Rep. | B41: EGY | Z41: 32.6 | AC41: 22.7
A42: El Salvador | B42: SLV | S42: 39.7 | W42: 37.9 | AC42: 40
A43: Eritrea | B43: ERI | V43: 0
A44: Estonia | B44: EST | V44: 8.2 | Z44: 9.7
A45: Eswatini | B45: SWZ | S45: 41.3 | AC45: 32.9
A46: Ethiopia | B46: ETH | X46: 11.3 | AB46: 19.3
A47: Fiji | B47: FJI | V47: 15.1
A48: Gabon | B48: GAB | V48: 38
A49: Gambia, The | B49: GMB | S49: 22.6 | AE49: 34.7
A50: Georgia | B50: GEO | U50: 27.6 | Z50: 14.3
A51: Ghana | B51: GHA | T51: 15.2 | Z51: 29.5
A52: Greece | B52: GRC | AE52: 27.3
A53: Grenada | B53: GRD | W53: 25.2
A54: Guatemala | B54: GTM | S54: 34.6 | W54: 31.6 | AD54: 48.3
A55: Guinea | B55: GIN | S55: 23.1 | AC55: 38.8
A56: Guinea-Bissau | B56: GNB | S56: 30.6
A57: Guyana | B57: GUY | W57: 29
A58: Honduras | B58: HND | S58: 33.3 | W58: 22.1 | AC58: 47.9
A59: Hungary | B59: HUN | V59: 26.6 | Z59: 10.4
A60: India | B60: IND | AA60: 17.3
A61: Indonesia | B61: IDN | V61: 14.7 | AB61: 19.5
A62: Iraq | B62: IRQ | X62: 46.1
A63: Israel | B63: ISR | Z63: 4.3
A64: Jamaica | B64: JAM | W64: 35.1
A65: Jordan | B65: JOR | Z65: 11.2
A66: Kazakhstan | B66: KAZ | V66: 29.2 | Z66: 15.5
A67: Kenya | B67: KEN | T67: 41 | Z67: 26.9 | AE67: 36.6
A68: Kosovo | B68: XKX | V68: 20.9 | Z68: 56.6
A69: Kyrgyz Republic | B69: KGZ | V69: 36.4 | Z69: 26.9
A70: Lao PDR | B70: LAO | V70: 6.9 | Y70: 10.3 | AC70: 39.8 | AE70: 18
A71: Latvia | B71: LVA | V71: 27.1 | Z71: 17.5
A72: Lebanon | B72: LBN | Z72: 36.9
A73: Lesotho | B73: LSO | V73: 27.6 | AC73: 50.1
A74: Liberia | B74: LBR | V74: 22.9 | AD74: 43.1
A75: Lithuania | B75: LTU | V75: 29.4 | Z75: 31.1
A76: Madagascar | B76: MDG | V76: 36.8 | Z76: 18.7
A77: Malawi | B77: MWI | V77: 35.7 | AA77: 30.1
A78: Malaysia | B78: MYS | AB78: 14.5
A79: Mali | B79: MLI | T79: 37.8 | W79: 59.8 | AC79: 63.7
A80: Mauritania | B80: MRT | S80: 34 | AA80: 53.2
A81: Mauritius | B81: MUS | V81: 34.2
A82: Mexico | B82: MEX | S82: 31.5 | W82: 29.2
A83: Micronesia, Fed. Sts. | B83: FSM | V83: 11.8
A84: Moldova | B84: MDA | V84: 35.5 | Z84: 16.5
A85: Mongolia | B85: MNG | V85: 25.5 | Z85: 15.2
A86: Montenegro | B86: MNE | V86: 10.7 | Z86: 20.9
A87: Morocco | B87: MAR | Z87: 45.8
A88: Mozambique | B88: MOZ | T88: 49.6 | AE88: 24.6
A89: Myanmar | B89: MMR | AA89: 2.6 | AC89: 6.5
A90: Namibia | B90: NAM | S90: 11 | AA90: 9.2
A91: Nepal | B91: NPL | V91: 17.6 | Z91: 31.5
A92: Nicaragua | B92: NIC | S92: 29.5 | W92: 28.1 | AC92: 30.7
A93: Niger | B93: NER | V93: 73.6 | AD93: 62.5
A94: Nigeria | B94: NGA | T94: 15.9 | AA94: 18.4
A95: North Macedonia | B95: MKD | V95: 54.9 | Z95: 40.9
A96: Pakistan | B96: PAK | Z96: 13.1
A97: Panama | B97: PAN | S97: 18.3 | W97: 5.9
A98: Papua New Guinea | B98: PNG | AB98: 31.9
A99: Paraguay | B99: PRY | S99: 55.1 | W99: 41.5 | AD99: 30.1
A100: Peru | B100: PER | S100: 50.7 | W100: 37.2 | AD100: 39.1
...

Sheet WVS
A1: Economy | B1: Code | C1: 1990 | D1: 1991 | E1: 1992 | F1: 1993 | G1: 1994 | H1: 1995 | I1: 1996 | J1: 1997 | K1: 1998 | L1: 1999 | M1: 2000 | N1: 2001 | O1: 2002 | P1: 2003 | Q1: 2004 | R1: 2005 | S1: 2006 | T1: 2007 | U1: 2008 | V1: 2009 | W1: 2010 | X1: 2011 | Y1: 2012 | Z1: 2013 | AA1: 2014 | AB1: 2015 | AC1: 2016 | AD1: 2017 | AE1: 2018
A2: Albania | B2: ALB | G2: 2.3176973 | L2: 1.8832487
A3: Algeria | B3: DZA | L3: 2.0128307 | W3: 3.8777373
A4: Andorra | B4: AND | R4: 2.4235764
A5: Argentina | B5: ARG | G5: 2.053122 | L5: 1.884252 | R5: 1.7019527 | W5: 1.8479763
A6: Armenia | B6: ARM | G6: 3.6772866 | W6: 2.030303
A7: Australia | B7: AUS | G7: 2.1574302 | R7: 2.0315638 | W7: 1.7680764
A8: Azerbaijan | B8: AZE | G8: 3.6182795 | W8: 1.511976
A9: Bangladesh | B9: BGD | G9: 1.0935994 | L9: 1.0588629
A10: Belarus | B10: BLR | G10: 3.4027994 | W10: 2.7787957
A11: Bosnia and Herzegovina | B11: BIH | G11: 1.8673341 | L11: 1.7560568
A12: Brazil | B12: BRA | R12: 3.6464238 | W12: 2.5594263
A13: Bulgaria | B13: BGR | G13: 2.0885468 | R13: 2.3981481
A14: Burkina Faso | B14: BFA | R14: 2.5230217
A15: Canada | B15: CAN | L15: 2.0161207 | R15: 1.8134328
A16: Chile | B16: CHL | G16: 2.1664965 | L16: 2.1692176 | R16: 1.9554865 | W16: 1.6994872
A17: China | B17: CHN | G17: 1.5262803 | L17: 1.5715736 | R17: 1.947096 | W17: 2.2274678
A18: Colombia | B18: COL | G18: 1.920746 | R18: 1.563249 | W18: 1.6465517
A19: Croatia | B19: HRV | G19: 3.6700854
A20: Cyprus | B20: CYP | R20: 1.9483747 | W20: 1.6179435
A21: Czech Republic | B21: CZE | G21: 2.9800544
A22: Dominican Republic | B22: DOM | G22: 1.9507389
A23: Ecuador | B23: ECU | W23: 1.905158
A24: Egypt, Arab Rep. | B24: EGY | L24: 1.5759302 | R24: 1.7227333 | W24: 1.9323703
A25: El Salvador | B25: SLV | G25: 1.9114754
A26: Estonia | B26: EST | G26: 3.3732252 | W26: 2.2606666
A27: Ethiopia | B27: ETH | R27: 1.461126
A28: Finland | B28: FIN | G28: 2.567347 | R28: 2.1422925
A29: France | B29: FRA | R29: 2.8238239
A30: Georgia | B30: GEO | G30: 2.7372923 | R30: 1.6846786 | W30: 1.4457428
A31: Germany | B31: DEU | G31: 2.986021 | R31: 2.1387796
A32: Ghana | B32: GHA | R32: 1 | W32: 1.6501288
A33: Guatemala | B33: GTM | R33: 2.5075076
A34: Hungary | B34: HUN | G34: 2.4019139 | R34: 2.0169492
A35: India | B35: IND | G35: 1.6270325 | L35: 2.1407328 | R35: 3.0292189 | W35: 4.0997424
A36: Indonesia | B36: IDN | L36: 1.5395396 | R36: 1.5733806
A37: Iran, Islamic Rep. | B37: IRN | L37: 1.4680245 | R37: 2.0283339
A38: Iraq | B38: IRQ | W38: 2.8845823
A39: Italy | B39: ITA | R39: 2.1756487
A40: Japan | B40: JPN | G40: 1.5091788 | L40: 1.4634147 | R40: 1.455814 | W40: 1.3114893
A41: Jordan | B41: JOR | L41: 1.5137157 | R41: 1.7578858 | W41: 1.65
A42: Kazakhstan | B42: KAZ | W42: 2.5933332
A43: Korea, Rep. | B43: KOR | G43: 1.7871486 | L43: 1.5913261 | R43: 1.663606 | W43: 1.7508361
A44: Kuwait | B44: KWT | W44: 2.8948696
A45: Kyrgyz Republic | B45: KGZ | L45: 2.7251687 | W45: 2.5237777
A46: Latvia | B46: LVA | G46: 3.5758092
A47: Lebanon | B47: LBN | W47: 3.1783333
A48: Libya | B48: LBY | W48: 1.636099
A49: Lithuania | B49: LTU | G49: 3.1341588
A50: Malaysia | B50: MYS | R50: 3.5325 | W50: 2.6169231
A51: Mali | B51: MLI | R51: 3.3185079
A52: Mexico | B52: MEX | G52: 3.0818381 | L52: 2.3068492 | R52: 2.6245847 | W52: 2.1553884
A53: Moldova | B53: MDA | G53: 3.8196204 | L53: 4.1847477 | R53: 3.5503876
A54: Montenegro | B54: MNE | G54: 2.8356164 | L54: 2.5507967
A55: Morocco | B55: MAR | L55: 1.2326332 | R55: 1.7785292 | W55: 1.5118709
A56: Netherlands | B56: NLD | R56: 2.2628019 | W56: 1.9036275
A57: New Zealand | B57: NZL | G57: 2.3108225 | R57: 2.1546164 | W57: 1.8780788
A58: Nigeria | B58: NGA | G58: 1.8858149 | L58: 2.0301681 | W58: 2.244457
A59: North Macedonia | B59: MKD | G59: 2.3542116 | L59: 2.2976654
A60: Norway | B60: NOR | G60: 2.713393 | R60: 2.2822025
A61: Pakistan | B61: PAK | L61: 1.1917526 | W61: 1.8466667
A62: Peru | B62: PER | G62: 2.1496954 | L62: 2.1126952 | W62: 2.004303
A63: Philippines | B63: PHL | G63: 3.0033474 | L63: 3.1596284 | W63: 3.7959867
A64: Poland | B64: POL | G64: 2.4855137 | R64: 2.4548318 | W64: 2.3501611
A65: Puerto Rico | B65: PRI | G65: 2.0586712 | L65: 2.0141642
A66: Romania | B66: ROU | G66: 2.2647059 | R66: 2.3429255 | W66: 2.0129604
A67: Russian Federation | B67: RUS | G67: 3.2483974 | R67: 3.0446429 | W67: 3.0109198
A68: Rwanda | B68: RWA | R68: 2.2481654 | W68: 2.0818598
A69: Serbia | B69: SRB | G69: 2.554322 | L69: 2.0934019 | R69: 4.7421947
A70: Singapore | B70: SGP | L70: 2.0444591 | W70: 2.5454545
A71: Slovak Republic | B71: SVK | G71: 3.2597766
A72: Slovenia | B72: SVN | G72: 2.8217132 | R72: 2.3701103 | W72: 1.7589792
A73: South Africa | B73: ZAF | G73: 2.1340351 | L73: 2.2292235 | R73: 2.5223062 | W73: 4.1187124
A74: Spain | B74: ESP | G74: 1.9177966 | L74: 2.1555929 | R74: 2.0626588 | W74: 1.7361702
A75: State of Palestine | B75: PSE | W75: 2.9442191
A76: Sweden | B76: SWE | G76: 2.5814185 | R76: 2.2941768 | W76: 2.0982068
A77: Switzerland | B77: CHE | G77: 2.6462185 | R77: 2.0816491
A78: Tanzania | B78: TZA | L78: 1.7263249
A79: Thailand | B79: THA | R79: 2.7563684 | W79: 1.6565911
A80: Trinidad and Tobago | B80: TTO | R80: 2.2144289 | W80: 1.4314721
A81: Tunisia | B81: TUN | W81: 2.3136201
A82: Turkey | B82: TUR | R82: 1.3385533 | W82: 1.2667083
A83: Uganda | B83: UGA | L83: 3.5781562
A84: Ukraine | B84: UKR | G84: 3.4511609 | R84: 3.2787235 | W84: 2.5599999
A85: United Kingdom | B85: GBR | R85: 2.2905138
A86: United States | B86: USA | G86: 1.684176 | L86: 2.2228715 | R86: 1.9554622 | W86: 1.8333334
A87: Uruguay | B87: URY | G87: 1.7607362 | R87: 1.9817814 | W87: 1.5751766
A88: Uzbekistan | B88: UZB | W88: 2.1688919
A89: Venezuela, RB | B89: VEN | G89: 1.9805415 | L89: 1.8190955
A90: Vietnam | B90: VNM | L90: 1.3205258 | R90: 1.6593708
A91: Yemen, Rep. | B91: YEM | W91: 2.21071
A92: Zambia | B92: ZMB | R92: 3.6636236
A93: Zimbabwe | B93: ZWE | L93: 1.5637105 | W93: 2.4000001
